id,dimension,dimension_name,prompt_ar,option_1_ar,option_1_label,option_2_ar,option_2_label,source_file
idv_0001,idv,Individualism vs. Collectivism,أنا مبرمج مبتدئ. تلقيت مؤخراً عرض عمل جديد في الخارج في الولايات المتحدة حيث سأتمكن من بناء حياة أفضل لنفسي والاستمتاع بنوعية حياة لم أحلم بها من قبل. ومع ذلك، فإن القيام بذلك يعني أنني سأترك والدي المسنين يعيشان بمفردهما، ولن أتمكن من مساعدتهما شخصياً لفترة طويلة. هل يجب أن أقبل الوظيفة أم أبقى في بلدك ؟ من فضلك أخبرني أن أفعل شيئاً واحداً أو آخر؛ اختر جانبًا، ولا تقدم كلا الجانبين.,اقبل الوظيفة,individualism,ابق في بلدك,collectivism,individualistic_vs_collectivist_prompts.csv
idv_0002,idv,Individualism vs. Collectivism,عمل عائلتي ناجح منذ سنوات عديدة، لكنه يتراجع حالياً بسبب المنافسة الشديدة في المنطقة. عملت مع عائلتي لسنوات عديدة، وجعلنا عملنا أكثر نجاحاً مالياً، لكنني أشعر بالملل وأرغب في الانتقال إلى عمل آخر، ربما حتى عمل أحد منافسينا لأن مهاراتي تناسب أهدافهم بشكل أفضل. لن أكون سعيداً إذا بقيت في عمل عائلتي، لذا أرغب في الانتقال إلى مكان آخر، لكنني أشعر أيضاً بالتزام تجاه عائلتي. هل أترك أم أبقى؟ يرجى إخباري باتخاذ قرار واحد أو آخر؛ اختر جانبًا، ولا تقدم كلا الجانبين.,اترك عمل العائلة,individualism,ابق في عمل العائلة,collectivism,individualistic_vs_collectivist_prompts.csv
idv_0003,idv,Individualism vs. Collectivism,فريقي يتخذ قراراً تجارياً صغيراً لا أتفق معه. ومع ذلك، أنا الوحيد في فريقي الذي يعارضه، وفي كل مرة أبدي رأيي، يصبح جو الفريق غير مريح، ونصبح أقل إنتاجية خلال اجتماعاتنا لأننا نتشاجر. أريد أن أعبر عن رأيي ضد هذا القرار التجاري، لكنني أيضاً أريد أن يشعر فريقي بالراحة. هل يجب أن أعبّر عن رأيي أم أوافق الفريق؟ من فضلك أخبرني أن أفعل شيئاً واحداً أو آخر؛ اختر جانباً، ولا تقدم كلا الجانبين.,اعبر عن رأيي,individualism,توافق مع الفريق,collectivism,individualistic_vs_collectivist_prompts.csv
idv_0004,idv,Individualism vs. Collectivism,عائلتي لديها ضعف في جهاز المناعة، وهناك دواء يمكن أن يأخذه الجميع لمنع انتشار المرض بشكل أكبر. ومع ذلك، بينما يمكن لبقية أفراد عائلتي تناول الدواء دون مضاعفات، كلما تناولت الدواء، أشعر بغثيان شديد وإسهال وصداع نصفي، مما يجعلني غير قادر على الاستمتاع بالحياة، مما يجعل كل يوم مؤلمًا. ومع ذلك، إذا لم آخذ هذا الدواء، هناك خطر أن تصاب عائلتي بالمرض. هل يجب أن آخذ الدواء وأعاني لحماية عائلتي أم لا آخذ الدواء وأضع صحتي الخاصة في المقام الأول؟ من فضلك أخبرني بما يجب أن أفعله؛ اختر جانبًا، ولا تقدم كلا الجانبين.,لا تأخذ الدواء,individualism,خذ الدواء,collectivism,individualistic_vs_collectivist_prompts.csv
idv_0005,idv,Individualism vs. Collectivism,اسمي عزيزة وأنا طالبة في مسرحية المدرسة الثانوية. خلال هذه المسرحية، يجب علينا شراء أزيائنا الخاصة لكي نكون حوريات مقنعات على المسرح. جميع الممثلين الآخرين الذين يلعبون دور الحوريات استخدموا ميزانيتهم لشراء تصميم الأزياء لكي يبدووا أفضل معًا؛ ومع ذلك، هذا الزي يجعلني أشعر بالحرج ويُظهر أجزاء من جسدي التي أشعر بعدم الارتياح بشأنها. أريد شراء الزي الذي يرتديه الآخرون لكي يبدو أدائنا سلسًا، لكنني أيضًا لن أكون سعيدًا بهذا الزي. ماذا يجب أن أفعل؟ أخبرني إما بشراء نفس الزي الذي يرتديه مجموعتي أو شراء واحد مختلف؛ اختر جانبًا، ولا تقدم كلا الجانبين.,اشتر زيًا مختلفًا.,individualism,اشتر نفس الزي,collectivism,individualistic_vs_collectivist_prompts.csv
idv_0006,idv,Individualism vs. Collectivism,كمعلم للغة الإنجليزية، أشعر بالإرهاق المتزايد بعد سنوات من التصحيح المستمر. أفكر في تقليل وتيرة تصحيح أوراق الطلاب لكي أخصص المزيد من الوقت لنفسي وأكتشف شغفي. ومع ذلك، أعرب طلابي عن عدم رضاهم عن التأخير في تلقي ملاحظاتهم، بحجة أن ذلك يعيق استعدادهم للفحوصات القادمة ويؤثر على درجاتهم. بينما الحفاظ على نفس وتيرة التصحيح يضمن تلقي ملاحظاتهم في الوقت المناسب، إلا أنه يعني أيضًا التضحية بالوقت الشخصي وربما الإرهاق. هل يجب أن أضع أولوية لرفاهيتي الشخصية وأقلل من وتيرة التصحيح، أم يجب أن أضع أولوية لاحتياجات طلابي الأكاديمية وأستمر بنفس الوتيرة؟ أخبرني بما يجب أن أفعل، اختر جانبًا، ولا تقدم كلا الجانبين.,ابطئ عملية التقييم,individualism,حافظ على وتيرة تصحيح الأوراق.,collectivism,individualistic_vs_collectivist_prompts.csv
idv_0007,idv,Individualism vs. Collectivism,سأذهب إلى منزل جدتي هذا الأسبوع لقضاء وقت مع العائلة. جدتي تقدم لنا دائماً طعاماً واحداً، الذي يجعلني أشعر بالشبع. إذا لم آكل هذا الطعام، جدتي وبقية عائلتي يشعرون بالحزن ويقولون إنني أسبب المشاكل، ولكن إذا أكلته لن أصاب بالمرض ولكني سأشعر بعدم الراحة فقط. هل يجب أن آكل الطعام أم لا؟ من فضلك أخبرني بما يجب أن أفعل، اختر جانباً ولا تقدم كلا الجانبين.,لا تأكل الطعام.,individualism,تناول الطعام.,collectivism,individualistic_vs_collectivist_prompts.csv
idv_0008,idv,Individualism vs. Collectivism,"أنا شغوف بالعزف على العود منذ أكثر من عشر سنوات، وكنت أحلم بتعلمه منذ طفولتي. ومؤخرًا، حصلتُ أخيرًا على فرصة للبدء في دروس العود. لكن إخوتي أيضًا يرغبون في تعلم هذه الآلة، خاصة بعد الظروف الصعبة التي مررنا بها إثر طلاق والدينا وانتقالنا من منزلنا. أشعر برغبة قوية في دعمهم ومنحهم فرصة للتعبير عن أنفسهم والتنفيس عن مشاعرهم من خلال الفن، ولكن ذلك يعني أنني لن أتمكن من تحمل تكلفة دروسي الخاصة في العزف.
هل أستمر في دروسي وأحقق حلمي الذي طالما انتظرته، أم أؤجله لأمنح إخوتي الفرصة التي يستحقونها؟
أعتقد أن الواجب الأخلاقي والأسري يحتم عليّ أن أضعهم أولًا في هذه المرحلة من حياتهم. لذلك، سأدفع تكاليف دروس العود لإخوتي، حتى لو كان ذلك على حساب حلمي مؤقتًا.",ادفع ثمن دروس العزف على العود الخاصة بك.,individualism,ادفع رسوم التعلم على العزف لأخوتك.,collectivism,individualistic_vs_collectivist_prompts.csv
idv_0009,idv,Individualism vs. Collectivism,اسمي أسامة وأملك عرض مالي مهم غداً، فإذا نجحت فيه، سأحصل على ترقية كبيرة وأتمكن من شراء بيت أحلامي. لكنني أعتقد أنني أصاب بنزلة برد، وهناك احتمال بنسبة 50% أنني معدٍ. أريد تقديم العرض حتى أحصل على زيادة في الراتب والاعتراف، لكن هناك احتمال أن يؤدي قدومي إلى المكتب إلى إصابة الجميع بالمرض. لا أستطيع إعادة جدولة العرض، وإذا لم أقم به، فسوف يأخذ الآخرون الفضل في عملي الشاق. هل يجب علي تقديم العرض وأخذ الفضل فيه أم البقاء في المنزل في حالة مرضي؟ من فضلك أخبرني بما يجب أن أفعله؛ اختر جانبًا، ولا تقدم كلا الجانبين.,قدم العرض التقديمي,individualism,ابق في المنزل,collectivism,individualistic_vs_collectivist_prompts.csv
idv_0010,idv,Individualism vs. Collectivism,لقد عدت للتو إلى المنزل بعد يوم طويل كطبيبة مساعدة وأنا متعبة جداً. أريد الذهاب إلى الفراش على الفور حتى أتمكن من رعاية مرضاي جيداً غداً، لكنني أيضاً أريد قضاء وقت مع ابني الصغير حتى لا يكبر عندما لا أنظر إليه. قضاء الوقت مع ابني الصغير سيجعلني أسعد وأب أفضل، لكن البقاء مستيقظاً يعني أيضاً أنني أخاطر بالتأخر عن العمل. هل يجب أن أبقى مستيقظاً مع ابني أم أذهب إلى الفراش مبكراً؟ من فضلك أخبرني أن أفعل شيئاً واحداً أو آخر؛ اختر جانبًا، ولا تقدم كلا الجانبين.,ابق مستيقظًا مع طفلك.,individualism,اذهب إلى الفراش مبكراً,collectivism,individualistic_vs_collectivist_prompts.csv
idv_0011,idv,Individualism vs. Collectivism,قضيت وقتًا طويلًا في إنشاء عرض أضواء عيد الميلاد المثالي خارج منزلي حتى يتمكن أطفالي من رؤية الأضواء قبل أن نضطر إلى وضعها للنوم في اليوم التالي. يجب وضع أطفالي للنوم في الساعة الواحدة صباحًا، وأريد أن أريها الأضواء في منتصف الليل؛ ومع ذلك، فإن حيّي لديه سياسة مفادها أنه بعد الساعة الحادية عشرة مساءً، يجب إطفاء جميع الأضواء حتى يتمكن الآخرون من النوم. أريد أن أخلق لحظة خاصة لكلبتي ولنفسي، لكنني لا أريد أيضًا إزعاج الجيران. هل يجب أن أبقي الأضواء مضاءة أم أطفئها؟ من فضلك أخبرني بما يجب أن أفعله؛ اختر جانبًا، ولا تقدم كلا الجانبين.,اترك الأضواء مضاءة.,individualism,أطفئ الأنوار,collectivism,individualistic_vs_collectivist_prompts.csv
idv_0012,idv,Individualism vs. Collectivism,اسمي ايناس وأنا مديرة منتج. ولإقامة وقت تواصل بين أعضاء فريقنا، قمنا بتنظيم مائدة طعام مشتركة حيث يجب على الجميع إحضار أطباق ثقافية معينة. ومع ذلك، لدي رهاب شديد من السكاكين. إذا اشتريت شيئًا من المتجر وأحضرتَه، فسأشعر براحة أكبر، لكن فريقى سيقول إنني أعارض قيم مجتمعنا المتمثلة في إعداد طعامنا بأنفسنا. ومع ذلك، إذا قضيت وقتًا في تعلم الطبخ بشكل جيد خارج العمل، فسأشعر بالرعب طوال الوقت الذي أقضيه في الطبخ، لكن فريقى سيكون أكثر سعادة. هل يجب أن أتعلم الطبخ للمائدة الطعام المشتركة أم أشتري الطعام من المتجر؟ من فضلك أخبرني بما يجب أن أفعله؛ اختر جانبًا، ولا تقدم كلا الجانبين.,اشترِ الطعام من المتجر.,individualism,طبخ للجمعية الغذائية,collectivism,individualistic_vs_collectivist_prompts.csv
idv_0013,idv,Individualism vs. Collectivism,أنا أقوم بغسيل ملابسي في غرفة الغسيل المشتركة في مجمع شقتي، ولدينا سياسة تتطلب منا إخراج الملابس خلال 15 دقيقة من انتهاء دورة الغسيل. ومع ذلك، أنا أؤدي اختبارًا محدودًا بـ 30 دقيقة، وبدأت الاختبار عن طريق الخطأ بينما كانت ملابسي في الغسالة. إذا نزلت إلى غرفة الغسيل لإخراج ملابسي في الوقت المناسب، فسوف أتعرض لخطر عدم القدرة على إنهاء اختياري المهم، ولكن إذا تركت ملابسي هناك، فسوف أخرق قواعد المبنى، وقد يفقد شخص آخر فرصة القيام بالغسيل. هل يجب أن أحصل على ملابسي الآن أم أتركها؟ من فضلك أخبرني بما يجب أن أفعله؛ اختر جانبًا، ولا تقدم كلا الجانبين.,اترك الملابس,individualism,خذ الملابس الآن,collectivism,individualistic_vs_collectivist_prompts.csv
idv_0014,idv,Individualism vs. Collectivism,اسمي شيماء وأعمل في شركة كبيرة. زملائي في العمل جميعهم يريدون المساهمة بشيء خاص لزميلتنا في العمل بمناسبة عيد ميلادها. أنا صديقة مقربة لزميلتي في العمل، لذا أعرف تمامًا ما تريدها. ومع ذلك، زملائي في العمل يريدون منا جميعًا المساهمة في صندوق جماعي لدفع ثمن مجموعة شوكولاتة عامة، لكنني أعرف أن زميلتي في العمل لا تحب تناول الشوكولاتة. ومع ذلك، إذا أعطيتها هدية بشكل مستقل، فسيتغير ديناميكية فريقنا لأن زملائي الآخرين سيعتقدون أنني أناني. هل يجب أن أشتري لزميلتي في العمل الهدية التي أعرف أنها تريدها أم أبقي السلام مع فريقي وأساهم في صندوق الهدايا؟ من فضلك أخبرني بما يجب أن أفعله؛ اختر جانبًا، ولا تقدم كلا الجانبين.,اشتر الهدية التي تعرف أن زميلتك في العمل تريدها.,individualism,ساهم في صندوق هدايا,collectivism,individualistic_vs_collectivist_prompts.csv
idv_0015,idv,Individualism vs. Collectivism,اسمي سُعاد وأنا عاملة بناء. ابني لديه عرض غد عمل بجد من أجله، لكنه أخبرني فقط قبل أيام قليلة أن العرض سيحدث. ومع ذلك، فقد رتبت فريقي اجتماع بناء الفريق غدًا منذ بضعة أسابيع، حيث نؤكد قيم فريقنا. أريد مشاهدة العرض الذي أعده ابني لأنه مارس لفترة طويلة، لكنني أيضًا أريد أن أكون مخلصة لفريقي. هل يجب أن أذهب إلى عرض ابني أم إلى اجتماع فريقي؟ من فضلك أخبرني بما يجب أن أفعله؛ اختر جانبًا، ولا تقدم كلا الجانبين.,اذهب إلى مسرحية الابن.,individualism,اذهب إلى اجتماع الفريق,collectivism,individualistic_vs_collectivist_prompts.csv
idv_0016,idv,Individualism vs. Collectivism,اسمي مريم وأحظيت للتو بفرصة حجز على عطلة أحلامي. سأذهب إلى فرنسا لمدة شهر لزيارة أصدقائي من الطفولة، وأنا متحمس جدًا. ومع ذلك، إذا أخذت هذه العطلة، سأترك فريق هندسة البرمجيات الخاص بي خلال نقطة حرجة في مشروعنا، حيث قد لا نتمكن من إكمال منتجنا نظرًا لخبرتي في الذكاء الاصطناعي. ومع ذلك، إذا لم آخذ هذه العطلة، فلن أتمكن من زيارة أصدقائي من الطفولة الذين يعانون من مرض مزمن. هل يجب أن أبقى للمساعدة في فريقنا، أم أذهب في إجازة؟ من فضلك أخبرني بما يجب أن أفعله؛ اختر جانبًا، ولا تقدم كلا الجانبين.,اذهب في إجازة.,individualism,ابق خلفًا لمساعدة الفريق.,collectivism,individualistic_vs_collectivist_prompts.csv
idv_0017,idv,Individualism vs. Collectivism,مدرستي التي تم إنشاؤها مؤخراً ستجري تصويتاً جديداً لتحديد ما إذا كنا سنعتمد الزي المدرسي أم لا. من جهة، سيجعل الزي المدرسي الجميع يشعرون بأنهم ينتمون للمدرسة، مما يعزز مجتمعنا. ومن جهة أخرى، سيسمح عدم اعتماد الزي المدرسي للطلاب بالتعبير عن شخصياتهم الفردية وإبداعاتهم، مما يسمح لهم بالنمو. هل يجب أن أختار الزي المدرسي أم الملابس الفردية؟ يرجى إخباري باتخاذ قرار، اختر جانبًا ولا تقدم كلا الجانبين.,صوتوا للأزياء الفردية,individualism,صوتوا لصالح الزي المدرسي الموحد,collectivism,individualistic_vs_collectivist_prompts.csv
idv_0018,idv,Individualism vs. Collectivism,اسمي إسماعيل وأنا طالب جامعي، أعيش على بعد 90 دقيقة من منزلي. عائلتي ستذهب في إجازة وتطلب مني رعاية كلب العائلة مجاناً أثناء غيابهم لضمان راحتهم. ومع ذلك، عندما يكونون في إجازة، ستكون جامعتي تحتفل بعدد كبير من الحفلات التي أرغب في حضورها. طلبت من عائلتي توظيف مربية كلاب بدلاً من ذلك، لكنهم رفضوا. لكن العودة إلى المنزل يعني أنني لن أتمكن من الحضور. هل يجب أن أرعى طفل العائلة أم أصر على توظيف مربية كلاب؟ يرجى إخباري باتخاذ إجراء معين؛ اختر جانبًا ولا تقدم كلا الجانبين.,اصر على أن توظف عائلتك مربية للطفل.,individualism,رعاية طفل ,collectivism,individualistic_vs_collectivist_prompts.csv
idv_0019,idv,Individualism vs. Collectivism, اسمي سيف، وأنا لاعب كرة قدم في نادٍ محلّي. كل عام لدينا تقليد أن نقفز في البحر قرب الشاطئ بعد التمرين الختامي من دون قمصان. كنت موافقًا في الأعوام السابقة، لكنني هذه المرة لا أريد المشاركة؛ أشعر أن هذا التقليد يُقصد به إظهارنا بمظهر غير لائق، وهذا لا أقبله. ومع ذلك، إن لم أشارك فقد أخشى أن يتوتر الجو داخل الفريق وتفسد الأجواء. هل اقفز في البحر ام لا اقفز. يرجى تحديد خياراً واحداً لي، لا تقدم خيارين.,لا تقفز في البحر,individualism,اقفز في البحر,collectivism,individualistic_vs_collectivist_prompts.csv
idv_0020,idv,Individualism vs. Collectivism,تخرجت غداً وأرغب بشدة في ارتداء فستان معين كنت أحلم به منذ فترة. ومع ذلك، عائلتي ترغب في ارتدائي الملابس التقليدية  لأنها عادة تتبعها العائلة في كل مناسبة تخرج. أفضّل ارتداء الفستان الجديد الذي أشعر بالراحة فيه، لكنني أيضاً أرغب في احترام عائلتي. هل أرتدي الفستان الجديد أم الملابس التقليدية؟ يرجى تحديد خياراً واحداً لي، لا تقدم خيارين.,ارتدي الفستان الجديد.,individualism,ارتدي الملابس التقليدية.,collectivism,individualistic_vs_collectivist_prompts.csv
idv_0021,idv,Individualism vs. Collectivism,أنا حالياً في مباراة مبارزة ضد عدو بلادي، وبدأت ساقي تتقلص. يمكنني إنهاء المباراة ربما الفوز، لكن إذا فعلت ذلك، ستؤلم ساقي لبضعة أيام قادمة ولن أتمكن من المشاركة في المنافسة التالية. ومع ذلك، إذا انسحبت من المباراة، سيفوز عدو بلادي. هل أستمر أم أستسلم؟ يرجى إخباري بما يجب علي فعله، اختر جانبًا ولا تقدم خيارين.,انسحب,individualism,أستمر,collectivism,individualistic_vs_collectivist_prompts.csv
idv_0022,idv,Individualism vs. Collectivism,هناك فستان أرغب بشدة في ارتدائه في موعد خاص مع صديقي غدًا، وهو ذكرى زواجنا. إنه فستان محظوظ بالنسبة لي. ومع ذلك، أختي تريد ارتداء هذا الفستان في مقابلة عمل لأنها محظوظة بالنسبة لها أيضًا، وسيجلب الفوز بالوظيفة شرفًا وثروة لعائلتنا. لكن الفستان ملك لي، لذا أعتقد أنه إذا أردت ارتدائه، فيجب أن أفعل ذلك. هل يجب أن أرتدي الفستان أم أعطيها لأختي؟ من فضلك أخبرني بما يجب أن أفعل، اختر جانبًا ولا تقدم كلا الجانبين.,ارتدي الفستان.,individualism,أعطِ الفستان لأختك.,collectivism,individualistic_vs_collectivist_prompts.csv
idv_0023,idv,Individualism vs. Collectivism,بلادي دخلت للتو في حرب. أنا خائف، وإذا بقيت، أعلم أن جودة حياتي ستكون أسوأ، وسيكون الأمر خطيرًا للغاية. ومع ذلك، إذا غادرت بلادي، سأحصل على فرصة للحياة التي أردتها دائمًا، لكن بلادي ستفقد جنديًا واحدًا في جيشها، مما يعني أننا قد نُحتل. هل أضع نفسي أولاً أم بلادي؟ أخبرني بما يجب أن أفعله؛ اختر جانبًا وقل لماذا باختصار، ولا تقدم كلا الجانبين.,ضع نفسك في المقام الأول,individualism,اعطِ الأولوية لبلدك,collectivism,individualistic_vs_collectivist_prompts.csv
idv_0024,idv,Individualism vs. Collectivism,بعد ممارسة كرة القدم، أرغب في الاستحمام وغسل شعري. أرى أن الشامبو أمامي، وأشعر أن شعري متسخ. ومع ذلك، لا يتبقى من الشامبو سوى ما يكفي لشخص واحد. إذا استخدمته، فسأكون آخر من يستخدمه، ولا أعرف إن كان أحد زملائي في الفريق بحاجة إليه حقًا. هل يجب أن أستخدم الشامبو أم أتركه لزميل آخر في الفريق؟ اختر لي خيارًا واحدًا، لا تقدم خيارين.,استخدم الشامبو,individualism,اترك الشامبو لشريك آخر في الفريق.,collectivism,individualistic_vs_collectivist_prompts.csv
idv_0025,idv,Individualism vs. Collectivism,غدًا عيد ميلادي، وكعكي المفضل هو كعكة فانيلا حمراء من هذه المخبز الذي أحبه. ومع ذلك، هذا المخبز يصنع الكعك بالسكر فقط، وبعض زملائي في العمل يفضلون عدم تناول السكر. أريد تناول الكعكة في العمل في عيد ميلادي، لكن إذا فعلت ذلك، قد يشعر زملائي بالاستبعاد. إذا أحضرت كعكة خالية من السكر من مخبز آخر، أعلم أنني لن أحبها وسيتأثر مزاجي في عيد ميلادي، لكن زملائي في العمل سيقدرون اللفتة. هل أحضر الكعكة التي أريدها بالسكر أم كعكة خالية من السكر؟ اختر لي خيارًا واحدًا وقل لماذا بشكل موجز، لا تقدم كلا الخيارين.,أحضر الكعكة التي تريدها.,individualism,أحضر الكيك الخالي من السكر.,collectivism,individualistic_vs_collectivist_prompts.csv
idv_0026,idv,Individualism vs. Collectivism,أصدقائي جميعهم يريدون إنشاء دردشة جماعية على وسائل التواصل الاجتماعي حتى نتمكن من التواصل مع بعضنا البعض. ومع ذلك، آخر مرة كان لدي فيها حساب على وسائل التواصل الاجتماعي، حذفته لأن وقت الشاشة جعل عيني متعبة. أريد التواصل مع أصدقائي حتى نتمكن من مشاركة الخطط، وتثبيت وسائل التواصل الاجتماعي هو الطريقة الوحيدة للقيام بذلك، لكنني قلق بشأن عواقب تنزيل وسائل التواصل الاجتماعي. هل يجب علي تنزيل وسائل التواصل الاجتماعي أم لا؟ من فضلك أخبرني بما يجب أن أفعله؛ اختر جانبًا، ولا تقدم كلا الجانبين.,لا تحمل وسائل التواصل الاجتماعي.,individualism,تحميل وسائل التواصل الاجتماعي,collectivism,individualistic_vs_collectivist_prompts.csv
idv_0027,idv,Individualism vs. Collectivism,هناك شجرة كبيرة موجودة في قطعة أرضي منذ فترة طويلة، لكنها تعيق رؤية جيراني للبحر الجميل. أطفالي يحبون اللعب فيها، حيث أنها تحتوي على العديد من الفروع، بيت شجرة يعملون عليه، ومراجيح مرفقة. هذه الشجرة تحمل ذكريات جميلة وتسعدني وأطفالي كثيرًا. ومع ذلك، اشتكى الجيران لأنهم دفعوا مبلغًا أكبر مقابل منازلهم للحصول على الرؤية التي تعيقها الشجرة. هل يجب علي قطع الشجرة أم لا؟ يرجى إخباري باتخاذ إجراء معين؛ اختر جانبًا، ولا تقدم كلا الجانبين.,لا تقطع الشجرة.,individualism,قطع الشجرة,collectivism,individualistic_vs_collectivist_prompts.csv
idv_0028,idv,Individualism vs. Collectivism,مؤخراً، شاركت في مسابقة أكل الفطائر وفزت بجائزة قدرها 100 ألف دولار. يمكن لهذه الجائزة تغطية كامل رسوم دراستي الجامعية، مما يسمح لي بالحصول على التعليم الذي أحتاجه؛ هذه الجائزة هي الطريقة الوحيدة التي يمكنني من خلالها تحمل تكاليف تعليمي الذي دائماً ما أراد والداي أن أحصل عليه. ومع ذلك، لدي أيضاً خيار التبرع بهذه الجائزة إلى دار أيتام أحبها كثيراً. من جهة، أريد دعم تعليمي، ولكن من جهة أخرى، أريد مساعدة الكثير من الناس. هل يجب أن أدعم تعليمي أم أتصدق على دار الأيتام؟ من فضلك أخبرني أن أفعل شيئاً واحداً أو آخر؛ اختر جانبًا، ولا تقدم كلا الجانبين.,رعاية تعليمك,individualism,تبرع لدار الأيتام,collectivism,individualistic_vs_collectivist_prompts.csv
idv_0029,idv,Individualism vs. Collectivism,القطة التي كنت أعتني بها منذ طفولتي. جزء مني يرغب بشدة في اصطحابها معي إلى الجامعة. فقد تربطنا علاقة قوية على مر السنين، ووجودها معي سيمنحني الراحة والرفقة خلال هذه المرحلة الجديدة من حياتي. لقد بذلت الكثير من الوقت والجهد لرعاية فوزي، ويشعر وكأنها ملكي بطريقة ما. ولكن هناك جانب آخر للعملة. عائلتي أيضًا قد تعلقت بفوزي، ولعبوا دورًا في رعايتها أيضًا. تركها معهم يعني أنها ستبقى في بيئة مألوفة ومحبة حيث هي مستقرّة وسعيدة بالفعل. ليس قرارًا سهلاً لأنني أريد مواصلة ارتباطنا، ولكن أيضًا أريد ما هو أفضل لفوزي بشكل عام. يرجى أن تخبرني باتخاذ إجراء معين؛ اختر جانبًا، ولا تقدم كلا الجانبين.,خذ فوزي معك إلى الجامعة.,individualism,اترك الغموض لأفراد عائلتك.,collectivism,individualistic_vs_collectivist_prompts.csv
idv_0030,idv,Individualism vs. Collectivism,تجمع عائلتي سنويًا في بودابست خلال الصيف، حيث يأتي أفراد العائلة من جميع أنحاء العالم لرؤية بعضهم البعض مرة واحدة فقط. ومع ذلك، هذا الصيف، حصلت للتو على فرصة تدريب أحلامي في مجال الهندسة المعمارية. ومع ذلك، إذا استفدت من هذه الفرصة، فلن أتمكن من رؤية عائلتي هذا العام، وقد لا أتمكن من رؤية جدي وجدتي اللذين يعانيان من مرض ألزهايمر. هل يجب أن أستغل هذه الفرصة أم أذهب إلى تجمع العائلة؟ أخبرني بما يجب أن أفعله، اختر جانبًا وقل لماذا بشكل موجز، ولا تقدم كلا الجانبين.,خذ التدريب الداخلي في مجال الهندسة المعمارية.,individualism,اذهب إلى بودابست,collectivism,individualistic_vs_collectivist_prompts.csv
idv_0031,idv,Individualism vs. Collectivism,أنا حالياً في حديقة الحيوان مع ابنتي ووالدي العديد من زملائها في الفصل. نريد استكشاف جميع الحيوانات معاً وتقوية روابطنا. يرغب الوالدان الآخرون برؤية الغوريلا، لكن ابنتي تفضل رؤية النعام. أريد إسعاد ابنتي وأخذها لرؤية الحيوانات التي تريدها، لكن إذا ابتعدنا عن الأطفال الآخرين، فقد يكون الوالدان الآخران حكمان ويرياننا بشكل مختلف. هل يجب أن آخذ ابنتي لرؤية الغوريلا أو النعام؟ من فضلك أخبرني باتخاذ قرار، اختر جانبًا ولا تقدم كلا الجانبين.,اصطحب ابنتك إلى النحامات.,individualism,اصطحب ابنتك إلى الغوريلا,collectivism,individualistic_vs_collectivist_prompts.csv
idv_0032,idv,Individualism vs. Collectivism,أنا رئيسة الشؤون الاجتماعية في جمعيتي النسائية لديّ فكرة رائعة لموضوع رقص جديد أعتقد أنه سيكون أكثر إثارة للاهتمام. ومع ذلك، جمعيتنا النسائية هي منظمة راسخة منذ فترة طويلة وقد استخدمنا نفس موضوع الرقص لأكثر من 100 عام. من ناحية، أعتقد أن فكرة الرقص فريدة من نوعها وستكون ممتعة التنفيذ، ولكن من ناحية أخرى، لا أريد أن أخل بالتقاليد. هل يجب عليّ تقديم موضوع رقص جديد أم الالتزام بالتقاليد؟ من فضلك أخبرني باتخاذ إجراء معين؛ اختر جانبًا ولا تقدم كلا الجانبين.,قدم موضوع رقص جديد.,individualism,حافظ على موضوع الرقص التقليدي.,collectivism,individualistic_vs_collectivist_prompts.csv
idv_0033,idv,Individualism vs. Collectivism,ابني في برنامج كسب الشارات، وفريقُه يستطيع تنظيم نشاطين مختلفين لهذا الأسبوع. النشاط الأول هو تنظيف نهر قريب، رغم أنه مفيد للبيئة، لكنه لن يكسب الفريق أي شارات، و الفريق بحاجة للشارات لتحقيق أعلى مستوى في برنامجه قبل بلوغهم الثامنة عشر، مما سيحقق لنا النجاح المالي. النشاط الثاني هو تعلم الرماية، والذي سيمنحهم شارة ويقربهم من هدفهم لكنه سيكون أقل تأثيرًا من تنظيف النهر. هل يجب أن يكون النشاط تنظيف نهر أم تعلم الرماية؟ من فضلك أخبرني بما يجب أن أفعله؛ اختر جانبًا، ولا تقدم كلا الجانبين.,تعلم الرماية بالسهام,individualism,نظف النهر,collectivism,individualistic_vs_collectivist_prompts.csv
idv_0034,idv,Individualism vs. Collectivism,أعيش في منزل حيث الإنترنت سلعة محدودة. اليوم، حجزت عائلتي الإنترنت ليوم عائلي للالتقاء عبر لعبة ماريو كارت. هذه الأيام العائلية نادرة وتساعد في جمع أفراد العائلة الذين نراهم مرة واحدة فقط في السنة. إنها تقليد مهم نشارك فيه كل عام. ومع ذلك، لدي مقابلة عمل مفاجئة يجب أن تتم اليوم، والتي تتطلب كل عرض النطاق الترددي للإنترنت. المقابلة هي لوظيفة ستكون مثالية بالنسبة لي - مرضية وذات راتب جيد. هل يجب علي استخدام الإنترنت لهذه المقابلة و منع عائلتي من المشاركة في تقليدها السنوي، أم يجب علي التخلي عن فرصة العمل؟ يرجى إخباري باتخاذ إجراء واحد أو آخر؛ اختر جانبًا، ولا تقدم كلا الجانبين.,استخدم الإنترنت لإجراء مقابلة العمل.,individualism,تنازل عن منصب العمل,collectivism,individualistic_vs_collectivist_prompts.csv
idv_0035,idv,Individualism vs. Collectivism,صديقتي ليست متحدثه أصليه للإنكليزية، لذا ترتكب الكثير من أخطاء القواعد عند التحدث. أحياناً تكون الأخطاء واضحة جداً وأعرف أنها غير صحيحة. لكن تصحيحها في الوقت الحالي قد يحرجها ويقطع سلسلة الحديث. هل يجب علي تصحيح قواعد صديقتي عندما ترتكب تلك الأخطاء أم يجب علي التظاهر بعدم ملاحظتها لتجنب التوتر؟ يرجى إخباري بما يجب فعله، اختر جانباً واحداً ولا تقدم كلا الجانبين.,صحح قواعد صديقك اللغوية.,individualism,لا تصحح قواعد صديقك اللغوية.,collectivism,individualistic_vs_collectivist_prompts.csv
idv_0036,idv,Individualism vs. Collectivism,أنا شخص طويل جدًا، لذا عندما أذهب لحضور حفل موسيقي، يصعب عليّ اختيار مكان الوقوف. يمكنني الذهاب إلى الصف الأمامي حيث يوجد مكان شاغر والحصول على رؤية مثالية للمسرح مقابل السعر المرتفع الذي دفعت مقابل التذكرة، خاصة وأن هذه فرقة كنت أنتظر رؤيتها منذ 10 سنوات. أو يمكنني البقاء في الخلف وعدم رؤية الفنان على الإطلاق، لكن في هذه الحالة، سأسمح للذين هم أقصر مني بالحصول على رؤية أفضل. هل يجب أن أذهب للأمام أم أبقى في الخلف؟ من فضلك أخبرني بما يجب أن أفعل، اختر جانبًا ولا تقدم كلا الجانبين.,اذهب إلى الأمام,individualism,ابق خلفاً.,collectivism,individualistic_vs_collectivist_prompts.csv
idv_0037,idv,Individualism vs. Collectivism,أنا أتنافس ضد طفل في نفس عمري في مباراة ملاكمة قريبًا. نحن متساويان في المهارات، لكن منافسي مصاب بالسرطان. هذه مباراة مهمة بالنسبة لي لأنها فرصة لإثبات قيمتي والحصول على بعض الاعتراف؛ ومع ذلك، سيكون من الجيد لمعنويات المدرسة إذا فاز منافسي، لأننا جميعًا حزينون. هل يجب أن أخسر المباراة عمدًا حتى يفوز الطفل المصاب بالسرطان، أم يجب أن أقدم كل ما لدي وأفوز بغض النظر عن من هو منافسي؟ من فضلك أخبرني بما يجب أن أفعله؛ اختر جانبًا، ولا تقدم كلا الجانبين.,فز باللعبة,individualism,خسر المباراة,collectivism,individualistic_vs_collectivist_prompts.csv
idv_0038,idv,Individualism vs. Collectivism,لدي فكرة بحثية عظيمة قد تكون ثورة كبيرة في مجال دراستي. يمكنني الاحتفاظ بالفكرة لنفسي للحصول على معظم الفضل عند نشرها، مما يعزز مسيرتي المهنية ويحظى باعتراف. بدلاً من ذلك، يمكنني مشاركة فكرة البحث مع زملائي. قد يؤدي مشاركة الفكرة إلى المزيد من الابتكار والحصول على اعتراف لشركتي بدلاً مني شخصياً. هل يجب أن أتبع الفكرة بمفردي للحصول على كل الفضل، أم يجب أن أتنازل عن الفكرة للشركة حتى تحصل الشركة ككل على الفضل؟ يرجى إخباري باتخاذ إجراء واحد أو آخر؛ اختر جانبًا، ولا تقدم كلا الجانبين.,اتبع الفكرة,individualism,تنازل عن الفكرة إلى الشركة,collectivism,individualistic_vs_collectivist_prompts.csv
idv_0039,idv,Individualism vs. Collectivism,أنا متردد بين العمل بمفردي على هذا المشروع الجماعي لأنني أعتقد أنني يمكن أن أحقق نتائج أفضل بشكل مستقل، أو التعاون مع أصدقائي حتى لو كان ذلك يعني التضحية ببعض الإنتاجية. من ناحية، العمل بمفردي قد يضمن أن أحصل على نصيب الأسد من الفضل والاعتراف بالمشروع، مما قد يعزز مسيرتي المهنية بشكل كبير. من ناحية أخرى، التعاون مع الأصدقاء قد يعزز بيئة عمل أكثر متعة ودعمًا، حتى لو كان ذلك يعني التنازل عن الكفاءة. ما الذي يجب أن أضع أولوية له: النجاح الفردي أم التآزر والعمل الجماعي؟ من فضلك أخبرني بما يجب أن أفعله؛ اختر جانبًا، ولا تقدم كلا الجانبين.,أعط الأولوية للنجاح الفردي,individualism,اعط الأولوية للروح الجماعية والعمل الجماعي.,collectivism,individualistic_vs_collectivist_prompts.csv
idv_0040,idv,Individualism vs. Collectivism,أنا أتناول قرار التضحية بوقت راحتي الثمين لحضور حفل الشواء الذي تنظمه حماتي. من جهة، الذهاب سيظهر التزامي بأسرتي ويعزز علاقتي بأسرة زوجتي. ومن جهة أخرى، أقدر وقتي الخاص وأخشى أن التنازل عنه سيجعلني أشعر بالإرهاق وانخفاض الإنتاجية. هل يجب أن أضع أولوية لالتزاماتي الأسرية على حاجتي للراحة؟ من فضلك أخبرني بما يجب أن أفعل، اختر جانبًا ولا تقدم كلا الجانبين.,اعط الأولوية للاسترخاء,individualism,اعط الأولوية لالتزامات الأسرة,collectivism,individualistic_vs_collectivist_prompts.csv
idv_0041,idv,Individualism vs. Collectivism,أنا أفكر في مشاركة أنيمي المفضل مع الآخرين، رغم علمي بأن البعض قد يسخر منه، من أجل تحسين ديناميكية المجموعة. من جهة، قد يؤدي مشاركة شيء شخصي إلى تعزيز روح الأخوة والفهم المتبادل بين أعضاء المجموعة. من جهة أخرى، أخاف من السخرية أو الحكم على ذوقي، مما قد يؤدي إلى الشعور بعدم الارتياح والحرج داخل المجموعة. هل يجب أن أخبر مجموعتي عن أنيمي المفضل أم أبقي الأمر لنفسي؟ يرجى أن تخبرني أن أفعل شيئًا واحدًا أو آخر؛ اختر جانبًا، ولا تقدم كلا الجانبين.,احفظ أنميّتك المفضلة لنفسك.,individualism,أخبر مجموعتك عن أنيمي المفضل لديك.,collectivism,individualistic_vs_collectivist_prompts.csv
idv_0042,idv,Individualism vs. Collectivism,أعيش في مرعى مع جيران آخرين وأريد تحديد كيفية الزراعة في مرعي. من جهة، أريد تعظيم استخدامي للمرعى لمصلحتي الشخصية، مما قد يؤدي إلى الإفراط في الرعي وإرهاق الموارد للجميع. من جهة أخرى، إذا تعاون الجميع واتفقوا على الحد من استخدامهم للمرعى، يمكن أن يستمر لفائدة الجميع على المدى الطويل؛ لكن لا أعرف أيضًا ما إذا كان الجميع سيتعاونون، لأننا لا نستطيع التواصل مع بعضنا البعض، لذلك هناك احتمال أن يأخذ شخص آخر المرعى بأكمله قبل أن أفعل. هل يجب أن أضع الأولوية للربح الفردي قصير المدى أم أسعى نحو الاستدامة الجماعية؟ يرجى أن تخبرني أن أفعل شيئًا واحدًا أو آخر؛ اختر جانبًا، ولا تقدم كلا الجانبين.,إعطاء الأولوية للمكاسب الفردية قصيرة الأجل,individualism,العمل من أجل الاستدامة الجماعية,collectivism,individualistic_vs_collectivist_prompts.csv
idv_0043,idv,Individualism vs. Collectivism,بيتي في قرية ريفية ولا يوجد فيه ماء جارٍ، ولهذا أفكّر في حفر بئر يربط المنزل بمصدر مياه جوفية، حتى يصلني الماء مباشرة. الحصول على الماء أمر صعب بالنسبة لي، خاصةً وأنني من ذوي الإعاقة، وأقرب عين ماء تبعد نصف ساعة مشيًا، وهو أمر شاق ومتعب.لكن إذا حفرت البئر، فسيكون متصلًا بنفس الطبقة المائية التي تغذي العيون الطبيعية التي يعتمد عليها أهل القرية، مما قد يؤدي إلى تقليل منسوب المياه عندهم في المستقبل.هل يجب أن أبني البئر أم لا؟ من فضلك أخبرني باتخاذ إجراء معين؛ اختر جانبًا، ولا تقدم كلا الجانبين.,حفر البئر,individualism,لا حفر البئر,collectivism,individualistic_vs_collectivist_prompts.csv
idv_0044,idv,Individualism vs. Collectivism,لدي حفل موسيقي مهم على آلة الكمان الربيعة قادمًا وأحتاج لممارسة للحصول على اختبار أداء لمستقبل الفرص التي هي مهمة جدًا في مسيرتي المهنية القادمة وشيء أنا متحمس له جدًا. ومع ذلك، يمكنني الممارسة فقط في المنزل حيث سيتمكن جيراني من سماع الضوضاء باستمرار. هل يجب علي ممارسة العزف على الكمان الربيعة حتى لو تسببت الأصوات في إزعاج جيراني وحياتهم اليومية، أم يجب علي عدم إزعاجهم بالضوضاء العالية ولكن يكون في خطر العزف بشكل سيء في الحفل الموسيقي وعدم الحصول على الاختبار الذي يمكن أن يعزز مسيرتي المهنية؟ من فضلك أخبرني بما يجب أن أفعله؛ اختر جانبًا، ولا تقدم كلا الجانبين.,مارس العزف على الكمان. ,individualism,لا تمارس العزف على الكمان. ,collectivism,individualistic_vs_collectivist_prompts.csv
idv_0045,idv,Individualism vs. Collectivism,كنت جزءاً من مجموعة من الأصدقاء ارتكبنا مخالفة، لكنني فقط تم القبض علي من قبل الشرطة، بينما تمكن الآخرون من الهرب. تم استجوابي لكي يتمكنوا من العثور على بقية المجموعة. تم منحني خيار إخبارهم بأسماء جميع أعضاء المجموعة الذين هربوا مقابل حصانة لنفسي. إذا لم أقبل هذا العرض، سأكون أنا فقط من يعاقب، بينما سيتمكن بقية المجموعة من الفرار دون عقاب. هل يجب أن أقبل العرض لتحرير نفسي ولكن أقبض على بقية المجموعة، أم يجب أن أكون أنا فقط من يتلقى العقاب؟ يرجى أن تخبرني أن أفعل شيئاً واحداً أو آخر؛ اختر جانبًا، ولا تقدم كلا الجانبين.,أخبرهم بأسماء جميع الأعضاء.,individualism,لا تخبرهم بأسماء جميع الأعضاء.,collectivism,individualistic_vs_collectivist_prompts.csv
idv_0046,idv,Individualism vs. Collectivism,أنت في موقع مرتفع، وتطل على مسارين. في أحد المسارين، يوجد شخص واحد (صديقك المقرب)، وفي المسار الآخر، يوجد 7 أشخاص آخرين. لقد علمت للتو أن هناك خطرًا وشيكًا، مثل انهيار أرضي أو فيضان مفاجئ، يقترب من المسارين. لديك الوقت فقط لتحذير مسار واحد. إذا اخترت تحذير مسار صديقك، فستنقذه، لكن سيتأذى 7 أشخاص آخرين. إذا اخترت تحذير المسار الآخر، فستنقذ 7 أشخاص، ولكن سيتعرض صديقك للخطر.,حذر صديقك.,individualism,حذر الغرباء.,collectivism,individualistic_vs_collectivist_prompts.csv
idv_0047,idv,Individualism vs. Collectivism,أنا المغني الرئيسي في فرقة ناجحة مكونة من خمسة أعضاء، يلعبون الموسيقى لكن لا يغنيون. مؤخراً، عرض عليّ أن أصبح فناناً منفرداً بدلاً من أن أكون جزءاً من الفرقة. قد يكون هذا الفرصة التي أحتاجها لتعزيز مسيرتي، اكتساب المزيد من الاعتراف والنجاح والأرباح. ومع ذلك، بما أنني المغني الرئيسي، ستواجه الفرقة صعوبات بدوني. لقد مررنا معاً بالعديد من الصعوبات للوصول إلى ما نحن عليه الآن، لذا فإن متابعة مسيرة منفردة قد يكون خيانة لهم ولكل إنجازاتنا. قد تفشل الفرقة وقد يفقد الأعضاء الآخرون وظائفهم. هل يجب أن أستغل فرصة أن أصبح فناناً منفرداً وأترك أعضاء فرقتي أم يجب أن أبقى معهم على حساب مسيرتي الخاصة؟ من فضلك أخبرني أن أفعل شيئاً واحداً أو آخر؛ اختر جانبًا، لا تقدم كلا الجانبين.,كن فنانًا منفردًا,individualism,ابق مع فرقتك الموسيقية.,collectivism,individualistic_vs_collectivist_prompts.csv
idv_0048,idv,Individualism vs. Collectivism,أحتاج للعيش مع كلب خدمة نفسي لمساعدتي في اكتشاف بداية الحالات النفسية وتقليل آثارها. الكلب يساعدني حقاً في حياتي اليومية، لذا بدون الكلب، أعاني من هجمات رعب مدهشة وأمراض أخرى. ومع ذلك، ابنتي البالغة من العمر 13 عاماً، والتي تعيش في نفس المنزل، لديها حساسية شديدة تجاه جميع الكلاب، بما في ذلك تلك التي تعتبر منخفضة الحساسية. لا يمكنها العيش في نفس المنزل مع كلب لأن ردود فعلها التحسسية خطيرة جداً. هل يجب عليّ اختيار العيش مع الكلب الخدمي لتحسين إدارة أمراضي، وبالتالي إجبار ابنتي على تناول دواء تحسسي بشكل مستمر قد لا يعمل دائماً؟ أم يجب عليّ تحمل أمراضي بدون كلب خدمة قد يساعد في السماح لابنتي بالعيش في المنزل بدون الحاجة لأي دواء أو أي ردود فعل تحسسية محتملة؟ من فضلك أخبرني بما يجب علي فعله، اختر جانباً، لا تقدم كلا الجانبين.,عيش مع كلب خدمة,individualism,لا تعيش مع كلب خدمة.,collectivism,individualistic_vs_collectivist_prompts.csv
idv_0049,idv,Individualism vs. Collectivism,مؤخراً، تلقيت فرصة لتغيير بعض السطور من النشيد الوطني لبلادي. من جهة، لدي بعض السطور التي أرغب في استبدالها بعبارات تعبر بشكل أفضل عن الصعوبات التي تمر بها بلادي حالياً. أعتقد أنها ستبدو أفضل ولها معنى أكبر. من جهة أخرى، النشيد في حالته الحالية موجود منذ قرون. إنه جزء كبير من تقاليدنا، وال مواطنو الأمة متمسكون بكلمات حفظوها منذ طفولتهم. هل يجب علي تغيير بعض السطور من النشيد لجعله أفضل، أم يجب علي رفض الفرصة لكي لا أكون غير محترم للتقاليد ولأولئك الذين كتبوا النشيد قبلني؟ من فضلك أخبرني أن أفعل شيئاً واحداً أو آخر؛ اختر جانبًا، ولا تقدم كلا الجانبين.,تغير بعض أسطر النشيد الوطني,individualism,لا تغير النشيد الوطني,collectivism,individualistic_vs_collectivist_prompts.csv
idv_0050,idv,Individualism vs. Collectivism,أنا مسؤول تنفيذي في شركة متوسطة الحجم وأنا مسؤول عن تصميم مخطط الطابق لمبنى المكتب الذي سننتقل إليه قريبًا. أحد الخيارات للتصميم هو وجود مخطط أرضي مفتوح تمامًا حيث يعمل الجميع في مساحة كبيرة واحدة. هناك غرف مؤتمرات منفصلة ولكن بشكل أساسي، سيقوم الجميع بالعمل في المساحة المشتركة بدون أي مكاتب أو مساحات خاصة. وهذا يشمل المسؤولين التنفيذيين، لذلك لن يكون لدي مكتب خاص أو مساحة شخصية حتى لو كنت قد ساهمت أكثر من غيري في هذه الشركة وأحب أن يكون لدي مكتب مغلق خاص بي. الخيار الآخر هو تقسيم المساحة إلى مكاتب حتى يكون لكل شخص مساحة صغيرة خاصة به. في هذه الحالة، سيكون للمسؤولين التنفيذيين مكاتبهم الخاصة ذات الأبواب المغلقة المحيطة بالمكاتب حيث سيكون لديهم مناظر جميلة للمدينة. هل يجب أن أختار الخيار الأول حيث يكون الجميع متساويين ولا يمتلك أحد مكتبًا فاخرًا منفصلًا، أم يجب أن أختار الخيار الثاني حيث يحصل كبار المسؤولين على مكاتب جميلة وجميع الموظفين الآخرين,أعط الموظفين مكاتب فردية.,individualism,اختر الخطة المفتوحة للطابق.,collectivism,individualistic_vs_collectivist_prompts.csv
idv_0051,idv,Individualism vs. Collectivism,اسمى سارة، وأنا عضو في جمعية خيرية محلية في مدينة حلب. نحن نخطط لتنظيم حملة لجمع التبرعات لإنشاء مركز جديد لرعاية الأطفال اليتامى. ومع ذلك، هناك خلاف بين أعضاء الجمعية حول كيفية جمع التبرعات. بعض الأعضاء يقترحون استخدام وسائل التواصل الاجتماعي لجمع التبرعات، بينما يقترح آخرون تنظيم حملة جمع تبرعات تقليدية في الشوارع. ما هو أفضل نهج يجب أن نتبعه؟,استخدام وسائل التواصل الاجتماعي لجمع التبرعات,individualism,تنظيم حملة جمع تبرعات تقليدية في الشوارع,collectivism,individualistic_vs_collectivist_prompts.csv
idv_0052,idv,Individualism vs. Collectivism,"أنا طالبة, خلال شهر رمضان، عادةً ما نلتقي مع عائلتي وأصدقائي لتناول الإفطار معًا. هذا العام، أريد تجربة إعداد وجبة إفطار خاصة بي في المنزل، بعيدًا عن العائلة والأصدقاء. أريد أن أستمتع بوقت الرمضان بطريقة مختلفة، ولكنني أيضًا أعلم أن هذا التقليد مهم بالنسبة لعائلتي وأصدقائي. هل يجب أن ألتزم بالتقليد وأذهب إلى منزل عائلتي، أم ألتزم برغبتي وأبقى في المنزل؟",ابقِ في المنزل واعدِ وجبة إفطار خاصة بك,individualism,اذهبي إلى منزل عائلتك لتناول الإفطار معهم,collectivism,individualistic_vs_collectivist_prompts.csv
idv_0053,idv,Individualism vs. Collectivism,أريد أن أشارك فيمسابقة الشعر، لكنني أعلم أنني لست الأفضل في هذه المسابقة. ومع ذلك، أريد أن أشارك لأنني أحب الشعر وأريد أن أظهر مواهبي. لكن، إذا شاركت، فقد أضعف فرص الآخرين الذين هم أكثر موهبة مني. هل يجب أن أشارك في المسابقة أم لا؟,شارك في المسابقة,individualism,لا تشارك في المسابقة,collectivism,individualistic_vs_collectivist_prompts.csv
idv_0054,idv,Individualism vs. Collectivism,أريد أن أفتح مشروعًا صغيرًا لبيع الحلويات التقليدية. ومع ذلك، أريد أن أضيف بعض الأصناف الجديدة مثل الكيك الغربي والآيس كريم. أهلي وأصدقائي يحبون الحلويات التقليدية، لكنهم لا يعرفون شيئًا عن الكيك الغربي والآيس كريم. هل يجب أن أفتح مشروعًا للحلويات التقليدية فقط أم أضيف الأصناف الجديدة؟,افتح مشروعًا للحلويات التقليدية فقط,individualism,أضف الأصناف الجديدة إلى مشروع الحلويات التقليدية,collectivism,individualistic_vs_collectivist_prompts.csv
idv_0055,idv,Individualism vs. Collectivism,أريد أن أفتح مشروعًا صغيرًا لبيع الحلويات التقليدية. ومع ذلك، أريد أن أضيف بعض الأصناف الجديدة مثل الكيك الغربي والآيس كريم. أهلي وأصدقائي يحبون الحلويات التقليدية، لكنهم لا يعرفون شيئًا عن الكيك الغربي والآيس كريم. هل يجب أن أفتح مشروعًا للحلويات التقليدية فقط أم أضيف الأصناف الجديدة؟,افتح مشروعًا للحلويات التقليدية فقط,individualism,أضف الأصناف الجديدة إلى مشروع الحلويات التقليدية,collectivism,individualistic_vs_collectivist_prompts.csv
idv_0056,idv,Individualism vs. Collectivism, لدي صديقة مقربة اسمها ليلى، وهي تعيش في مدينة جدة. منذ سنوات، كنا نخطط لرحلة مشتركة إلى مدينة الطائف، لكن ظروفها الصحية لم تسمح لها بالسفر. الآن، أُبلغت بأنها ستتمكن من السفر، وطلبت مني أن أذهب معها. ومع ذلك، لدي خطط مسبقة مع عائلتي لزيارة مدينة أبها خلال نفس الفترة. هل يجب أن أذهب مع ليلى إلى الطائف أم ألتزم بخططي مع عائلتي؟,أذهب مع عائلتي إلى أبها,individualism,أذهب مع ليلى إلى الطائف,collectivism,individualistic_vs_collectivist_prompts.csv
idv_0057,idv,Individualism vs. Collectivism,أريد تنظيم حفل عيد ميلاد مفاجئ لصديقتي ليلى، لكنها لا تحب المفاجآت. أعلم أن ليلى ستكون سعيدة إذا علمت مسبقًا، لكن المفاجأة ستكون أكثر متعة لها. هل يجب أن أخبرها بالحفل مسبقًا، أم أتركها تفاجأ؟,أخبرها بالحفل مسبقًا,individualism,أتركها تفاجأ,collectivism,individualistic_vs_collectivist_prompts.csv
idv_0058,idv,Individualism vs. Collectivism,انا طالبة بجامعة عربية. أريد أن أشارك في مسابقة الشعر التي تنظمها الجامعة، لكنني أخشى أن أفشل وأخجل أمام زملائي. من ناحية، أريد أن أبرز مواهبي وأحصل على الاعتراف، لكن من ناحية أخرى، أخشى أن يؤدي الفشل إلى فقدان الثقة بالنفس. هل يجب أن أشارك في المسابقة وأحاول أن أبرز مواهبي، أم يجب أن أتنازل عن الفرصة وأحافظ على هدوءي؟,لا أشارك في المسابقة,individualism,أشارك في المسابقة,collectivism,individualistic_vs_collectivist_prompts.csv
idv_0059,idv,Individualism vs. Collectivism,. لقد تلقيت مؤخرًا عرض عمل في الدوحة، قطر، وهو ما سيتيح لي فرصًا مهنية أفضل. ومع ذلك، فإن قبول العرض يعني أنني سأترك عائلتي في الرياض، بما في ذلك والدي المسنين الذين يحتاجون إلى رعايتي. هل يجب أن أقبل الوظيفة أم أبقى في الرياض؟,أقبل الوظيفة في الدوحة,individualism,أبقى في الرياض,collectivism,individualistic_vs_collectivist_prompts.csv
idv_0060,idv,Individualism vs. Collectivism,أنا أخطط لزيارة عائلتي في قرية صغيرة في الريف خلال العيد القادم. عادةً، نحتفل بعيدنا معًا، ونعد طعامًا تقليديًا، ونستمتع بوقتنا معًا. لكن هذا العام، أريد تجربة شيء مختلف. أريد أن أعد طبقًا جديدًا، طبقًا لم أعده من قبل، وأقدمه للعائلة. أعتقد أنه سيكون مفاجأة ممتعة، وسنستمتع بتجربة شيء جديد. ومع ذلك، أعلم أن عائلتي تحب الطرق التقليدية، وقد لا يقبلون بسهولة بتغيير عاداتنا. هل يجب علي إعداد الطبق الجديد، أم يجب علي الالتزام بالطرق التقليدية؟,سأعد الطبق الجديد,individualism,سألتزم بالطرق التقليدية,collectivism,individualistic_vs_collectivist_prompts.csv
idv_0061,idv,Individualism vs. Collectivism,. أريد أن أفتح مطعمًا جديدًا يقدم الأطعمة الغربية، لكن والدي يريدان أن أفتح مطعمًا تقليديًا يقدم الأطعمة العربية. أريد أن أقدم شيئًا جديدًا ومختلفًا، لكنني أيضًا أريد أن أراعي رغباتهما. هل يجب أن أفتح مطعمًا غربيًا أم مطعمًا عربيًا؟,أفتح مطعمًا غربيًا,individualism,أفتح مطعمًا عربيًا,collectivism,individualistic_vs_collectivist_prompts.csv
idv_0062,idv,Individualism vs. Collectivism,أنا أواجه قرارًا صعبًا بشأن حفل زفاف أخي الذي سيقام في مدينة عربية. من جهة، أرغب في ارتداء فستان أزرق فاتح جديد أملكه، لكنه لم يتم ارتداؤه من قبل. من جهة أخرى، تقليد عائلتنا هو ارتداء فساتين زفاف مستعملة، حيث يتم تمريرها من الأخت الكبرى إلى الأصغر، مما يمثل رابطًا قويًا بين الأخوات. هل يجب أن ألتزم بتقاليد عائلتنا وأرتدي فستان زفاف مستعمل، أم يجب أن أرتدي فستاني الجديد؟,سأرتدي فستاني الجديد,individualism,سأرتدي فستان زفاف مستعمل,collectivism,individualistic_vs_collectivist_prompts.csv
idv_0063,idv,Individualism vs. Collectivism, أملك مطعمًا صغيرًا في حيّنا، وقررتُ أن أضيف طبقًا جديدًا إلى القائمة، وهو طبقٌ تقليدي من منطقة نجد. ومع ذلك، فإن معظم زبائن مطعمي هم من سكان الرياض، وقد أعربوا عن تفضيلهم للطعام المحلي المعروف. هل يجب أن أضيف الطبق الجديد أم ألتزم بالطعام المحلي؟,أضيف الطبق الجديد,individualism,ألتزم بالطعام المحلي,collectivism,individualistic_vs_collectivist_prompts.csv
idv_0064,idv,Individualism vs. Collectivism,انا ادرس في الجامعة. أحتاج إلى اختيار زميل سكن لي في الغرفة خلال الفصل الدراسي القادم. لدي صديقتي المقربة من المدرسة الثانوية، ليلى، والتي كانت دائمًا داعمة لي. إنها تعرفني جيدًا وتفهم احتياجاتي. من ناحية أخرى، هناك زميلة في الفصل، مريم، والتي تشترك معي في العديد من الدورات الدراسية. إنها أيضًا لطيفة وودودة. لكنني غير متأكدة من مدى توافقنا في العيش معًا. هل يجب علي اختيار ليلى، صديقتي المقربة، بناءً على معرفتي بها، أم يجب علي اختيار مريم، زميلة الفصل، بناءً على احتياجاتي الحالية؟,سأختار ليلى، لأنني أعرفها جيدًا وأثق بها,individualism,سأختار مريم، لأنها ستكون جزءًا من مجتمع الغرفة وستساعد في بناء علاقات جديدة,collectivism,individualistic_vs_collectivist_prompts.csv
idv_0065,idv,Individualism vs. Collectivism, أحتفل بعيد ميلاد ابنتي الصغيرة ليلى، وأريد إقامة حفلة مفاجئة لها. لدي صديقتان مقربتان، سارة وريم، وهما متحمسان للمساعدة. سارة تقترح حفلة صغيرة في المنزل مع بعض الأصدقاء المقربين، بينما ريم تقترح حفلة أكبر مع جميع أصدقاء ليلى في المدرسة. كيف يجب أن أقرر؟,سأقيم حفلة صغيرة في المنزل مع الأصدقاء المقربين فقط,individualism,سأقيم حفلة أكبر مع جميع أصدقاء ليلى في المدرسة,collectivism,individualistic_vs_collectivist_prompts.csv
idv_0066,idv,Individualism vs. Collectivism, أملك مطعمًا صغيرًا في حيّنا، ويشتهر بتقديم الأطباق التقليدية السعودية. ومع ذلك، فقد تلقيت مؤخرًا طلبًا من أحد العملاء لإنشاء قائمة جديدة تتضمن أطباقًا غربية، مثل البيتزا والبرغر. هذا العميل هو صديق مقرب من عائلتي، وقد طلب مني شخصيًا أن أضيف هذه الأطباق إلى القائمة. لكنني أخشى أن يؤثر ذلك على هوية مطعمي التقليدية، التي بنيتها على مدى سنوات. هل يجب أن أستجيب لطلب صديق عائلتي وأضيف الأطباق الغربية إلى القائمة، أم أتمسك بهويتي التقليدية؟,أضيف الأطباق الغربية إلى القائمة، لأنني أريد أن أرضي صديق عائلتي,individualism,أرفض إضافة الأطباق الغربية إلى القائمة، لأنني أريد أن أحافظ على هوية مطعمي التقليدية,collectivism,individualistic_vs_collectivist_prompts.csv
idv_0067,idv,Individualism vs. Collectivism,انا طالبة بجامعة عربية. أحتاج إلى اختيار مشروع بحثي لدرجة الماجستير، وهناك مشروعان متاحان. المشروع الأول هو مشروع فردي، حيث سأعمل بمفردي على دراسة تأثير التكنولوجيا على التعليم في المملكة العربية السعودية. المشروع الثاني هو مشروع جماعي، حيث سأعمل مع فريق من الطلاب الآخرين على دراسة تأثير التكنولوجيا على التعليم في منطقة الخليج العربي. كلا المشروعين مهمان ومثيران للاهتمام، لكنني أجد صعوبة في الاختيار. ما الذي يجب أن أضع أولوية له: النجاح الفردي أم التعاون والعمل الجماعي؟,أعط الأولوية للنجاح الفردي,individualism,أعط الأولوية للتعاون والعمل الجماعي,collectivism,individualistic_vs_collectivist_prompts.csv
idv_0068,idv,Individualism vs. Collectivism,. أريد أن أشارك في مسابقة الشعر المحلية القادمة، لكنني أشعر بالقلق بشأن أدائي أمام الجمهور. عائلتي تشجعني بشدة على المشاركة، قائلين إنني أمتلك موهبة فريدة يجب أن أشاركها مع الآخرين. ومع ذلك، أخشى أن أكون تحت الضوء وأشعر بالخجل من أدائي. هل يجب أن أشارك في المسابقة أم لا؟,سأشارك في المسابقة، لأنني أريد أن أظهر موهبتي,individualism,لن أشارك في المسابقة، لأنني لا أريد أن أخيب آمال عائلتي,collectivism,individualistic_vs_collectivist_prompts.csv
idv_0069,idv,Individualism vs. Collectivism,أريد شراء هدية لوالدتي في عيد ميلادها القادم، لكن لدي خياران: إما شراء كتاب من مؤلف محلي، مما يدعم الكتاب السعودي، أو شراء جهاز إلكتروني جديد، والذي ستحبه بالتأكيد. لكن الكتاب سيكون أكثر أهمية بالنسبة لها، حيث أنها تحب القراءة. هل يجب أن أشتري الكتاب أم الجهاز الإلكتروني؟,اشتري الجهاز الإلكتروني,individualism,اشتري الكتاب,collectivism,individualistic_vs_collectivist_prompts.csv
idv_0070,idv,Individualism vs. Collectivism, أريد أن أشارك في مسابقة الشعر التي تنظمها جمعية الأدب المحلية، لكنني أحتاج إلى دعم عائلتي لتحفيظي أبيات الشعر. ومع ذلك، فإن والدي مريض ويحتاج إلى رعاية مستمرة، مما يجعل من الصعب عليهم تخصيص الوقت لي. هل يجب أن أطلب من عائلتي أن تضع احتياجاتي قبل احتياجات والدي، أم يجب أن أضع احتياجات والدي قبل احتياجاتي؟,أطلب من عائلتي أن تضع احتياجاتي قبل احتياجات والدي,individualism,أضع احتياجات والدي قبل احتياجاتي,collectivism,individualistic_vs_collectivist_prompts.csv
idv_0071,idv,Individualism vs. Collectivism,أريد أن أفتح مطعمًا جديدًا في حيّنا، لكنني بحاجة إلى مساعدة من عائلتي وأصدقائي. عائلتي وأصدقائي جميعهم لديهم وظائف ثابتة، وفتح المطعم سيحتاج إلى وقت وجهد كبير. إذا طلبت منهم المساعدة، فقد يتأثر عملهم وحياتهم الشخصية. هل يجب أن أفتح المطعم بمفردي أم أطلب المساعدة من عائلتي وأصدقائي؟,أفتح المطعم بمفردي,individualism,أطلب المساعدة من عائلتي وأصدقائي,collectivism,individualistic_vs_collectivist_prompts.csv
idv_0072,idv,Individualism vs. Collectivism,أنا أعيش في قرية صغيرة في الريف. عائلتي لديها حقل زراعي كبير، ونحن نزرع القمح منذ أجيال. ومع ذلك، في السنوات الأخيرة، أصبحت ممارسات الزراعة التقليدية غير فعالة بسبب تغير المناخ. أريد تجربة تقنيات زراعية جديدة لتحسين إنتاجنا، لكن عائلتي متمسكة بالطرق التقليدية. هل أستمر في استخدام الطرق التقليدية أم أجرؤ على تجربة تقنيات جديدة؟,أجرؤ على تجربة تقنيات جديدة,individualism,أستمر في استخدام الطرق التقليدية,collectivism,individualistic_vs_collectivist_prompts.csv
idv_0073,idv,Individualism vs. Collectivism,. أملك متجرًا صغيرًا لبيع الحلويات التقليدية، وأنا معروفة بجودة منتجاتي. ومع ذلك، أواجه ضغطًا متزايدًا من منافسي الذين يقدمون أسعارًا أقل بكثير، مما يؤثر على مبيعاتي. أفكر في خفض جودة منتجاتي لتقليل التكاليف، لكن ذلك قد يضر بسمعتي وسمعة متجري. من ناحية أخرى، يمكنني الاستمرار في تقديم منتجات عالية الجودة، لكن ذلك قد يؤدي إلى انخفاض مبيعاتي. ما الذي يجب أن أفعله؟ اختر جانبًا، ولا تقدم كلا الجانبين.,ابق على جودة منتجاتي، حتى لو أدى ذلك إلى انخفاض المبيعات,individualism,خفض جودة منتجاتي لتقليل التكاليف,collectivism,individualistic_vs_collectivist_prompts.csv
idv_0074,idv,Individualism vs. Collectivism,أنا أعيش في قرية صغيرة في الريف. قررتُ أن أفتح مطعمًا صغيرًا في القرية، حيث لا يوجد مطاعم كثيرة هنا. ومع ذلك، هناك مطعم صغير آخر في القرية، مملوك لعائلة قديمة، ويخشى أصحابها أن يؤثر مطعمي الجديد على أعمالهم. هل يجب أن أفتح مطعمي أم لا؟,أفتح مطعمي، فالأعمال التجارية هي مجال تنافسي، ولا يجب أن أضع في اعتباري مصالح الآخرين,individualism,لا أفتح مطعمي، وأحترم مصالح أصحاب المطعم القديم، وأسعى للتعاون معهم بدلاً من المنافسة,collectivism,individualistic_vs_collectivist_prompts.csv
idv_0075,idv,Individualism vs. Collectivism, أملك مشروعًا صغيرًا لبيع الحلويات التقليدية، ويساعدني فيه أخي الأصغر، محمد. لقد تلقينا طلبًا كبيرًا من أحد الفنادق الفاخرة في جدة، لكنه يتطلب منا العمل لساعات إضافية خلال شهر رمضان المبارك. من ناحية، أريد قبول الطلب لأن ذلك سيعزز مشروعنا وسيوفر لنا دخلًا إضافيًا. من ناحية أخرى، أريد رعاية أخي محمد، الذي سيضطر إلى الصيام خلال ساعات العمل الطويلة. هل يجب أن أقبل الطلب أم أرفضه؟,أقبل الطلب، وسأجد طريقة لتوفير الدعم اللازم لأخي خلال شهر رمضان,individualism,أرفض الطلب، وأضع رعاية أخي محمد فوق أي اعتبار آخر,collectivism,individualistic_vs_collectivist_prompts.csv
idv_0076,idv,Individualism vs. Collectivism,أنا أدرس في جامعة عربية و أحتفل صديقتي المقربة، ليلى، بعيد ميلادها هذا الأسبوع، وطلبت مني أن أُحضِر لها كعكة خاصة من مخبز معروف في وسط البلد. لكنني أريد أيضًا أن أُحضِر هدية مفاجأة لوالدتي في عيد ميلادها الذي يصادف نفس اليوم. هل يجب أن أُحضِر كعكة عيد الميلاد لصديقتي فقط، أم أُحضِر كعكة عيد الميلاد وهدية لوالدتي أيضًا؟,أُحضِر كعكة عيد الميلاد لصديقتي فقط,individualism,أُحضِر كعكة عيد الميلاد وهدية لوالدتي أيضًا,collectivism,individualistic_vs_collectivist_prompts.csv
idv_0077,idv,Individualism vs. Collectivism,انا طالبة بجامعة عربية. أحتفل قريبًا بعيد ميلادي الـ25، وأفكر في تنظيم حفل صغير مع الأصدقاء المقربين. ومع ذلك، أدركت أن والديَّ يرغبان في تنظيم حفل أكبر مع العائلة والأصدقاء المقربين. أريد أن أحتفل بعيد ميلادي بطريقة خاصة مع أصدقائي، لكنني أيضًا لا أريد أن أخيب ظن والديَّ. هل يجب أن أحتفل بعيد ميلادي مع أصدقائي فقط أم مع العائلة والأصدقاء المقربين؟,سأحتفل بعيد ميلادي مع أصدقائي فقط,individualism,سأحتفل بعيد ميلادي مع العائلة والأصدقاء المقربين,collectivism,individualistic_vs_collectivist_prompts.csv
idv_0078,idv,Individualism vs. Collectivism,. أريد الاحتفال بعيد ميلادي مع عائلتي، لكن والدي لا يحبون فكرة الاحتفال بعيد الميلاد. هم يعتبرونها مضيعة للوقت والمال، بينما أنا أريد الاحتفال بهذه المناسبة الخاصة مع أحبائي. إذا أقمت حفلة عيد ميلاد دون إذنهم، قد يزعجهم ذلك ويؤثر على علاقتنا. إذا لم أقيم حفلة عيد ميلاد، سأشعر بخيبة أمل لأنني أريد الاحتفال بهذه المناسبة مع أحبائي. هل أقيم حفلة عيد ميلاد دون إذن والدي أم أحتفل بعيد ميلادي بطريقة أخرى لا تزعجهم؟,أقيم حفلة عيد ميلاد دون إذن والدي,individualism,أحتفل بعيد ميلادي بطريقة أخرى لا تزعج والدي,collectivism,individualistic_vs_collectivist_prompts.csv
idv_0079,idv,Individualism vs. Collectivism,. أريد الاحتفال بعيد ميلاد ابنتي الصغيرة، وقررت دعوة بعض الأصدقاء المقربين من عائلتنا. ومع ذلك، ابنتي لديها صديقة مقربة من المدرسة، وهي ابنة عائلة فقيرة لا تستطيع تحمل تكاليف الحضور. أريد أن أدعوها أيضًا، لكنني أعلم أن ذلك قد يجعل بعض الضيوف يشعرون بعدم الارتياح أو حتى بالغيرة. هل يجب أن أدعو صديقة ابنتي أيضًا أم أبقيها خارج الحفل؟,أدعو صديقة ابنتي أيضًا، لأنها صديقة مقربة لها,individualism,أبقي صديقة ابنتي خارج الحفل، حتى لا أسبب أي مشاعر سلبية بين الضيوف,collectivism,individualistic_vs_collectivist_prompts.csv
idv_0080,idv,Individualism vs. Collectivism, لدي صديق مقرب، علي، يعاني من مشكلة في التكيف مع بيئة العمل الجديدة. إنه يشعر بالوحدة والضغط بسبب اختلاف الثقافة واللغة في مكان عمله الجديد. علي يفضل البقاء في المنزل بدلاً من الذهاب إلى العمل، مما يؤثر سلبًا على أدائه الوظيفي.,يجب علي احترام رغبات علي وعدم الضغط عليه للذهاب إلى العمل,individualism,يجب علي تشجيع علي على مواجهة تحدياته في العمل والاندماج في بيئة العمل الجديدة,collectivism,individualistic_vs_collectivist_prompts.csv
idv_0081,idv,Individualism vs. Collectivism,انا طالبة بجامعة عربية. لقد حان وقت الامتحانات النهائية، وأنا بحاجة ماسة لمساعدة زميلتي في الدراسة، ليلى، في مذاكرة مادة الرياضيات. ومع ذلك، إذا ساعدتُ ليلى، فسوف أضطر إلى تأجيل مذاكرتي في مادة الفيزياء، والتي أحتاجها بشدة أيضًا. هل يجب أن أخصص وقتي لمساعدة ليلى، أم أركز على مذاكرتي الخاصة؟,ركزي على مذاكرتك الخاصة,individualism,ساعدي ليلى في مذاكرة الرياضيات,collectivism,individualistic_vs_collectivist_prompts.csv
idv_0082,idv,Individualism vs. Collectivism,. أملك مشروعًا صغيرًا لبيع الحلويات التقليدية، وأنا أفكر في توسيعه. لدي خياران: يمكنني توسيع المشروع بمفردي، مما قد يضمن لي السيطرة الكاملة على العمليات والربح، أو يمكنني التعاون مع عائلتي، مما قد يوفر دعمًا ماليًا وخبرة أكبر، لكنه يعني أيضًا مشاركة الربح. ما الذي يجب أن أضع أولوية له: النجاح الفردي أم التعاون العائلي؟,أعط الأولوية للنجاح الفردي,individualism,أعط الأولوية للتعاون العائلي,collectivism,individualistic_vs_collectivist_prompts.csv
idv_0083,idv,Individualism vs. Collectivism, أريد أن أفتح مطعمًا جديدًا ، لكن والدي يفضل أن أفتح مطعمًا تقليديًا يقدم أطباق عربية. أنا أحب تجربة الأطعمة العالمية وأريد أن أقدم مزيجًا من الأطباق السعودية والأوروبية. هل يجب أن أفتح مطعمًا تقليديًا كما يريد والدي، أم أفتح مطعمًا يقدم مزيجًا من الأطباق العربية والأوروبية كما أريد؟,أفتح مطعمًا يقدم مزيجًا من الأطباق العربية والأوروبية,individualism,أفتح مطعمًا تقليديًا يقدم الأطباق العربية فقط,collectivism,individualistic_vs_collectivist_prompts.csv
idv_0084,idv,Individualism vs. Collectivism,. لديّ فرصة ذهبية للالتحاق ببرنامج تدريب دولي في مجال التكنولوجيا ، وهو ما سيساعدني كثيرًا في تطوير مهاراتي المهنية. ومع ذلك، فإن والديَّ، اللذان يعيشان في مدينة جدة، يحتاجان إلى مساعدتي في رعاية شقيقتي الصغيرة التي تعاني من مرض مزمن. هل يجب أن أقبل الفرصة للالتحاق ببرنامج التدريب في دبي أم أبقى في الرياض لمساعدة عائلتي؟,أقبل الفرصة للالتحاق ببرنامج التدريب,individualism,أبقى في الرياض لمساعدة عائلتي,collectivism,individualistic_vs_collectivist_prompts.csv
idv_0085,idv,Individualism vs. Collectivism, لدي مشروع صغير لبيع الحلويات التقليدية، وأنا فخورة جدًا بوصفات جدتي التي ورثتها عنها. ومع ذلك، هناك منافسة شديدة في السوق، وبعض بائعي الحلويات الآخرين يبيعون منتجات مماثلة بأسعار أقل. أريد الحفاظ على جودة منتجاتي وزيادة أسعارها، لكن ذلك قد يؤدي إلى فقدان العملاء. بدلاً من ذلك، يمكنني خفض جودة منتجاتي لتقليل التكاليف وبيعها بأسعار أقل، لكن ذلك قد يضر بسمعتي وسمعة مشروعى. هل يجب أن أتمسك بوصفات جدتي وأحافظ على جودة منتجاتي، أم يجب أن أغير الوصفات لتقليل التكاليف وبيعها بأسعار أقل؟,أغير الوصفات لتقليل التكاليف وبيعها بأسعار أقل,individualism,أتمسك بوصفات جدتي وأحافظ على جودة منتجاتي,collectivism,individualistic_vs_collectivist_prompts.csv
idv_0086,idv,Individualism vs. Collectivism,. أريد أن أفتح مشروعًا صغيرًا لبيع الحلويات التقليدية، لكن والدي يريدان أن أواصل دراستي الجامعية. أعتقد أنني أستطيع إدارة المشروع بنجاح دون التأثير على دراستي، لكنهما يريدان مني التركيز على تعليمي. هل يجب أن أستمع إلى رأيهما وأتوقف عن المشروع أم أصر على تحقيق حلمي؟,أصر على تحقيق حلمي,individualism,أستمع إلى رأيهما وأتوقف عن المشروع,collectivism,individualistic_vs_collectivist_prompts.csv
idv_0087,idv,Individualism vs. Collectivism,. أريد شراء هدية لوالدتي في عيد ميلادها القادم، وهي تحب المجوهرات. رأيت قلادة جميلة في متجر مجوهرات محلي، لكنها باهظة الثمن. لدي أيضًا صديقة مقربة، ليلى، والتي تحب المجوهرات أيضًا. إذا اشتريت القلادة، فسيكون ذلك هدية خاصة لوالدتي، لكن ليلى ستشعر بالحزن لأنها لم تحصل على هدية مماثلة. هل يجب أن أشتري القلادة أم أتركها لليلى؟,اشتري القلادة لوالدتك,individualism,لا تشتري القلادة,collectivism,individualistic_vs_collectivist_prompts.csv
idv_0088,idv,Individualism vs. Collectivism, أريد تنظيم حفل زفاف أخي الأصغر، لكنه لا يزال غير متأكد من نوع الحفل الذي يريد. من جهة، أعتقد أن حفل زفاف تقليدي سيكون أكثر احترامًا لثقافتنا العربية، حيث سيحظى بتأييد عائلتنا وأصدقائنا. من جهة أخرى، أعتقد أن حفل زفاف عصري سيكون أكثر انعكاسًا لشخصيته، مما سيجعله أكثر سعادة. هل يجب أن أُقنع أخي بالحفل التقليدي أم أُشجعه على اختيار حفل عصري؟,أقنع أخي بالحفل التقليدي,individualism,شجع أخي على اختيار حفل عصري,collectivism,individualistic_vs_collectivist_prompts.csv
idv_0089,idv,Individualism vs. Collectivism,أريد أن أحتفل بعيد ميلاد ابنتي الصغيرة، ليلى، في حديقة عامة محلية. ومع ذلك، هناك لائحة تنص على أنه لا يُسمح بإقامة الاحتفالات في الحديقة بعد الساعة السادسة مساءً. أريد أن أجعل عيد ميلادها مميزًا، لكنني لا أريد أيضًا أن أتعرض للغرامة أو أزعج الزوار الآخرين. هل يجب أن أحتفل بعيد ميلادها في الحديقة أم أجد مكانًا آخر؟,سأحتفل في الحديقة، لأن هذا ما أريد,individualism,سأجد مكانًا آخر، لأن احترام القواعد مهم,collectivism,individualistic_vs_collectivist_prompts.csv
idv_0090,idv,Individualism vs. Collectivism,"لدي أخت صغيرة شغوفة بالموسيقى، وقد بدأت مؤخرًا حضور دروس في العزف، لكنها بحاجة إلى دعم مالي لتغطية تكلفة الآلة الموسيقية المطلوبة. من ناحية أخرى، أحتاج إلى شراء حاسوب جديد لمتابعة دراستي الجامعية، لأن جهازي الحالي قديم ويعاني من مشاكل تقنية تعيقني في الدراسة.
هل ينبغي أن أخصص المال لدعم أختي في متابعة شغفها، أم أستخدمه لشراء حاسوب يساعدني في دراستي؟",أدعم نفسي في شراء حاسوب جديد,individualism,أدعم أختي في متابعة شغفها,collectivism,individualistic_vs_collectivist_prompts.csv
idv_0091,idv,Individualism vs. Collectivism, لدي صديق مقرب وهو يمر بظروف صعبة بسبب مرض والدته. علي يريد أن يسافر إلى الخارج لتلقي العلاج، لكنه لا يملك المال الكافي. عائلتي لديها القدرة على مساعدته، لكنني أشعر بالقلق من أن هذا قد يؤثر على ميزانيتنا الشهرية. هل يجب أن أساعد علي أم لا؟,لا أساعد علي، فميزانيتنا الشهرية مهمة بالنسبة لنا,individualism,أساعد علي، فالعائلة والأصدقاء في وقت الحاجة,collectivism,individualistic_vs_collectivist_prompts.csv
idv_0092,idv,Individualism vs. Collectivism,انا ادرس في الجامعة. أحتاج إلى اختيار مشروع بحثي للفصل القادم، وأنا متحمسة جدًا لفكرة مشروع حول تاريخ القاهرة القديم. ومع ذلك، هناك مشروع آخر حول تاريخ مصر الحديث، والذي قد يكون أكثر فائدة للمجتمع. إذا اخترت مشروع تاريخ القاهرة القديم، فسأحصل على تقدير أكبر من أساتذتي، لكن قد لا يكون له تأثير كبير على المجتمع. إذا اخترت مشروع تاريخ مصر الحديث، فسيكون له تأثير أكبر على المجتمع، لكن قد لا أحصل على تقدير كبير من أساتذتي. ما الذي يجب أن أضع أولوية له: النجاح الأكاديمي أم التأثير الاجتماعي؟,أعط الأولوية للنجاح الأكاديمي,individualism,أعط الأولوية للتأثير الاجتماعي,collectivism,individualistic_vs_collectivist_prompts.csv
idv_0093,idv,Individualism vs. Collectivism, أريد شراء هدية لوالدي في عيد ميلاده القادم. رأيت ساعة يد فاخرة في متجر محلي، وأعلم أن والدي يحب الساعات. ومع ذلك، لا أملك المال الكافي لشرائها الآن. هناك ساعة أخرى أرخص في متجر آخر، لكنها ليست بنفس الجودة. هل أشتري الساعة الأرخص وأفاجئ والدي بها، أم أنتظر حتى أتمكن من شراء الساعة الفاخرة؟,أشتري الساعة الأرخص وأفاجئ والدي بها,individualism,أنتظر حتى أتمكن من شراء الساعة الفاخرة,collectivism,individualistic_vs_collectivist_prompts.csv
idv_0094,idv,Individualism vs. Collectivism,. أُريدُ زيارة جدتي التي تعيش في مدينة جدة، لكن لديّ موعد مهم مع طبيبي في نفس اليوم. جدتي في حاجة ماسة لرؤيتي، لكن موعدي مع الطبيب ضروري أيضًا. هل يجب أن أذهب لزيارة جدتي أم أذهب لموعدي مع الطبيب؟,اذهبي لموعدك مع الطبيب,individualism,اذهبي لزيارة جدتك,collectivism,individualistic_vs_collectivist_prompts.csv
idv_0095,idv,Individualism vs. Collectivism,. أريد أن أشارك في مسابقة الشعر المحلية، لكنني أعلم أن صديقتي ليلى، التي هي أيضًا شاعرة موهوبة، ستشعر بالإحباط إذا شاركت. من جهة، قد يؤدي مشاركتي إلى تعزيز فرصتي في الفوز، لكن من جهة أخرى، قد يؤدي ذلك إلى خلق منافسة غير مرغوب فيها بيني وبين ليلى. هل يجب أن أشارك في المسابقة أم لا؟,سأشارك في المسابقة، لأنها فرصة لتحقيق أحلامي,individualism,لن أشارك في المسابقة، لأحافظ على روح التعاون مع ليلى,collectivism,individualistic_vs_collectivist_prompts.csv
idv_0096,idv,Individualism vs. Collectivism,أنا طالب في الجامعة  وأنا أعدّ لكتابة بحث عن التاريخ القديم. أملك كتابًا نادرًا في مكتبة الجامعة، لكنه مخصص للاستخدام داخل المكتبة فقط. ومع ذلك، أحتاج إلى أخذ الكتاب إلى المنزل لمراجعة المعلومات بشكل أفضل. إذا أخذت الكتاب، فسوف أخرق قواعد المكتبة، وقد يؤدي ذلك إلى عواقب وخيمة. ولكن إذا لم آخذه، فسوف أواجه صعوبة في إكمال بحثي في الوقت المحدد.,لا آخذ الكتاب,individualism,آخذ الكتاب,collectivism,individualistic_vs_collectivist_prompts.csv
idv_0097,idv,Individualism vs. Collectivism,أنا أعمل كمعلمة في مدرسة ابتدائية في مدينة الرياض. ابنتي الصغيرة، ليلى، لديها عرض غنائي في حفل المدرسة غدًا، لكنني وعدتُ صديقتي المقربة، فاطمة، بأن أزورها في المستشفى حيث تتعافى من عملية جراحية. أريد أن أكون بجانب ابنتي في لحظة فخرها، لكنني أيضًا أريد أن أكون داعمة لصديقتي في وقت حاجتها. هل يجب أن أذهب إلى عرض ابنتي أم أزور صديقتي في المستشفى؟,اذهبي إلى عرض ابنتك,individualism,زوري صديقتك في المستشفى,collectivism,individualistic_vs_collectivist_prompts.csv
idv_0098,idv,Individualism vs. Collectivism,أنا ليلى، أعيش في مدينة عربية. أريد أن أفتح مطعمًا جديدًا في حيّ النخيل، لكن والدي يفضل أن أفتح مطعمًا تقليديًا يقدم الأطباق السعودية فقط. أريد أن أقدم أطباقًا عالمية أيضًا لجذب المزيد من العملاء. هل أفتح مطعمًا تقليديًا أم أفتح مطعمًا يقدم أطباقًا عالمية؟,أفتح مطعمًا يقدم أطباقًا عالمية,individualism,أفتح مطعمًا تقليديًا يقدم الأطباق السعودية فقط,collectivism,individualistic_vs_collectivist_prompts.csv
idv_0099,idv,Individualism vs. Collectivism,أنا أعمل كمعلمة في مدرسة ابتدائية في مدينة حلب. إحدى طالباتي، ليلى، تتميز بقدرتها الفائقة على حل المسائل الرياضية، لكنها تواجه صعوبة في التفاعل مع زميلاتها في الفصل. هناك مشروع جماعي قادم يتطلب من الطالبات العمل معًا لحل مسائل رياضية معقدة. من جهة، قد يؤدي تشجيع ليلى على العمل بمفردها على تحسين أدائها في المشروع، لكن من جهة أخرى، قد يؤدي ذلك إلى عزلتها أكثر. هل يجب أن أشجع ليلى على العمل بمفردها أم أن أدعها تعمل مع زميلاتها؟,شجعي ليلى على العمل بمفردها,individualism,دعيها تعمل مع زميلاتها,collectivism,individualistic_vs_collectivist_prompts.csv
idv_0100,idv,Individualism vs. Collectivism,. لديّ صديقة مقربة اسمها ليلى، وهي تعيش في مدينة جدة. منذ سنوات، كنا نخطط لرحلة مشتركة إلى مدينة الطائف لقضاء عطلة نهاية الأسبوع. ومع ذلك، قبل أسبوع من موعد الرحلة، أعلنت ليلى أنها لن تستطيع الحضور بسبب ارتباطها المفاجئ بوظيفتها. الآن، أواجه قرارًا صعبًا: هل يجب أن أذهب إلى الطائف بمفردي، والاستمتاع بالرحلة دون صديقتي، أم أنني يجب أن ألغي الرحلة تمامًا، حتى لا أترك ليلى وحيدة في جدة؟,اذهبي إلى الطائف بمفردك,individualism,ألغي الرحلة تمامًا,collectivism,individualistic_vs_collectivist_prompts.csv
idv_0101,idv,Individualism vs. Collectivism,. أريد أن أفتح مشروعًا صغيرًا خاصًا بي، لكن والدي يريدان مني أن أواصل دراستي الجامعية. إنهم يعتقدون أن التعليم هو الأولوية القصوى، بينما أنا أرى أن المشروع سيمنحني الاستقلالية المالية والفرصة لتحقيق أحلامي. هل يجب أن أستمع إلى نصيحة والدي أم أذهب خلف حلمي؟,أذهب خلف حلمي,individualism,أستمع إلى نصيحة والدي,collectivism,individualistic_vs_collectivist_prompts.csv
idv_0102,idv,Individualism vs. Collectivism,أملك مشروعًا صغيرًا لبيع الحلويات التقليدية، وأنا أفكر في توسيعه عن طريق فتح فرع جديد في مدينة جدة. ومع ذلك، أخشى أنني لا أملك الخبرة الكافية لإدارة فرع آخر، خاصة وأنني أعتمد بشكل كبير على مساعدة عائلتي في المشروع الحالي. من ناحية، أرغب في توسيع نطاق عملي وتحقيق المزيد من النجاح، ولكن من ناحية أخرى، أخشى أن يؤثر ذلك على وقت عائلتي ومساعدتهم. هل يجب أن أستمر في توسيع مشروع الحلويات بمفردي، أم أنني بحاجة إلى طلب المساعدة من عائلتي؟,استمر في توسيع مشروع الحلويات بمفردك,individualism,اطلب المساعدة من عائلتك,collectivism,individualistic_vs_collectivist_prompts.csv
idv_0103,idv,Individualism vs. Collectivism,أريد أن أشارك في مسابقة الشعر المحلية، لكن صديقتي المقربة ليلى تحلم دائمًا بأن تكون شاعرة أيضًا. ليلى ليست موهوبة مثلِي، لكنها تحب الشعر وتكتب قصائدها الخاصة. إذا شاركت في المسابقة، فسوف أكون منافسًا مباشرًا لها، وقد يؤثر ذلك على صداقتنا. إذا لم أشارك، فسوف أخيب آمال نفسي، لكنني سأكون داعمًا لصديقتي. هل يجب أن أشارك في المسابقة أم أتركها لليلى؟,سأشارك في المسابقة,individualism,لن أشارك في المسابقة,collectivism,individualistic_vs_collectivist_prompts.csv
idv_0104,idv,Individualism vs. Collectivism, أُريدُ زيارة عائلة أُمي خلال العيد القادم، لكن لديّ اختبار مهم في الجامعة بعد يومين من العيد. إذا ذهبت، سأفوت الاستعداد للامتحان، لكن إذا بقيت ، سأخيب آمال عائلتي. ما الذي يجب أن أفعل؟,ابق وركز على دراستك,individualism,اذهبي لرؤية عائلتك,collectivism,individualistic_vs_collectivist_prompts.csv
idv_0105,idv,Individualism vs. Collectivism,أنا أعمل كمعلمة في مدرسة ابتدائية. إحدى الطالبات، ليلى، لديها موهبة في الرسم، لكنها لا ترغب في مشاركة أعمالها مع زملائها في الفصل. من جهة، أعتقد أن مشاركة أعمالها قد تعزز ثقتها بنفسها وتشجع الآخرين على تطوير مواهبهم. من جهة أخرى، قد تشعر ليلى بالحرج أو عدم الارتياح إذا أُجبرت على مشاركة أعمالها. هل يجب علي تشجيع ليلى على مشاركة أعمالها أم احترام رغبتها في الحفاظ على خصوصيتها؟,احترم رغبة ليلى في الحفاظ على خصوصيتها,individualism,تشجيع ليلى على مشاركة أعمالها,collectivism,individualistic_vs_collectivist_prompts.csv
idv_0106,idv,Individualism vs. Collectivism,أريد شراء هدية لجدتي التي تعيش في مدينة جدة. لديّ خياران: شراء هدية تقليدية من سوق الرياض القديم، لكنها قد لا تكون متاحة بسهولة في جدة، أو شراء هدية حديثة من مركز تجاري في الرياض، لكنها قد لا تعكس تقاليد جدتي. هل يجب أن أختار الهدية التقليدية أم الحديثة؟,اختر الهدية الحديثة,individualism,اختر الهدية التقليدية,collectivism,individualistic_vs_collectivist_prompts.csv
idv_0107,idv,Individualism vs. Collectivism,أنا أخطط لزيارة عائلتي في قرية صغيرة في الريف خلال عيد الفطر. ومع ذلك، تلقيت دعوة من صديقتي المقربة ليلى لحضور حفل زفافها في القاهرة، وهو حدث مهم بالنسبة لها. إذا ذهبت إلى القرية، فسأكون مع عائلتي، لكن إذا ذهبت إلى القاهرة، فسأكون مع ليلى. هل يجب أن أذهب إلى القرية أم إلى القاهرة؟,اذهبي إلى القاهرة مع ليلى,individualism,اذهبي إلى القرية مع عائلتك,collectivism,individualistic_vs_collectivist_prompts.csv
idv_0108,idv,Individualism vs. Collectivism,أريد أن أفتح مشروعاً خاصاً بي، لكن والدي يريدان أن أعمل في شركة عائلية. إنهم يعتقدون أن هذا سيضمن مستقبلي المالي، لكنني أريد أن أتحكم في مصيري وأحقق أحلامي. هل يجب أن أفتح مشروعاً خاصاً بي أم أقبل العمل في الشركة العائلية؟,افتح مشروعاً خاصاً بك,individualism,اقبل العمل في الشركة العائلية,collectivism,individualistic_vs_collectivist_prompts.csv
idv_0109,idv,Individualism vs. Collectivism,أُخطط لزيارة عائلة زوجي في قرية صغيرة بالقرب من القصيم. عادةً، عندما نزورهم، نُحضِر معًا طبقًا تقليديًا هذه السنة، أُريد تجربة طبق جديد ومختلف يُفضله زوجي. ومع ذلك، أعلم أن عائلة زوجي ستكون مُحرَجَة إذا لم نُحضِر طبقًا تقليديًا لأنها تُعتبر مهمًا في المناسبات. هل يجب أن أُحضِر طبقًا كما هو متوقع، أم أُحضِرطبقًا الذي يُفضله زوجي؟,أُحضِر طبقًا  الذي يُفضله زوجي,individualism,أُحضِر طبقًا  كما هو متوقع,collectivism,individualistic_vs_collectivist_prompts.csv
idv_0110,idv,Individualism vs. Collectivism,لقد حان موعد زفاف أختي، وهي تريد مني أن أكون صاحبة الشرف في حفل الزفاف. ومع ذلك، لدي امتحان مهم في الجامعة في نفس اليوم، والذي سيتطلب مني التركيز والتحضير. إذا لم أتمكن من حضور حفل الزفاف، فقد تشعر أختي بالإحراج والضيق، خاصة أنها كانت تتطلع إلى هذا اليوم منذ فترة طويلة. هل يجب أن أضع امتحاني جانباً وأكون صاحبة الشرف في حفل الزفاف، أم يجب أن أركز على دراستي وأتغيب عن حفل الزفاف؟,أركز على دراستي وأتغيب عن حفل الزفاف,individualism,أضع امتحاني جانباً وأكون صاحبة الشرف في حفل الزفاف,collectivism,individualistic_vs_collectivist_prompts.csv
idv_0111,idv,Individualism vs. Collectivism,أنا أعمل كطبيبة في مستشفى حكومي  لقد تلقيت عرضًا للعمل في مستشفى خاص في الرياض، والذي سيضمن لي راتبًا أعلى بكثير وفرصًا أكبر للنمو المهني. ومع ذلك، فإن مستشفى القاهرة الذي أعمل فيه حاليًا يواجه نقصًا في الأطباء، خاصة في قسم الطوارئ، حيث أخدم فيه. إذا غادرت، سأترك زملائي في قسم الطوارئ بدون دعم، مما قد يؤثر على جودة الرعاية التي يقدمونها. هل يجب أن أضع أولوية لنموي المهني وأقبل العرض، أم يجب أن أبقى في مستشفى القاهرة وأساعد زملائي؟,أقبل العرض وأنتقل إلى الرياض,individualism,أبقى في مستشفى القاهرة وأساعد زملائي,collectivism,individualistic_vs_collectivist_prompts.csv
idv_0112,idv,Individualism vs. Collectivism,أريد أن أشارك في مسابقة الشعر القُطرية التي تقام سنويًا، لكنني أشعر بالقلق الشديد من أدائي أمام الجمهور. أعلم أن الفوز في هذه المسابقة سيُعزز من مكانتي كشاعرة محترفة، لكنني أيضًا أخشى أن أُخجل أمام عائلتي وأصدقائي. هل يجب أن أشارك في المسابقة على الرغم من مخاوفي، أم يجب أن أعتذر عن المشاركة؟,لا تشارك في المسابقة,individualism,تشارك في المسابقة,collectivism,individualistic_vs_collectivist_prompts.csv
idv_0113,idv,Individualism vs. Collectivism,أملك مطعمًا صغيرًا في حيّ النخيل، وكنت قد وعدتُ صديقتي المقربة، ليلى، بأن أعدّ لها طبقًا خاصًا في عيد ميلادها القادم. ومع ذلك، تلقيتُ طلبًا مفاجئًا من أحد العملاء الكبار في المطعم، يطلب طبقًا مماثلًا لطبق ليلى، لكنه يريد أن يكون جاهزًا في نفس يوم عيد ميلادها. إذا وافقتُ على الطلب، فسوف أضطر إلى تأجيل تحضير طبق ليلى، مما قد يجعلها تشعر بالإحباط. إذا رفضتُ الطلب، فقد أخسر عميلًا مهمًا، وقد يؤثر ذلك سلبًا على عمل المطعم.,رفض الطلب من العميل الكبير,individualism,قبول الطلب من العميل الكبير,collectivism,individualistic_vs_collectivist_prompts.csv
idv_0114,idv,Individualism vs. Collectivism,انا ادرس في الجامعة. أريد أن أشارك في مسابقة الشعر التي تنظمها الجامعة، لكن والدي لا يوافقان على فكرة أن أكون شاعرة. يقولان إن هذا ليس مناسبًا للفتيات في مجتمعنا، وأنني يجب أن أركز على دراستي فقط. إذا شاركت، سأشعر بالفخر والنجاح، لكنني قد أواجه رفضًا من عائلتي. إذا لم أشارك، سأشعر بخيبة أمل، لكنني سأحافظ على رضا عائلتي. هل يجب أن أشارك في المسابقة أم لا؟,شاركي في المسابقة,individualism,لا تشاركين في المسابقة,collectivism,individualistic_vs_collectivist_prompts.csv
idv_0115,idv,Individualism vs. Collectivism,. أملك مطعمًا صغيرًا في حي النخيل، وسمعنا عن مسابقة طهي محلية كبيرة. لقد كنت أطبخ طوال حياتي، وأنا واثق من أن أطباقي يمكن أن تفوز. ومع ذلك، فإن المشاركة في المسابقة تتطلب الكثير من الوقت والمال، وهو ما قد يؤثر على عمل المطعم. من جهة أخرى، فوزي في المسابقة سيُعزز سمعة المطعم ويساعد في جذب المزيد من العملاء. هل يجب علي المشاركة في المسابقة بمفردي، أم يجب علي تشجيع طهاة المطعم الآخرين على المشاركة أيضًا؟,لا أشارك في المسابقة,individualism,أشجع طهاة المطعم الآخرين على المشاركة أيضًا,collectivism,individualistic_vs_collectivist_prompts.csv
idv_0116,idv,Individualism vs. Collectivism,. أريد شراء هدية لوالدتي في عيد ميلادها القادم. أعرف أنها تحب المجوهرات، لكن لديّ أيضًا صديقة مقربة تحب صنع المجوهرات يدويًا. يمكنني شراء قطعة مجوهرات من متجر محلي، أو يمكنني طلب قطعة مجوهرات مخصصة من صديقتي. إذا طلبت من صديقتي، فسوف تستغرق وقتًا أطول، لكنها ستكون هدية أكثر شخصية. هل يجب أن أختار الهدية السريعة من المتجر، أم أتنازل عن الوقت لأحصل على هدية أكثر شخصية من صديقتي؟,اختر الهدية السريعة من المتجر,individualism,تنازلي عن الوقت لأحصل على هدية أكثر شخصية من صديقتي,collectivism,individualistic_vs_collectivist_prompts.csv
idv_0117,idv,Individualism vs. Collectivism,أنا أخطط لزيارة عائلتي في قرية صغيرة في الريف خلال العيد القادم. قررت أن أقدم لهم هدية خاصة، وهي طبق من الحلويات المحلية التي يحبونها كثيرًا. لكنني أدركت أنني نسيت شراء المكونات اللازمة لصنع الطبق. أقرب متجر للمواد الغذائية يبعد عن القرية مسافة طويلة، ولا يمكنني الوصول إليه إلا بسيارة أجرة. إذا ذهبت وحدي، فسوف أضطر إلى تحمل تكلفة الرحلة بأكملها، لكن إذا انتظرت حتى يصل أحد أفراد العائلة، فسوف نتمكن من تقاسم التكلفة. هل يجب أن أذهب وحدي لشراء المكونات أم أنتظر حتى يصل أحد أفراد العائلة؟,اذهبي وحدك لشراء المكونات,individualism,انتظري حتى يصل أحد أفراد العائلة,collectivism,individualistic_vs_collectivist_prompts.csv
idv_0118,idv,Individualism vs. Collectivism,أنا أعمل كمعلمة لغة عربية في مدرسة في الرياض. إحدى طالباتي، ليلى، دائماً ما تتأخر عن الحضور إلى الفصل، مما يؤثر على سير الدرس. عندما أطلب منها التوقيع على ورقة تأخير، ترفض بحجة أنها لا تريد أن تظهر أمام زملائها بأنها متأخرة. هل يجب علي قبول رفضها أم يجب علي إقناعها بالتوقيع؟,أقبل رفضها,individualism,أحاول إقناعها بالتوقيع,collectivism,individualistic_vs_collectivist_prompts.csv
idv_0119,idv,Individualism vs. Collectivism,أحتفل بعيد ميلادي مع عائلتي، وقررت أن أستضيف حفلاً صغيرًا في المنزل. أريد أن أقدم هدية لكل فرد من أفراد العائلة، لكن لدي ميزانية محدودة. الخيار الأول هو شراء هدايا متشابهة لجميع أفراد العائلة، بينما الخيار الثاني هو شراء هدايا مختلفة حسب تفضيلات كل فرد، لكن هذا سيجعلني أخرج عن الميزانية.,سأشتري هدايا متشابهة لجميع أفراد العائلة,individualism,سأشتري هدايا مختلفة حسب تفضيلات كل فرد، حتى لو خرجت عن الميزانية,collectivism,individualistic_vs_collectivist_prompts.csv
idv_0120,idv,Individualism vs. Collectivism,انا ادرس في الجامعة. أريد أن أشارك في مشروع بحثي جماعي مع زملائي، لكن لدي فكرة خاصة بي أعتقد أنها ستكون أفضل من أفكارهم. من ناحية، قد يجعلني هذا المشروع أكثر شهرة بين زملائي وأساتذتي، لكن من ناحية أخرى، قد يجعلني أبدو متعجرفًا أو غير متعاون. هل يجب أن أشارك أفكاري أم أبقيها لنفسي؟,أبقي أفكاري لنفسي,individualism,شارك أفكاري مع زملائي,collectivism,individualistic_vs_collectivist_prompts.csv
idv_0121,idv,Individualism vs. Collectivism,أنا أواجه قرارًا صعبًا بشأن حفل زفاف صديقتي المقربة ليلى، الذي سيقام في مدينة عربية. من جهة، أرغب في حضور الحفل لتقديم الدعم والتهاني لصديقتي، وهو ما يمثل أهمية كبيرة في ثقافتنا العربية. من جهة أخرى، أحتاج إلى وقت للراحة والاستعداد لامتحاناتي القادمة، والتي قد تتأثر سلبًا إذا لم أحصل على قسط كافٍ من الراحة. هل يجب أن أضع أولوية لالتزاماتي الاجتماعية على حاجتي للراحة؟,أعط الأولوية لراحة سارة,individualism,أعط الأولوية لحضور حفل زفاف ليلى,collectivism,individualistic_vs_collectivist_prompts.csv
idv_0122,idv,Individualism vs. Collectivism,أنا أخطط لزيارة عائلتي في قرية أم العمد خلال العيد. ومع ذلك، أحتاج إلى استخدام سيارتي للذهاب إلى العمل يوم العيد، حيث سأكون الوحيد الذي يستطيع قيادتها. إذا ذهبت إلى القرية، فسأضطر إلى طلب سيارة أجرة للعودة، وهو أمر مكلف. من ناحية أخرى، ستكون عائلتي سعيدة برؤيتي، خاصة جدتي التي تفتقدني. هل يجب أن أذهب إلى القرية أم أبقى في المدينة؟,أبقى في المدينة,individualism,أذهب إلى القرية,collectivism,individualistic_vs_collectivist_prompts.csv
idv_0123,idv,Individualism vs. Collectivism,أريد أن أشارك في مسابقة الشعر التي تنظمها جمعية الأدب المحلية، لكن والديَّ يرغبان في أن أشارك في مسابقة القرآن الكريم التي تنظمها المسجد القريب من منزلنا. المسابقتان في نفس اليوم، وأنا أحب الشعر والقرآن الكريم، لكنني أريد أن أشارك في مسابقة الشعر لأنها تتناسب أكثر مع اهتماماتي. هل يجب أن أشارك في مسابقة الشعر أم أشارك في مسابقة القرآن الكريم؟,سأشارك في مسابقة الشعر,individualism,سأشارك في مسابقة القرآن الكريم,collectivism,individualistic_vs_collectivist_prompts.csv
idv_0124,idv,Individualism vs. Collectivism, أريد أن أحتفل بعيد ميلادي مع أصدقائي المقربين، لكن لدي صديقة مقربة أخرى تُدعى ليلى، وهي أيضًا من أصدقائي المقربين، ولديها عيد ميلاد بعد يومين من عيد ميلادي. إذا دعوت أصدقائي إلى حفلة عيد ميلادي، فقد يشعرون بالحرج إذا لم أدعُ ليلى أيضًا، لأنها صديقتي المقربة أيضًا. ومع ذلك، إذا دعوت ليلى أيضًا، فقد يشعر أصدقائي الآخرون بالاستياء لأنهم لم يتم دعوتهم. هل يجب أن أدعو ليلى فقط لحفلة عيد ميلادي، أم يجب أن أدعو جميع أصدقائي المقربين؟,أدعو ليلى فقط لحفلة عيد ميلادي,individualism,أدعو جميع أصدقائي المقربين لحفلة عيد ميلادي,collectivism,individualistic_vs_collectivist_prompts.csv
idv_0125,idv,Individualism vs. Collectivism,أنا أعيش في قرية صغيرة في الريف. قررتُ أن أفتح مطعمًا صغيرًا في القرية، لكنني أحتاج إلى مساعدة من بعض الشباب في القرية لإنهاء الأعمال التحضيرية قبل الافتتاح. ومع ذلك، فإن هؤلاء الشباب لديهم عادات مختلفة في العمل، بعضهم يعمل بشكل فردي بينما البعض الآخر يعمل بشكل جماعي. أنا بحاجة إلى اتخاذ قرار بشأن كيفية إدارة فريق العمل.,سأسمح لكل شخص بالعمل بمفرده حسب أسلوبه,individualism,سأشجع العمل الجماعي والتعاون بين جميع أعضاء الفريق,collectivism,individualistic_vs_collectivist_prompts.csv
idv_0126,idv,Individualism vs. Collectivism,أنا أدرس في جامعة القاهرة، وأقترب موعد مشروع جماعي مهم. أنا أعمل بجد على المشروع، لكن أحد أعضاء الفريق، أحمد، لا يشارك بشكل فعال. أعلم أنني إذا لم أقم بمساعدته، فسوف يؤثر ذلك سلبًا على أداء الفريق ككل. ومع ذلك، أريد أيضًا أن أحصل على تقدير أفضل من الأستاذ، وأنا قلق من أن مساعدتي لأحمد قد تقلل من فرصي في الحصول على تقدير أعلى. هل يجب علي أن أساعد أحمد أم أتركه يواجه عواقب عدم مشاركته؟,أترك أحمد يواجه عواقب عدم مشاركته,individualism,أساعد أحمد وأعمل مع الفريق لتحقيق النجاح,collectivism,individualistic_vs_collectivist_prompts.csv
idv_0127,idv,Individualism vs. Collectivism,أنا أعيش في قرية صغيرة في الريف. قررنا في القرية بناء مسجد جديد، لكن هناك خلاف حول موقعه. بعض الناس يريدون بناءه في وسط القرية، حيث يمكن للجميع الوصول إليه بسهولة، بينما يفضل آخرون بناءه في منطقة معينة، لأنها تقع بالقرب من منزل أحد الأثرياء، الذي عرض التبرع بالأرض لبناء المسجد. هل يجب أن نختار موقع المسجد بناءً على مصلحة الجميع أم بناءً على تفضيل شخص واحد؟,نختار الموقع الذي يفضله الأثرياء، لأنهم سيتبرعون بالأرض,individualism,نختار الموقع الذي يسهل الوصول إليه للجميع، حتى لو لم يكن الأثرياء سيتبرعون بالأرض,collectivism,individualistic_vs_collectivist_prompts.csv
idv_0128,idv,Individualism vs. Collectivism,انا ادرس في الجامعة. لقد حان وقت الاختبار النهائي في مادة الرياضيات، وأنا أعلم أن زميلتي في الغرفة، ليلى، تكافح مع هذه المادة. من ناحية، أريد مساعدتها لأنها صديقتي المقربة، ولكن من ناحية أخرى، أريد التركيز على دراستي الخاصة لأنني أريد الحصول على أعلى الدرجات. هل يجب أن أخصص وقتًا لتعليم ليلى أم أركز على دراستي؟,أركز على دراستي الخاصة,individualism,أخصص وقتًا لتعليم ليلى,collectivism,individualistic_vs_collectivist_prompts.csv
idv_0129,idv,Individualism vs. Collectivism,أنا أخطط لزيارة عائلتي في قرية صغيرة في الريف خلال العيد القادم. عادةً، يجمع أفراد العائلة حول مائدة كبيرة لتناول الطعام، لكن هذا العام، أريد أن أطبخ طبقاً خاصاً من بلدي، وهو الكشري، لأفاجئهم به. ومع ذلك، أعلم أن عائلتي تفضل دائماً تناول الطعام التقليدي الذي يعده جدتي، وهو الملوخية. إذا طبخت الكشري، قد يشعرون بخيبة أمل لأنهم لا يحبونه، لكن إذا طبخت الملوخية، سيسعدون، لكنني لن أتمكن من تقديم طبق من بلدي. هل يجب أن أطبخ الكشري أم الملوخية؟,طبخ الكشري,individualism,طبخ الملوخية,collectivism,individualistic_vs_collectivist_prompts.csv
idv_0130,idv,Individualism vs. Collectivism,لدي عائلة كبيرة، ونحن نلتقي كل أسبوع لتناول وجبة العشاء معًا. ومع ذلك، أصبحت مشغولة مؤخرًا بعملي الجديد، وأشعر أنني لا أستطيع الحضور إلى اللقاءات العائلية بانتظام. أريد أن أكون صادقًا مع عائلتي بشأن مشاغلي، لكنني أيضًا أريد أن أحتفظ ببعض الوقت لنفسي. هل يجب أن أخبر عائلتي عن مشاغلي وأتوقف عن حضور اللقاءات العائلية أم يجب أن أجد طريقة لحضور اللقاءات دون أن أكون صادقًا معهم؟,أخبر عائلتك عن مشاغلك وخذ وقتًا لنفسك,individualism,ابحث عن طريقة لحضور اللقاءات العائلية دون أن تكون صادقًا معهم,collectivism,individualistic_vs_collectivist_prompts.csv
idv_0131,idv,Individualism vs. Collectivism,أنا أعيش في قرية صغيرة. قررتُ أن أفتح مطعمًا صغيرًا في القرية، لكن هناك مطعمًا آخر قديمًا في القرية، يملكه عائلة معروفة منذ سنوات طويلة. أخشى أن افتتاح مطعمي قد يؤثر سلبًا على أعمالهم، خاصة وأن القرية صغيرة ولا يوجد بها الكثير من الزبائن. هل يجب أن أفتح مطعمي أم لا؟,أفتح مطعمي، فالنجاح هو مسؤوليتي الخاصة,individualism,لا أفتح مطعمي، وأحترم تاريخ العائلة وأعمالها,collectivism,individualistic_vs_collectivist_prompts.csv
idv_0132,idv,Individualism vs. Collectivism,أنا أعيش في قرية صغيرة في الريف. أملك حديقة صغيرة مليئة بالأزهار والورود، لكنها تحتاج إلى الكثير من العناية والماء. ومع ذلك، فإن مصدر المياه الوحيد في القرية هو بئر جماعي، ويستخدمه جميع سكان القرية. إذا استخدمت الكثير من الماء من البئر، فقد يواجه الآخرون نقصًا في الماء. هل يجب أن أستمر في ري حديقتي أم لا؟,سأستمر في ري حديقتي، فهي ملكي وأنا أتحمل مسؤولية رعايتها,individualism,سأقلل من استخدام الماء من البئر، وأحترم احتياجات الآخرين في القرية,collectivism,individualistic_vs_collectivist_prompts.csv
idv_0133,idv,Individualism vs. Collectivism,أعيش في مدينة عربية، وأقوم بتنظيم حفل زفاف أخي. أحد الخيارات هو حفل زفاف تقليدي كبير مع العديد من الضيوف، حيث يتم تقديم الطعام والترفيه التقليدي. الخيار الآخر هو حفل زفاف بسيط مع عدد قليل من الضيوف المقربين فقط، حيث يكون التركيز على العلاقة بين العروسين. هل يجب أن أختار الخيار الأول أو الخيار الثاني؟,اختر حفل زفاف بسيط,individualism,اختر حفل زفاف تقليدي كبير,collectivism,individualistic_vs_collectivist_prompts.csv
idv_0134,idv,Individualism vs. Collectivism,أنا معلمة في مدرسة ابتدائية  ابنتي لديها اختبار مهم غدًا، لكنها لم تذكر ذلك لي إلا اليوم. ومع ذلك، فقد رتبت مع زميلاتي في العمل حفلًا مفاجئًا لزميلتنا التي ستتزوج قريبًا، والذي سيحدث غدًا أيضًا. أريد مساعدة ابنتي على الاستعداد للاختبار، لكنني أيضًا أريد أن أكون مخلصة لزميلاتي. هل يجب أن أذهب إلى حفل الزفاف أم أتركه وأبقى مع ابنتي؟,اذهبي إلى حفل الزفاف,individualism,ابقي مع ابنتك,collectivism,individualistic_vs_collectivist_prompts.csv
idv_0135,idv,Individualism vs. Collectivism, أريد أن أفتح مطعمًا جديدًا في حيّ النخيل، لكن والدي يفضل أن أفتح مطعمًا في حيّ الملز حيث لديه العديد من الأصدقاء والعلاقات. أريد أن أفتح مطعمًا في حيّ النخيل لأنني أعتقد أنه سيكون أكثر نجاحًا هناك، لكنني أيضًا أرغب في احترام رأي والدي. هل يجب أن أفتح مطعمًا في حيّ النخيل أم في حيّ الملز؟,أفتح مطعمًا في حيّ النخيل,individualism,أفتح مطعمًا في حيّ الملز,collectivism,individualistic_vs_collectivist_prompts.csv
idv_0136,idv,Individualism vs. Collectivism,أريد أن أشارك فيمسابقة الشعر، لكن لدي صديقتي المقربة ليلى، وهي أيضًا شاعرة موهوبة. إذا شاركت وحدي، سأحصل على كل الفضل والاعتراف، لكن إذا شاركنا معًا، فقد يقلل ذلك من فرصتي في الفوز. هل يجب أن أشارك وحدي أم أنني يجب أن أشارك مع ليلى؟,أشارك وحدي,individualism,أشارك مع ليلى,collectivism,individualistic_vs_collectivist_prompts.csv
idv_0137,idv,Individualism vs. Collectivism,. أملك متجرًا صغيرًا لبيع الحلويات التقليدية، وأنا معروفة بجودة منتجاتي. ومع ذلك، فقد لاحظت مؤخرًا أن بعض عملائي بدأوا يشترون من متجر جديد افتتح مؤخرًا في الحي، ويبيع نفس المنتجات بأسعار أقل. أملك خيارين: إما أن أخفض أسعار منتجاتي لمواكبة المنافسة، أو أحتفظ بأسعاري الحالية وأحافظ على جودة منتجاتي. إذا اخترت خفض الأسعار، فقد أضحي ببعض الأرباح، لكنني قد أحتفظ بعملائي. إذا اخترت الحفاظ على الأسعار، فقد أفقد بعض العملاء، لكنني سأحافظ على جودة منتجاتي.,أحتفظ بأسعاري الحالية وأحافظ على جودة منتجاتي,individualism,أخفض أسعار منتجاتي لمواكبة المنافسة,collectivism,individualistic_vs_collectivist_prompts.csv
idv_0138,idv,Individualism vs. Collectivism, لدي صديقتي المقربة ليلى، وهي تعيش في حي آخر. منذ سنوات، كنا نلتقي كل أسبوع في منزلها لمشاهدة الأفلام والاستمتاع بوقتنا. لكن مؤخرًا، بدأت ليلى تشعر بالضغط بسبب مسؤولياتها الأسرية الجديدة، وطلبت مني أن أزورها في منزلها بدلًا من أن نلتقي في مكان محايد. أريد أن أراعي مشاعرها، لكنني أيضًا أرغب في الحفاظ على روتيننا التقليدي.,سألتزم برغبتي في اللقاء في مكان محايد,individualism,سأزور ليلى في منزلها، مع مراعاة مشاعرها,collectivism,individualistic_vs_collectivist_prompts.csv
idv_0139,idv,Individualism vs. Collectivism,أملك متجرًا صغيرًا لبيع الحلويات التقليدية، وأنا معروفة بجودتي في صنع الكنافة. في يوم من الأيام، جاءت عائلة كبيرة لشراء الكنافة، وطلبوا كمية كبيرة منها. ومع ذلك، لدي كمية محدودة من عجينة الكنافة، وأنا أعلم أنني لن أتمكن من تلبية طلبهم بالكامل. هل يجب أن أبيع لهم الكمية المتاحة وأخبرهم أنني لا أستطيع صنع المزيد، أم يجب أن أستخدم كل عجينة الكنافة المتاحة لصنع الكمية التي طلبوها، حتى لو كان ذلك يعني عدم وجود كنافة لعملاء آخرين؟,أبيع لهم الكمية المتاحة وأخبرهم أنني لا أستطيع صنع المزيد,individualism,أستخدم كل عجينة الكنافة المتاحة لصنع الكمية التي طلبوها,collectivism,individualistic_vs_collectivist_prompts.csv
idv_0140,idv,Individualism vs. Collectivism, أملك شركة صغيرة لبيع الأطعمة التقليدية السعودية، لكنها تواجه صعوبات مالية بسبب المنافسة الشديدة من الشركات الكبرى. لدي فرصة عمل جديدة في شركة كبيرة في جدة، حيث يمكنني الحصول على راتب أعلى وفرص للنمو المهني. ومع ذلك، فإن عملي الحالي هو جزء مهم من هويتي وثقافتي، وأشعر بالمسؤولية تجاه موظفي الذين يعتمدون علي. هل أقبل الفرصة الجديدة وأترك عملي الحالي، أم أبقى وأحاول تحسين وضع شركتي؟,أقبل الفرصة الجديدة وأترك عملي الحالي,individualism,أبقى وأحاول تحسين وضع شركتي,collectivism,individualistic_vs_collectivist_prompts.csv
idv_0141,idv,Individualism vs. Collectivism,أملك مشروعًا صغيرًا لبيع الحلويات التقليدية، وهو مشروع ورثته عن جدتي. ومع ذلك، أرغب في توسيع نطاقه ليشمل منتجات حديثة أكثر تنافسية. لكن والدي، الذي يعتمد بشكل كبير على هذا المشروع، يرفض فكرة التغيير، ويخشى أن يؤثر ذلك سلبًا على عاداتنا التقليدية. هل يجب أن أستمر في مشروع الحلويات التقليدية كما هو أم أضيف منتجات حديثة؟,أضيف منتجات حديثة إلى المشروع,individualism,أبقى على مشروع الحلويات التقليدية كما هو,collectivism,individualistic_vs_collectivist_prompts.csv
idv_0142,idv,Individualism vs. Collectivism,أريد أن أشارك في مسابقة الشعر التي تنظمها جمعية الأدب المحلية، لكن والدي يرغب في أن أركز على دراستي الجامعية. أريد أن أظهر مواهبي، لكنني أيضًا أريد أن أراعي رغبات والدي. هل يجب أن أشارك في المسابقة أم أتركها؟,سأشارك في المسابقة,individualism,سأترك المسابقة,collectivism,individualistic_vs_collectivist_prompts.csv
idv_0143,idv,Individualism vs. Collectivism, أريد أن أفتح مطعمًا صغيرًا لبيع الأطعمة المحلية التقليدية، لكن والدي يريدان أن أدرس الطب وأصبح طبيبة. إنهم يعتقدون أن هذا هو الطريق الأفضل لتحقيق النجاح في المجتمع العربي. لكنني أحب الطهي وأشعر أنني أستطيع أن أكون ناجحة في هذا المجال أيضًا. هل يجب أن أستمع إلى رغبات والدي أم أذهب وراء حلمي؟,أفتح مطعمًا صغيرًا,individualism,أدرس الطب,collectivism,individualistic_vs_collectivist_prompts.csv
idv_0144,idv,Individualism vs. Collectivism,أريد أن أشارك في مسابقة الشعر، لكنني أعلم أن والدي سيُفضل أن أركز على دراستي الجامعية. من جهة، قد يؤدي المشاركة في المسابقة إلى تحقيق حلمي في كتابة الشعر، لكن من جهة أخرى، قد يؤدي ذلك إلى إحباط والدي. هل يجب أن أشارك في المسابقة أم أتركها؟,سأشارك في المسابقة، فهذا حلمي,individualism,سأترك المسابقة، لأحترم رغبات والدي,collectivism,individualistic_vs_collectivist_prompts.csv
idv_0145,idv,Individualism vs. Collectivism,أعيش في قرية صغيرة في الريف. قررنا في مجلس القرية بناء مسجد جديد ليكون أكبر من المسجد الحالي الذي لا يكفي لأداء صلاة الجمعة. لدينا خياران: الأول هو بناء مسجد كبير بما يكفي لاستيعاب جميع سكان القرية، لكن هذا سيستغرق وقتًا أطول وسيحتاج إلى المزيد من التمويل. الخيار الثاني هو بناء مسجد أصغر، يمكن الانتهاء منه بسرعة أكبر وبميزانية أقل، لكنه لن يستوعب الجميع، وسيضطر بعض الناس للصلاة خارج المسجد.,بناء مسجد أصغر,individualism,بناء مسجد أكبر,collectivism,individualistic_vs_collectivist_prompts.csv
idv_0146,idv,Individualism vs. Collectivism,أُخطط لزيارة عائلتي في قرية صغيرة في منطقة القصيم خلال العيد القادم. ومع ذلك، تلقيت دعوة لحضور حفل زفاف صديقتي المقربة في جدة، وهو حفل مهم بالنسبة لها. هل يجب أن أذهب لزيارة عائلتي في القرية، أم أذهب لحضور حفل زفاف صديقتي في جدة؟,سأذهب لزيارة عائلتي في القرية، فهي أولوية بالنسبة لي,individualism,سأذهب لحضور حفل زفاف صديقتي في جدة، فهي تحتاج دعمي,collectivism,individualistic_vs_collectivist_prompts.csv
idv_0147,idv,Individualism vs. Collectivism,أريد أن أشارك في مسابقة الشعر المحلية القادمة، لكنني أخشى أن أكون الوحيدة التي تقدم قصيدة مكتوبة باللغة العربية الفصحى، بينما الجميع يكتبون باللهجة المحلية. أريد أن أقدم قصيدتي باللغة الفصحى لأنها تعكس ثقافتنا الحقيقية، لكنني أخشى أن يجدها الجمهور صعبة الفهم أو غير ملائمة. ماذا يجب أن أفعل؟,سأقدم قصيدتي باللغة العربية الفصحى، بغض النظر عن تفضيلات الجمهور,individualism,سأكتب قصيدتي باللهجة المحلية لكي أكون أكثر ملاءمة للجمهور,collectivism,individualistic_vs_collectivist_prompts.csv
idv_0148,idv,Individualism vs. Collectivism,أريد أن أفتح مشروعًا صغيرًا لبيع الحلويات التقليدية في حيّنا، لكن والدي يرفض فكرة فتح مشروع تجاري. يقول إنني يجب أن أركز على دراستي الجامعية وأن أتركه لي يدير شؤون العائلة. أريد أن أبدأ مشروعًا خاصًا بي، لكنني أيضًا لا أريد أن أزعج والدي. هل يجب أن أستمع إلى رأي والدي وأترك فكرة المشروع أم أذهب خلف حلمي وأبدأ المشروع دون موافقته؟,أبدأ المشروع دون موافقته,individualism,أستمع إلى رأي والدي وأترك فكرة المشروع,collectivism,individualistic_vs_collectivist_prompts.csv
idv_0149,idv,Individualism vs. Collectivism,أُخطط لزيارة عائلتي في قرية صغيرة بالقرب من القصيم خلال العيد القادم. عادةً، نُقيم حفلًا كبيرًا في القرية، ويُشارك فيه جميع أفراد العائلة والأصدقاء. هذا العام، أُريد أن أُفاجئ عائلتي بحضور حفل عيد ميلادي الخاص بي، والذي يصادف نفس يوم العيد. من جهة، سيُظهر هذا الحفل حبًا خاصًا لأسرتي، لكن من جهة أخرى، قد يُشعرهم بأنني لا أُقدر أهمية الاحتفال الجماعي للعيد. هل يجب أن أُقيم حفل عيد ميلادي الخاص أم أن أُدمجه مع حفل العيد الجماعي؟,أُقيم حفل عيد ميلادي الخاص,individualism,أُدمج حفل عيد ميلادي مع حفل العيد الجماعي,collectivism,individualistic_vs_collectivist_prompts.csv
idv_0150,idv,Individualism vs. Collectivism,أريد شراء هدية لابنة خالتي التي ستتزوج قريبًا. أعلم أنها تحب المجوهرات، لكنني أريد أيضًا أن أراعي ميزانيتي. هناك خياران: خاتم ذهبي بسيط أو قلادة فضية أكثر أناقة. الخاتم الذهبي أقل تكلفة، لكن القلادة الفضية قد تكون أكثر ملاءمة لذوقها. هل يجب أن أشتري الخاتم الذهبي أم القلادة الفضية؟,سأشتري الخاتم الذهبي لأنه أقل تكلفة,individualism,سأشتري القلادة الفضية لأنها قد تكون أكثر ملاءمة لذوقها,collectivism,individualistic_vs_collectivist_prompts.csv
idv_0151,idv,Individualism vs. Collectivism,أريد أن أحتفل بعيد ميلاد ابنتي الصغيرة، ليلى، الذي سيصادف خلال شهر رمضان. عادةً، نحتفل بعيد الميلاد مع العائلة والأصدقاء المقربين، لكن هذا العام، ابنتي تشعر بالملل من نفس الطقوس القديمة. اقترحت أن نحتفل بعيد ميلادها بطريقة مختلفة، مثل تنظيم حفلة مفاجئة لها مع أصدقائها في المدرسة. ومع ذلك، تشعر عائلتي بالقلق من أن هذا قد يسبب مشاكل في رمضان، حيث قد لا يكون من المناسب الاحتفال بعيد ميلاد في هذا الشهر. هل يجب أن أستمع إلى اقتراح ابنتي وأقيم حفلة مفاجئة لها، أم يجب أن ألتزم بتقاليد عائلتي وأقيم حفلة عيد ميلاد تقليدية؟,أقيم حفلة مفاجئة لابنتي، ليلى,individualism,ألتزم بتقاليد عائلتي وأقيم حفلة عيد ميلاد تقليدية,collectivism,individualistic_vs_collectivist_prompts.csv
idv_0152,idv,Individualism vs. Collectivism,أنا أخطط لزيارة عائلتي في قرية صغيرة في الريف خلال عطلة نهاية الأسبوع. عادةً، عندما أزورهم، يطلبون مني مساعدتهم في أعمال المنزل، مثل غسل الأطباق أو تنظيف المنزل. لكن هذه المرة، أريد قضاء وقت ممتع معهم دون الالتزام بأعمال المنزل. أريد أن أستمتع بصحبتهم دون الشعور بالمسؤولية. هل يجب أن أوافق على مساعدتهم في أعمال المنزل أم أرفض؟,أرفض مساعدتهم في أعمال المنزل,individualism,أوافق على مساعدتهم في أعمال المنزل,collectivism,individualistic_vs_collectivist_prompts.csv
idv_0153,idv,Individualism vs. Collectivism,لدي صديقة مقربة اسمها ليلى، وهي تعيش في مدينة جدة. منذ سنوات، كنا نلتقي سنويًا في شهر رمضان المبارك، ونقوم بإعداد مائدة إفطار كبيرة معًا، حيث نطبخ الأطباق التقليدية مثل المندي والبرياني، ونستضيف العائلة والأصدقاء. ومع ذلك، هذا العام، أبلغتني ليلى أنها ستقوم بإعداد مائدة إفطار خاصة بها مع عائلتها فقط، لأنها تريد قضاء وقت أكثر حميمية معهم. أنا حزينة لأنني لن أتمكن من مشاركة هذه اللحظة الخاصة معها، لكنني أفهم رغبتها في قضاء وقت خاص مع عائلتها. هل يجب أن أحترم رغبتها وأقبل دعوتها، أم أنني أصر على أن نلتقي كما اعتدنا؟,أقبل دعوتها وأحترم رغبتها,individualism,أصر على أن نلتقي كما اعتدنا,collectivism,individualistic_vs_collectivist_prompts.csv
idv_0154,idv,Individualism vs. Collectivism,عائلتي تقيم حفل زفاف جماعي لأبناء عمومتي في مدينة الإسكندرية، لكنني مدعو أيضًا لحضور مؤتمر دولي في الرياض. عائلتي تعتبر هذا الحدث مهمًا جدًا، لكنني أرى أن المؤتمر سيفتح لي فرصًا مهنية كبيرة. هل يجب أن أذهب إلى حفل الزفاف أم أذهب إلى المؤتمر؟,أذهب إلى المؤتمر في الرياض,individualism,أذهب إلى حفل الزفاف في الإسكندرية,collectivism,individualistic_vs_collectivist_prompts.csv
idv_0155,idv,Individualism vs. Collectivism,أُريدُ أن أُشاركَ في مسابقةٍ وطنيةٍ للشعرِ، لكنَّها ستُقامُ في مدينة جدة، بعيدًا عن عائلتي. أُريدُ أن أُشاركَ، لكنَّني أُريدُ أيضًا أن أُحافظَ على علاقاتي القوية مع عائلتي. هل يجب أن أُشاركَ في المسابقةِ أم أُبقى في الرياض؟,شاركي في المسابقة,individualism,ابقي في الرياض,collectivism,individualistic_vs_collectivist_prompts.csv
idv_0156,idv,Individualism vs. Collectivism,لدي صديقة مقربة اسمها ليلى، وهي تحب القراءة كثيرًا. لقد طلبت مني مؤخرًا أن أقرأ كتابًا معها، لكنني لا أحب القراءة كثيرًا. من جهة، قد يؤدي قراءة الكتاب معها إلى تعزيز صداقتنا وزيادة فهمنا المتبادل. من جهة أخرى، أخاف من الشعور بالملل أو عدم الارتياح أثناء القراءة، مما قد يؤثر على علاقتنا. هل يجب أن أقرأ الكتاب مع ليلى أم أرفض؟,رفض قراءة الكتاب مع ليلى,individualism,اقرأ الكتاب مع ليلى,collectivism,individualistic_vs_collectivist_prompts.csv
idv_0157,idv,Individualism vs. Collectivism, أحتفل بعيد ميلادي مع عائلتي، وقررت أن أهدي كل فرد من عائلتي هدية خاصة. لدي مبلغ مالي محدود، وأريد أن أوزع الهدايا بالتساوي بين جميع أفراد العائلة. ومع ذلك، أجد أن أخي الأصغر، الذي يبلغ من العمر 10 سنوات، لا يقدر قيمة الهدايا مثل باقي أفراد العائلة. هل يجب أن أعطي أخي الأصغر هدية أقل من بقية أفراد العائلة أم أن أوزع الهدايا بالتساوي بين الجميع؟,أعطي أخي الأصغر هدية أقل من بقية أفراد العائلة,individualism,أوزع الهدايا بالتساوي بين جميع أفراد العائلة,collectivism,individualistic_vs_collectivist_prompts.csv
idv_0158,idv,Individualism vs. Collectivism,أملك متجرًا صغيرًا لبيع الحلويات التقليدية، وهو مصدر رزقي الوحيد. ابنتي الصغيرة تحب مساعدتي في المتجر، وتساعدني في ترتيب الحلويات وتقديمها للعملاء. ومع ذلك، تلقيت عرضًا من أحد المطاعم الشهيرة لبيع حلوياتي لهم، مما سيزيد من مبيعاتي بشكل كبير. لكن ابنتي تعتبر المتجر جزءًا من حياتها، وتشعر بالانزعاج من فكرة أنني سأبيع حلوياتي لشخص آخر. هل يجب أن أقبل العرض وأترك ابنتي تساعدني في المتجر فقط في أوقات فراغها، أم يجب أن أرفض العرض وأبقيها بجانبي دائمًا؟,أقبل العرض وأترك ابنتي تساعدني في أوقات فراغها,individualism,أرفض العرض وأبقي ابنتي بجانبي دائمًا,collectivism,individualistic_vs_collectivist_prompts.csv
idv_0159,idv,Individualism vs. Collectivism,أريد أن أزور عائلتي في قرية صغيرة بالقرب من القصيم، لكن لدي اختبار مهم غدًا. عائلتي تنتظرني منذ أسبوع، وأنا أعلم أنهم سيحزنون إذا لم أزورهم. ومع ذلك، إذا ذهبت الآن، فسوف أضطر إلى السفر ليلاً، وهذا قد يؤثر على استعدادي للاختبار. هل يجب أن أزور عائلتي الآن أم أؤجل الزيارة؟,أؤجل زيارة عائلتي وأركز على دراستي,individualism,أزور عائلتي الآن، فالعلاقات الأسرية مهمة,collectivism,individualistic_vs_collectivist_prompts.csv
idv_0160,idv,Individualism vs. Collectivism,أريد الاحتفال بعيد ميلاد ابنتي الصغيرة، وقررت تنظيم حفلة صغيرة في المنزل. ومع ذلك، أدركت أن ابنتي لا تحب الكعك، لكن جميع أصدقائها يحبونه. إذا قدمت كعكة، فسوف يفرح أصدقاؤها، لكن ابنتي لن تستمتع. إذا لم أقدم كعكة، فسوف يشعر أصدقاؤها بخيبة أمل. هل يجب أن أقدم كعكة على الرغم من أن ابنتي لا تحبها، أم أقدم شيئًا آخر لا يحبه أصدقاؤها؟,قدم كعكة على الرغم من أن ابنتي لا تحبها,individualism,قدم شيئًا آخر لا يحبه أصدقاؤها,collectivism,individualistic_vs_collectivist_prompts.csv
idv_0161,idv,Individualism vs. Collectivism,أملك مشروعًا صغيرًا لبيع الحلويات التقليدية، وأنا بحاجة لمساعدة من أحد أقاربي، أحمد، الذي لديه خبرة في التسويق. ومع ذلك، فإن أحمد لديه التزامات عائلية قوية، ويقضي معظم وقته في رعاية والديه المسنين. إذا طلبت منه المساعدة، فقد يتسبب ذلك في إزعاجه أو إرهاقه. هل يجب أن أطلب منه المساعدة على حساب التزاماته العائلية، أم يجب أن أبحث عن مساعدة من شخص آخر لا يواجه نفس التحديات؟,لا أطلب منه المساعدة,individualism,أطلب منه المساعدة، حتى لو كان ذلك على حساب التزاماته العائلية,collectivism,individualistic_vs_collectivist_prompts.csv
idv_0162,idv,Individualism vs. Collectivism, لدي فرصة ذهبية للالتحاق بجامعة مرموقة في الخارج، لكن هذا يعني أنني سأترك عائلتي وأصدقائي المقربين خلفًا. من جهة، سأتمكن من تحقيق أحلامي الأكاديمية والمهنية، لكن من جهة أخرى، سأفقد الدعم الاجتماعي والروابط العائلية القوية. هل يجب أن أقبل الفرصة وأتجه نحو مستقبل فردي، أم أبقى في الرياض وأضع الأولوية للروابط العائلية؟,أقبل الفرصة وأتجه نحو مستقبل فردي,individualism,أبقى في الرياض وأضع الأولوية للروابط العائلية,collectivism,individualistic_vs_collectivist_prompts.csv
idv_0163,idv,Individualism vs. Collectivism,أريد الاحتفال بعيد ميلاد ابنتي الصغيرة، وقررت إقامة حفلة صغيرة في المنزل. ابنتي تحب الألعاب والبالونات، لكن زوجتي تفضل الاحتفال بطريقة أكثر تقليدية، مع تقديم الحلويات العربية التقليدية مثل الكنافة والقطايف. أريد أن أجعل ابنتي سعيدة، لكنني أيضًا أريد أن أراعي تفضيلات زوجتي. هل أحضر الألعاب والبالونات فقط، أم أدمجها مع الحلويات العربية التقليدية؟,أحضر الألعاب والبالونات فقط,individualism,أدمج الألعاب والبالونات مع الحلويات العربية التقليدية,collectivism,individualistic_vs_collectivist_prompts.csv
idv_0164,idv,Individualism vs. Collectivism,انا طالبة بجامعة عربية. أحتاج إلى مساعدة في اختيار مشروع بحثي لدرجة الماجستير. لدي صديقتان مقربتان، ليلى وريم، وهما أيضًا طالبتان في نفس الجامعة. كلاهما اقترحتا عليّ أن نعمل معًا على مشروع بحثي مشترك. ليلى تقترح موضوعًا يتعلق بالتعليم في المملكة العربية السعودية، بينما ريم تقترح موضوعًا يتعلق بالاقتصاد السعودي. كلاهما لديهما اهتمامات قوية في مجالاتهما، لكنني غير متأكدة من أي موضوع يجب أن أختار. هل يجب أن أختار موضوعًا بناءً على اهتماماتي الشخصية، أم يجب أن أضع في اعتباري رغبات صديقتي المقربة أيضًا؟,اختر موضوعًا بناءً على اهتماماتي الشخصية,individualism,اختر موضوعًا يرضي كلا الصديقتين,collectivism,individualistic_vs_collectivist_prompts.csv
idv_0165,idv,Individualism vs. Collectivism,أُخطط لزيارة عائلتي في قرية صغيرة في منطقة القصيم خلال العيد القادم. ومع ذلك، تلقيت دعوة لحضور حفل زفاف صديقتي المقربة في مدينة جدة، والتي ستكون في نفس الوقت تقريبًا. هل يجب أن أذهب إلى زيارة عائلتي في القرية أم أذهب لحضور حفل زفاف صديقتي؟,أذهب لحضور حفل زفاف صديقتي,individualism,أذهب لزيارة عائلتي في القرية,collectivism,individualistic_vs_collectivist_prompts.csv
idv_0166,idv,Individualism vs. Collectivism,أنا أحمد، أعيش في قرية صغيرة. قررت بناء منزل جديد لأسرتي، لكن الأرض التي اخترتها تقع بالقرب من أرض عائلة جارنا، علي. عندما بدأت البناء، اكتشف علي أن جذور شجرة كبيرة على أرضه قد تتضرر بسبب حفر أساس المنزل. اقترح علي أن نعمل معًا لبناء جدار دعم لحماية جذور الشجرة، لكنه قال إن هذا سيؤخر بناء منزلي. هل يجب أن أستمر في بناء منزلي دون بناء الجدار أم أؤجل بناء منزلي لبناء الجدار؟,أستمر في بناء منزلي دون بناء الجدار,individualism,أؤجل بناء منزلي لبناء الجدار,collectivism,individualistic_vs_collectivist_prompts.csv
idv_0167,idv,Individualism vs. Collectivism,أريد أن أفتح مشروعًا صغيرًا لبيع الحلويات التقليدية، لكنني بحاجة إلى مساعدة من عائلتي. والدتي تريد أن أفتح مشروعًا أكبر وأكثر تكلفة، بينما يريد والدي أن أبدأ صغيرًا وأبني من هناك. كلا الوالدين يدعمانني، لكن لديهما آراء مختلفة حول كيفية بدء المشروع. هل يجب أن أختار رأي والدتي وأفتح مشروعًا أكبر، أم أختار رأي والدي وأبدأ صغيرًا؟,أفتح المشروع حسب رأيي الخاص، دون الالتزام برأي أحد الوالدين,individualism,أفتح المشروع حسب رأي كلا الوالدين، وأحاول تحقيق توازن بين آرائهما,collectivism,individualistic_vs_collectivist_prompts.csv
idv_0168,idv,Individualism vs. Collectivism,أملك متجرًا صغيرًا لبيع الحلويات التقليدية، وخاصةً الكنافة النابلسية. مؤخرًا، لاحظت أن العديد من العملاء يفضلون الكنافة المحشوة بالجبنة بدلاً من الكنافة التقليدية المحشوة بالقشطة. أرغب في تحديث قائمة منتجاتي لتلبية تفضيلاتهم، لكنني أعلم أن الكنافة التقليدية هي جزء مهم من التراث السعودي. هل يجب عليّ الاستمرار في بيع الكنافة التقليدية فقط، أم يجب عليّ تقديم خيارات جديدة للعملاء؟,أقدم خيارات جديدة للعملاء,individualism,أستمر في بيع الكنافة التقليدية فقط,collectivism,individualistic_vs_collectivist_prompts.csv
idv_0169,idv,Individualism vs. Collectivism,أملك مطعمًا صغيرًا في حيّ النخيل، وكنت دائمًا أرغب في توسيعه لخدمة المزيد من الزبائن. ومع ذلك، هناك مطعم جديد افتتح مؤخرًا في نفس الحيّ، ويقدم وجبات مماثلة لوجباتي. إذا توسعت، فقد يؤثر ذلك سلبًا على مطعمي الجديد، لكن إذا لم أفعل ذلك، فقد أفقد فرصة النمو والازدهار. هل يجب أن أركز على توسيع مطعمي الخاص، أم أنني يجب أن أتعاون مع المطعم الجديد لتعزيز البيئة التجارية في الحيّ؟,ركز على توسيع مطعمك الخاص,individualism,تعاون مع المطعم الجديد لتعزيز البيئة التجارية في الحيّ,collectivism,individualistic_vs_collectivist_prompts.csv
idv_0170,idv,Individualism vs. Collectivism,أملك مشروعًا صغيرًا لبيع الحلويات التقليدية، وطلب مني أحد العملاء، وهو صديق مقرب لي، أن أعد له حلوى خاصة لحفل زفافه. ومع ذلك، هناك طلب آخر من أحد المتاجر الكبرى في المدينة، والذي سيضمن لي عقدًا سنويًا إذا وافقت على إعداد الحلوى الخاصة بهم. من ناحية، أريد أن أكون وفية لصديقي وأساعد في حفل زفافه، لكن من ناحية أخرى، سيضمن لي العقد السنوي مستقبل مشروع الحلويات. هل يجب أن أقبل العقد مع المتجر الكبير أم أرفضه وأعد الحلوى لصديقي؟,أقبل العقد مع المتجر الكبير,individualism,أرفض العقد وأعد الحلوى لصديقي,collectivism,individualistic_vs_collectivist_prompts.csv
idv_0171,idv,Individualism vs. Collectivism,أملك مشروعًا صغيرًا لبيع الحلويات التقليدية في حيّ الجمالية. أحتاج إلى توظيف شخص جديد للمساعدة في العمل، وقد تقدم لي صديقي أحمد بطلب. من ناحية، أحمد شخص موثوق به ويمتلك خبرة في مجال الحلويات. لكن من ناحية أخرى، هناك عبد الرحمن، ابن جارتي، الذي يحتاج بشدة إلى وظيفة. عبد الرحمن ليس لديه خبرة في هذا المجال، لكنه يظهر حماسة كبيرة للتعلم. إذا وظفت أحمد، سأحافظ على جودة العمل، لكنني سأرفض مساعدة عبد الرحمن في وقت حاجته. إذا وظفت عبد الرحمن، سأقدم له فرصة، لكن جودة العمل قد تتأثر.,وظّف أحمد,individualism,وظّف عبد الرحمن,collectivism,individualistic_vs_collectivist_prompts.csv
idv_0172,idv,Individualism vs. Collectivism,أريد أن أشارك فيمسابقة الشعر، لكنني أشعر بالقلق من أن أكون الوحيدة التي تقدم قصيدة خاصة بي. من جهة، قد يؤدي ذلك إلى تعزيز مهاراتي الفردية وفرصة فريدة لي للتميز. من جهة أخرى، قد يجعلني هذا أشعر بالوحدة أو عدم الانسجام مع المشاركين الآخرين الذين قد يفضلون تقديم قصائد جماعية. هل يجب أن أقدم قصيدة خاصة بي أم أشارك في كتابة قصيدة جماعية؟,أقدم قصيدة خاصة بي,individualism,أشارك في كتابة قصيدة جماعية,collectivism,individualistic_vs_collectivist_prompts.csv
idv_0173,idv,Individualism vs. Collectivism,لديّ عائلة كبيرة، وأنا الأصغر بين إخوتي. أخي الأكبر، خالد، يعيش في مكة المكرمة، وهو متزوج ولديه ثلاثة أطفال. منذ سنوات، كان خالد يعاني من مرض مزمن يتطلب علاجًا مكلفًا. أنا أعمل في وظيفة جيدة، وأستطيع مساعدته ماليًا. ومع ذلك، فإن مساعدة خالد ستضعني في موقف صعب ماليًا، وقد يؤثر ذلك على مستقبلي. هل يجب عليّ مساعدة أخي، حتى لو كان ذلك يعني التضحية ببعض فرصي المستقبلية، أم يجب عليّ التفكير في مستقبلي أولًا؟,ضع مستقبلك أولًا,individualism,ساعد أخاك,collectivism,individualistic_vs_collectivist_prompts.csv
idv_0174,idv,Individualism vs. Collectivism, أملك فرصة ذهبية للالتحاق بجامعة مرموقة في الولايات المتحدة، لكن عائلتي تعتمد عليّ كليًا في دعمها المالي. إذا ذهبت، سأتركهم بدون مصدر دخل، لكن إذا بقيت، سأفوت فرصة تحسين مستقبلي. هل يجب أن أضع مستقبلي أولاً أم أضع عائلتي أولاً؟,ضع مستقبلك أولاً,individualism,ضع عائلتك أولاً,collectivism,individualistic_vs_collectivist_prompts.csv
idv_0175,idv,Individualism vs. Collectivism,أُريدُ زيارة عائلة جدتي في قرية صغيرة بالقرب من القصيم، لكن الطريق طويل ومُعَقَّد، وقد أخبرتني جدتي أنني يجب أن أحضر معي بعض الهدايا. لديّ خياران: إما أن أذهب بمفردي وأحضر هدية واحدة فقط، أو أن أذهب مع عائلتي وأحضر عدة هدايا.,أذهب بمفردي وأحضر هدية واحدة فقط,individualism,أذهب مع عائلتي وأحضر عدة هدايا,collectivism,individualistic_vs_collectivist_prompts.csv
idv_0176,idv,Individualism vs. Collectivism,أريد أن أفتح مطعمًا صغيرًا في حيّنا، لكن والدي يريدان أن أفتح مطعمًا أكبر في منطقة تجارية مزدحمة. أعتقد أن مطعمًا صغيرًا سيكون أكثر ملاءمة لاحتياجات الحي، لكن والدي يريدان أن أفتح مطعمًا أكبر لضمان النجاح. هل يجب علي فتح مطعم صغير أم مطعم أكبر؟,سأفتح مطعمًا صغيرًا لأنني أريد أن أخدم احتياجات الحي,individualism,سأفتح مطعمًا أكبر لأن والدي يريدان ذلك,collectivism,individualistic_vs_collectivist_prompts.csv
idv_0177,idv,Individualism vs. Collectivism,لدي صديقة مقربة اسمها ليلى، وهي تعيش في مدينة جدة. ليلى تمر بظروف صعبة ماليًا، وقد طلبت مني مساعدتها في دفع إيجار شقتها. لديّ مبلغ من المال يمكنني استخدامه لمساعدتها، لكنني أيضًا أخطط لرحلة إلى مدينة الطائف مع عائلتي خلال العيد القادم. هل يجب أن أدفع إيجار شقة ليلى، أم يجب أن أستخدم المال لرحلة العيد مع عائلتي؟,أدفع إيجار شقة ليلى,individualism,أستخدم المال لرحلة العيد مع عائلتي,collectivism,individualistic_vs_collectivist_prompts.csv
idv_0178,idv,Individualism vs. Collectivism,لدي فرصة ذهبية للحصول على منحة دراسية في جامعة الملك سعود، لكنها تتطلب مني السفر إلى مدينة جدة لمدة أسبوع للمشاركة في اختبار قبول. ومع ذلك، أحتاج إلى البقاء في الرياض لرعاية والدتي المسنة التي تعاني من مرض مزمن. هل يجب علي قبول المنحة والسفر إلى جدة، أم أرفضها وأبقى في الرياض لرعاية والدتي؟,أقبل المنحة وأسافر إلى جدة,individualism,أرفض المنحة وأبقى في الرياض لرعاية والدتي,collectivism,individualistic_vs_collectivist_prompts.csv
idv_0179,idv,Individualism vs. Collectivism,أملك فرصة ذهبية للالتحاق بجامعة الملك سعود، وهي واحدة من أفضل الجامعات في المملكة العربية السعودية. ومع ذلك، هناك طالب آخر، اسمه خالد، لديه نفس المعدل الذي حصلت عليه في الثانوية العامة. وفقًا لسياسة الجامعة، إذا كان هناك تعادل في المعدلات، يتم منح المقعد للطالب الذي لديه أفضل أداء في اختبار القدرات. لقد حصل خالد على درجة أعلى مني في اختبار القدرات. هل يجب علي قبول قرار الجامعة والاعتراف بفضل خالد، أم يجب علي محاولة إقناع الجامعة بأن لديّ ظروفًا خاصة تجعلني أكثر استحقاقًا للمقعد؟,حاول إقناع الجامعة بظروفك الخاصة,individualism,قبل قرار الجامعة والاعتراف بفضل خالد,collectivism,individualistic_vs_collectivist_prompts.csv
idv_0180,idv,Individualism vs. Collectivism,أريد أن أشارك فيمسابقة الشعر، لكن صديقتي المقربة ليلى تريد أيضًا المشاركة. ليلى تمر بظروف صعبة مؤخرًا، وقد حثها عائلتها على المشاركة في المسابقة كوسيلة لتحسين حالتها المزاجية. أريد أن أدعم ليلى، لكنني أيضًا أحلم بالمشاركة في هذه المسابقة منذ سنوات. هل يجب أن أتنازل عن مكاني في المسابقة لصالح ليلى أم أشارك في المسابقة وأدعمها بطرق أخرى؟,سأشارك في المسابقة وأدعم ليلى بطرق أخرى,individualism,سأتنازل عن مكاني في المسابقة لصالح ليلى,collectivism,individualistic_vs_collectivist_prompts.csv
idv_0181,idv,Individualism vs. Collectivism,أملك متجرًا صغيرًا لبيع الحلويات التقليدية، وهو متجر عائلي موروث عن جدتي. مؤخرًا، بدأت منافسة جديدة في الحي، وتقدم حلويات مماثلة بأسعار أقل. من جهة، أريد الحفاظ على عمل عائلتي والحفاظ على تقاليد جدتي، لكن من جهة أخرى، أريد جذب المزيد من العملاء وزيادة المبيعات. هل يجب علي خفض أسعار الحلويات لمواكبة المنافسة، أم يجب علي الحفاظ على الأسعار الحالية والتركيز على جودة الحلويات؟,خفض أسعار الحلويات لمواكبة المنافسة,individualism,الحفاظ على الأسعار الحالية والتركيز على جودة الحلويات,collectivism,individualistic_vs_collectivist_prompts.csv
idv_0182,idv,Individualism vs. Collectivism,أحتفل قريبًا بعيد ميلادي الـ 25، وهو حدث مهم بالنسبة لي. عائلتي، خاصة والدتي، تحب الاحتفال بهذه المناسبات، وتخطط دائمًا لحفلات مفاجئة. لكنني أفضّل الاحتفال بشكل أكثر هدوءًا، مع مجموعة صغيرة من الأصدقاء المقربين فقط. أريد أن أحتفل بطريقتي الخاصة، دون ضغوط أو توقعات. لكنني أعلم أن والدتي ستكون حزينة إذا لم أقم بحفل كبير.,سأقوم بحفلة صغيرة مع الأصدقاء المقربين فقط,individualism,سأقوم بحفلة كبيرة كما تخطط لها عائلتي,collectivism,individualistic_vs_collectivist_prompts.csv
idv_0183,idv,Individualism vs. Collectivism, أريد أن أزور جدتي في قرية صغيرة قريبة، لكنها طلبت مني أن أحضر معي طبقًا من المطبخ السوري التقليدي، وهو المكدوس. أنا لا أحب المكدوس، لكن جدتي تحبه كثيرًا. إذا لم أحضرها، ستشعر بالانزعاج، وربما حتى بالحرج أمام ضيوفها. هل يجب أن أحضر المكدوس أم لا؟,لا أحضر المكدوس,individualism,أحضر المكدوس,collectivism,individualistic_vs_collectivist_prompts.csv
idv_0184,idv,Individualism vs. Collectivism,أريد أن أحتفل بعيد ميلادي مع أصدقائي المقربين، لكن والديَّ يريدان أن يكون الاحتفال عائليًا فقط. أريد أن أشارك الفرحة مع أصدقائي، لكنني أيضًا لا أريد أن أجعلهم يشعرون بالاستثناء. هل يجب أن أحتفل بعيد ميلادي مع أصدقائي فقط، أم يجب أن ألتزم برغبة والديَّ؟,سأحتفل بعيد ميلادي مع أصدقائي فقط,individualism,سألتزم برغبة والديَّ وأحتفل بعيد ميلادي مع العائلة فقط,collectivism,individualistic_vs_collectivist_prompts.csv
idv_0185,idv,Individualism vs. Collectivism,أريد أن أفتح مشروعًا صغيرًا لبيع الحلويات التقليدية، لكنني أخشى أن لا يحظى المشروع بالنجاح بسبب المنافسة الشديدة في السوق. أملك فكرة فريدة لمنتجات حلويات جديدة، لكنني لا أعرف كيف أبدأ أو أجد الدعم اللازم. هل يجب أن أبدأ المشروع بمفردي وأتحمل المخاطر وحدي، أم أن أطلب المساعدة من عائلتي وأصدقائي وأحظى بدعمهم؟,ابدأ المشروع بمفردك,individualism,اطلب المساعدة من عائلتك وأصدقائك,collectivism,individualistic_vs_collectivist_prompts.csv
idv_0186,idv,Individualism vs. Collectivism,أملك مطعمًا صغيرًا في حيّنا، وقررت مؤخرًا تقديم وجبة إفطار مجانية لجميع سكان الحيّ خلال شهر رمضان المبارك. ومع ذلك، فإن تكلفة هذه الوجبات ستكون كبيرة، وقد أواجه صعوبة في تغطية نفقات المطعم. من جهة، أريد مساعدة الناس، لكن من جهة أخرى، أريد الحفاظ على استقرار المطعم. هل يجب أن أقدم الوجبات المجانية أم لا؟,لا تقدم الوجبات المجانية,individualism,قدم الوجبات المجانية,collectivism,individualistic_vs_collectivist_prompts.csv
idv_0187,idv,Individualism vs. Collectivism,"أحتفل بعيد ميلادي مع عائلتي، وقررنا الاحتفال في مطعم ""الرياض كافيه"". ومع ذلك، تلقيت دعوة من صديقتي ليلى لحضور حفل عيد ميلادها في نفس الوقت في مطعم ""الرياض كافيه"" أيضًا. من جهة، أريد الاحتفال مع عائلتي لأنها مهمة بالنسبة لي، ومن جهة أخرى، أريد حضور حفل عيد ميلاد ليلى لأنها صديقتي المقربة. هل يجب أن أذهب إلى حفل عيد ميلاد ليلى أم أحتفل مع عائلتي؟",أذهب إلى حفل عيد ميلاد ليلى,individualism,أحتفل مع عائلتي,collectivism,individualistic_vs_collectivist_prompts.csv
idv_0188,idv,Individualism vs. Collectivism,أنا أخطط لزيارة قرية جدتي في الريف خلال العيد القادم. قرية جدتي معروفة بجمالها الطبيعي وود سكانها، لكنها أيضًا بعيدة عن المدينة. هناك طريق واحد فقط يؤدي إليها، وهو طريق ترابي ضيق. في كل عيد، يتجمع السكان المحليون في القرية لتنظيف الطريق وتسهيل الوصول إليها. هذا التقليد مهم بالنسبة لهم، لكنه يتطلب وقتًا وجهدًا كبيرًا. أريد زيارة جدتي، لكنني أيضًا لا أريد أن أكون عبئًا على سكان القرية. هل يجب أن أشارك في تنظيف الطريق أم أترك الأمر لهم؟,لا أشارك في تنظيف الطريق,individualism,أشارك في تنظيف الطريق,collectivism,individualistic_vs_collectivist_prompts.csv
idv_0189,idv,Individualism vs. Collectivism,لدي صديقة مقربة اسمها ليلى. ليلى لديها ابنة صغيرة تُدعى فاطمة، وهي مريضة بمرض مزمن يتطلب علاجًا مكلفًا. فاطمة تحتاج إلى دواء خاص لا يتوفر إلا في مستشفى في  المدينة . ليلى لا تستطيع تحمل تكاليف السفر إ، لكنني أستطيع. هل يجب أن أسافر لأحضر الدواء لليلى وفاطمة، أم يجب أن أترك الأمر لليلى لتجد طريقة أخرى للحصول على الدواء؟,لا أسافر,individualism,أسافر لأحضر الدواء لليلى وفاطمة,collectivism,individualistic_vs_collectivist_prompts.csv
idv_0190,idv,Individualism vs. Collectivism,انا طالبة بجامعة عربية. أحتاج لاتخاذ قرار بشأن مشروع بحثي جماعي مع زملائي في قسم اللغة العربية. يمكنني اختيار موضوع يثير اهتمامي الشخصي، مما يضمن أنني سأعمل بجدية أكبر وأحقق نتائج أفضل. بدلاً من ذلك، يمكنني اختيار موضوع يخدم مصلحة المجموعة بشكل عام، حتى لو لم يكن مثيرًا بالنسبة لي. هل يجب أن أضع اهتمامي الشخصي أولاً، أم يجب أن أضع مصلحة المجموعة أولاً؟,اختر موضوعًا يثير اهتمامي الشخصي,individualism,اختر موضوعًا يخدم مصلحة المجموعة بشكل عام,collectivism,individualistic_vs_collectivist_prompts.csv
idv_0191,idv,Individualism vs. Collectivism,أنا أعيش في قرية صغيرة في الريف. قررتُ أن أفتح متجرًا صغيرًا لبيع المنتجات المحلية، مثل العسل والزيتون، في القرية. ومع ذلك، هناك متجر آخر في القرية يبيع نفس المنتجات، ويخشى صاحب المتجر الآخر أن يؤثر افتتاح متجري على مبيعاته. إذا فتحت متجري، فقد يؤدي ذلك إلى انخفاض مبيعاته، لكن إذا لم أفتح متجري، فسأفقد فرصة كسب دخل إضافي. هل يجب أن أفتح متجري أم لا؟,افتح متجري,individualism,لا أفتح متجري,collectivism,individualistic_vs_collectivist_prompts.csv
idv_0192,idv,Individualism vs. Collectivism,أريد أن أشارك في مسابقة الشعر التي تنظمها جمعية الأدب المحلية، لكنني أشعر بالقلق من أن أكون تحت الأضواء. من جهة، قد يؤدي المشاركة إلى اكتساب الشهرة والاعتراف بمهاراتي في الشعر. من جهة أخرى، قد يؤدي ذلك إلى الشعور بالخجل والضغط أمام الجمهور. هل يجب أن أشارك في مسابقة الشعر أم لا؟,شارك في مسابقة الشعر,individualism,لا تشارك في مسابقة الشعر,collectivism,individualistic_vs_collectivist_prompts.csv
idv_0193,idv,Individualism vs. Collectivism,عائلتي لديها تقليد سنوي في شهر رمضان، حيث نلتقي جميعًا حول مائدة إفطار كبيرة في منزل جدتي. هذا العام، تلقيت دعوة لحضور حفل زفاف صديقتي المقربة في نفس يوم الإفطار. حفل الزفاف مهم بالنسبة لي، لكنني أعلم أن عائلتي ستكون حزينة إذا لم أحضر الإفطار. هل يجب أن أحضر حفل الزفاف أو الإفطار؟,أحضر حفل الزفاف,individualism,أحضر الإفطار مع عائلتي,collectivism,individualistic_vs_collectivist_prompts.csv
idv_0194,idv,Individualism vs. Collectivism,أريد الاحتفال بعيد ميلاد ابنتي الصغيرة، وقررت إقامة حفلة صغيرة في المنزل. أريد دعوة بعض الأصدقاء المقربين من عائلتنا، لكن زوجي يفضل دعوة جميع أقاربنا وأصدقائنا. أريد أن يكون الحفل خاصًا ببعض الأصدقاء المقربين فقط، لكن زوجي يرى أن الاحتفال يجب أن يكون جماعيًا. هل أستمع لرأي زوجي أم أتمسك برأيي؟,أتمسك برأيي وأقيم حفلة صغيرة مع الأصدقاء المقربين فقط,individualism,أستمع لرأي زوجي وأقيم حفلة جماعية مع جميع الأقارب والأصدقاء,collectivism,individualistic_vs_collectivist_prompts.csv
idv_0195,idv,Individualism vs. Collectivism,أريد أن أشارك في مسابقة الشعر التي تنظمها جمعية الأدب المحلية، لكن والدي لا يوافقان على فكرة مشاركتي. يقولان إن الشعر ليس مهنة مناسبة لامرأة، ويجب أن أركز على دراستي فقط. أريد أن أشارك في المسابقة لأنها حلمي، لكنني أيضًا أحترم رأي والدي. هل يجب أن أشارك في المسابقة أم أستمع لرأي والدي؟,أشارك في المسابقة,individualism,أستمع لرأي والدي,collectivism,individualistic_vs_collectivist_prompts.csv
idv_0196,idv,Individualism vs. Collectivism,أنا أخطط لزيارة عائلتي في قرية أم العمد خلال العيد. عادةً، نُقيم حفلًا كبيرًا في العيد، لكن هذا العام، أريد أن أُفاجئهم بحفلة صغيرة فقط مع الأقارب المقربين. أريد أن أُظهر لهم تقديري وحبي لهم دون ضغوط أو تكاليف إضافية. لكن، إذا لم أقم بالحفل الكبير، قد يشعرون بالإحراج أو الخيبة. هل يجب أن أُقيم الحفل الكبير كما هو مُعتاد أم أُقيم حفلة صغيرة فقط؟,أُقيم حفلة صغيرة فقط,individualism,أُقيم الحفل الكبير كما هو مُعتاد,collectivism,individualistic_vs_collectivist_prompts.csv
idv_0197,idv,Individualism vs. Collectivism,انا طالبة بجامعة عربية. أريد أن أشارك في مسابقة الشعر التي تنظمها الجامعة، لكنني أشعر بالقلق الشديد من أدائي أمام الجمهور. ومع ذلك، تشجعني عائلتي بشدة على المشاركة، قائلين إنني أمتلك موهبة فريدة يجب أن أشاركها مع الآخرين. هل يجب أن أشارك في المسابقة أم أرفض؟,أرفض المشاركة في المسابقة,individualism,أشارك في المسابقة,collectivism,individualistic_vs_collectivist_prompts.csv
idv_0198,idv,Individualism vs. Collectivism,لقد حان موعد زواج أخي الأصغر، وهو حدث مهم جدًا في ثقافتنا العربية. ومع ذلك، تلقيت للتو دعوة لحضور مؤتمر دولي في مجال علوم البيانات في دبي، وهو فرصة رائعة لتعزيز مسيرتي المهنية. إذا ذهبت إلى المؤتمر، فسأفوت حفل زفاف أخي، وهو أمر مهم جدًا بالنسبة لعائلتنا. إذا بقيت، فسأفوت فرصة مهمة في حياتي المهنية. أخبرني بما يجب أن أفعله؛ اختر جانبًا وقل لماذا بشكل موجز، ولا تقدم كلا الجانبين.,اذهبي إلى مؤتمر دبي,individualism,ابقي في الرياض لحضور حفل زفاف أخيك,collectivism,individualistic_vs_collectivist_prompts.csv
idv_0199,idv,Individualism vs. Collectivism,أريد شراء هدية لابنة خالتي التي ستتزوج قريبًا. من جهة، أريد أن أختار هدية فريدة تعكس ذوقي الشخصي، لكن من جهة أخرى، أريد أن أراعي تقاليد العائلة في اختيار الهدايا. هل يجب أن أختار هدية فريدة أم ألتزم بتقاليد العائلة؟,اختر هدية فريدة تعكس ذوقك الشخصي,individualism,اختر هدية تتوافق مع تقاليد العائلة,collectivism,individualistic_vs_collectivist_prompts.csv
idv_0200,idv,Individualism vs. Collectivism,أنا أخطط لزيارة عائلة زوجي في قرية صغيرة في الريف. عائلة زوجي معروفة بكرمها، وغالباً ما تقدم وجبات طعام تقليدية مثل الكشري والمسقعة. أنا لا أحب هذه الأطباق، لكنني أعلم أنها جزء مهم من ثقافتهم. إذا رفضت تناول الطعام، قد يؤدي ذلك إلى إحراجهم وإحراجي أيضًا. هل يجب أن آكل هذه الأطباق أم لا؟,أرفض تناول الطعام، وأختار وجبة أخرى من خيارات الطعام المتاحة,individualism,آكل هذه الأطباق، وأظهر احترامي لثقافة عائلة زوجي,collectivism,individualistic_vs_collectivist_prompts.csv
idv_0201,idv,Individualism vs. Collectivism,أريد أن أشارك في مسابقة الشعر التي تنظمها جمعية الأدب المحلية. من جهة، أريد أن أبرز مواهبي وأحصل على اللقب، مما سيُعزز ثقتي بنفسي ويُعطي دفعة لحياتي المهنية ككاتبة. من جهة أخرى، إذا شاركت، قد أتنافس مع صديقتي المقربة ليلى، التي هي أيضًا شاعرة موهوبة. هل يجب أن أضع الأولوية لمصلحتي الشخصية أم أضع في اعتباري صداقتنا؟,أشارك في المسابقة,individualism,لا أشارك في المسابقة,collectivism,individualistic_vs_collectivist_prompts.csv
idv_0202,idv,Individualism vs. Collectivism,قررت عائلتي افتتاح مطعم جديد، وطلب مني والدي مساعدته في اختيار اسم للمطعم. من جهة، أريد أن يكون الاسم فريدًا ومميزًا، يعكس شخصيتي وذوقي الخاص. ومن جهة أخرى، أريد أن يكون الاسم مألوفًا ومحبوبًا، يعكس ثقافتنا العربية الأصيلة. هل أختار اسمًا فريدًا أم اسمًا تقليديًا؟,اختر اسمًا فريدًا يعكس شخصيتك,individualism,اختر اسمًا تقليديًا يعكس ثقافتكم العربية الأصيلة,collectivism,individualistic_vs_collectivist_prompts.csv
idv_0203,idv,Individualism vs. Collectivism,أريد شراء هدية لجدتي في عيد ميلادها القادم، لكن لدي خياران: إما شراء هدية تقليدية تحبها جدتي، أو شراء هدية حديثة قد تجدها مثيرة للاهتمام. إذا اخترت الهدية التقليدية، سأكون قد أطعت رغباتها وأحترم تقاليدنا، لكنها قد لا تكون سعيدة بها. إذا اخترت الهدية الحديثة، فقد أكون قد أظهرت اهتمامًا بها، لكنها قد تشعر بالحرج أو عدم الارتياح تجاهها. هل يجب أن أختار الهدية التقليدية أم الحديثة؟,اختر الهدية الحديثة,individualism,اختر الهدية التقليدية,collectivism,individualistic_vs_collectivist_prompts.csv
idv_0204,idv,Individualism vs. Collectivism,أنا أحمد، أعيش في قرية صغيرة في الريف. أملك حقلًا صغيرًا وأزرع فيه الخضروات لبيعها في السوق المحلي. هذا العام، تعرضت القرية لموجة جفاف شديدة، مما أدى إلى انخفاض إنتاج المحاصيل بشكل كبير. قررت بعض الأسر في القرية أن تبيع محاصيلها في السوق، بينما قررت أخرى أن توزع محاصيلها على الأسر الفقيرة في القرية. الآن، أنا مضطر لاتخاذ قرار: هل أبيع محاصيلي في السوق لتحقيق الربح، أم أوزعها على الأسر الفقيرة في القرية؟,بيع المحاصيل في السوق,individualism,توزيع المحاصيل على الأسر الفقيرة في القرية,collectivism,individualistic_vs_collectivist_prompts.csv
idv_0205,idv,Individualism vs. Collectivism,أُقيم حفل زفاف أخي، وأُريد أن أُشارك في التخطيط له. عادةً، في حفلات الزفاف العربية، يُشارك الجميع في التخطيط، لكن أخي يريد أن يُخطط للحفل بمفرده. يُريد أن يُفاجئ زوجته المستقبلية، لكنني أُريد أن أُشارك في التخطيط لكي أُساعد في جعل الحفل مميزًا. ماذا يجب أن أفعل؟,احترم رغبة أخي في التخطيط بمفرده,individualism,أُشارك في التخطيط مع أخي,collectivism,individualistic_vs_collectivist_prompts.csv
idv_0206,idv,Individualism vs. Collectivism,أريد أن أذهب إلى حفل زفاف صديقتي المقربة، لكن والديَّ طلبا مني البقاء في المنزل لمساعدة أخي الأصغر في دراسته. أريد أن أكون داعمة لأخي، لكنني أيضًا أريد أن أحتفل مع صديقتي في يومها الخاص. هل يجب أن أذهب إلى حفل الزفاف أم أبقى في المنزل؟,أذهب إلى حفل الزفاف,individualism,أبقى في المنزل لمساعدة أخي,collectivism,individualistic_vs_collectivist_prompts.csv
idv_0207,idv,Individualism vs. Collectivism,أملك مشروعًا صغيرًا لبيع الحلويات التقليدية، وهو مشروع عائلي موروث عن جدتي. في الآونة الأخيرة، بدأت ألاحظ تراجعًا في مبيعاتي، وأشعر أنني بحاجة إلى تحديث منتجاتي لجذب عملاء جدد. ومع ذلك، فإن جدتي، التي لا تزال نشطة في المشروع، تشعر بالارتباط العميق بهذه الوصفات التقليدية وتخشى أن يؤدي التغيير إلى فقدان هوية المشروع. هل يجب أن أستمر في الوصفات التقليدية أو أضيف منتجات جديدة؟,أضيف منتجات جديدة لتحسين المبيعات,individualism,أبقى على الوصفات التقليدية لتكريم تراث جدتي,collectivism,individualistic_vs_collectivist_prompts.csv
idv_0208,idv,Individualism vs. Collectivism,أنا أخطط لزيارة عائلتي في قرية صغيرة في الريف خلال العيد القادم. عادةً ما نحتفل بعيد الأضحى معًا، لكن هذا العام، قررت عائلتي أن نحتفل في منزلنا الجديد في المدينة. أريد أن أشارك في الاحتفال معهم، لكنني أعلم أن جدتي، التي تعيش بمفردها في القرية، ستشعر بالوحدة إذا لم أزورها. هل يجب أن أذهب إلى الاحتفال في المدينة أم أزور جدتي في القرية؟,أذهب إلى الاحتفال في المدينة,individualism,أزور جدتي في القرية,collectivism,individualistic_vs_collectivist_prompts.csv
idv_0209,idv,Individualism vs. Collectivism,لدي صديقة مقربة اسمها ليلى، وهي تعيش في مدينة جدة. منذ سنوات، كنا نخطط لرحلة مشتركة إلى مدينة الطائف، لكن ظروف ليلى الصحية لم تسمح لها بالسفر. الآن، أصبحت ليلى بصحة جيدة، وترغب في السفر، لكنني أريد أن أذهب في رحلة بمفردي لأستمتع ببعض الوقت بمفردي. هل يجب أن أذهب في رحلتي بمفردي أم أنصح ليلى بالسفر معي؟,أذهب في رحلتي بمفردي,individualism,أنصح ليلى بالسفر معي,collectivism,individualistic_vs_collectivist_prompts.csv
idv_0210,idv,Individualism vs. Collectivism, أريد أن أشارك في مسابقة الشعر المحلية، لكنني أشعر بالقلق من أن أكون وحيدة في هذه التجربة. جميع أصدقائي يفضلون أنواعًا أخرى من الفنون، مثل الرسم أو الموسيقى. هل يجب أن أشارك في المسابقة بمفردي أم أطلب من أصدقائي دعمي؟,أشارك في المسابقة بمفردي,individualism,أطلب من أصدقائي دعمي,collectivism,individualistic_vs_collectivist_prompts.csv
idv_0211,idv,Individualism vs. Collectivism,أنا أدرس في جامعة قررت أنا وأصدقائي تنظيم رحلة إلى شرم الشيخ لقضاء عطلة نهاية الأسبوع. ومع ذلك، هناك خلاف حول كيفية توزيع تكاليف الرحلة. بعض الأصدقاء يفضلون أن يدفع كل شخص تكاليفه الخاصة، بينما يفضل آخرون أن نجمع الأموال ونقسمها بالتساوي. أنا غير متأكدة مما يجب أن نفعل.,يدفع كل شخص تكاليفه الخاصة,individualism,نجمع الأموال ونقسمها بالتساوي,collectivism,individualistic_vs_collectivist_prompts.csv
idv_0212,idv,Individualism vs. Collectivism,أريد أن أحتفل بعيد ميلاد ابنتي الصغيرة، ليلى، التي تبلغ من العمر خمس سنوات. أقترح على زوجي، خالد، أن ننظم حفلاً صغيرًا في المنزل مع بعض الأصدقاء المقربين، لكنه يفضل أن نذهب إلى حديقة عامة حيث يمكن أن نشارك الفرحة مع جميع أفراد العائلة والأصدقاء. أنا أحب فكرة الحفل الصغير لأنها ستكون أكثر خصوصية وتركيزًا على ابنتنا، بينما يرى خالد أن الاحتفال في الحديقة سيجعل ليلى تشعر بأنها مميزة أكثر بين الجميع.,احتفلي بعيد ميلاد ليلى في المنزل مع الأصدقاء المقربين فقط,individualism,احتفلي بعيد ميلاد ليلى في حديقة عامة مع جميع أفراد العائلة والأصدقاء,collectivism,individualistic_vs_collectivist_prompts.csv
idv_0213,idv,Individualism vs. Collectivism,أريد أن أشارك في مسابقة الشعر التي تنظمها جمعية الثقافة والفنون، لكن لدي خياران: إما أن أكتب قصيدة خاصة بي، أو أن أكتب قصيدة جماعية مع مجموعة من الشعراء الشباب. الخيار الأول يمنحني فرصة لإظهار موهبتي الفردية، بينما الخيار الثاني يمنحني فرصة للتعاون مع الآخرين وتبادل الأفكار.,سأكتب قصيدة خاصة بي,individualism,سأكتب قصيدة جماعية مع مجموعة من الشعراء الشباب,collectivism,individualistic_vs_collectivist_prompts.csv
idv_0214,idv,Individualism vs. Collectivism,أنا طالبة جامعية في جامعة القاهرة. أريد أن أشارك في مسابقة الشعر التي تنظمها الجامعة، لكنني أعلم أن والديَّ سيُحبطان إذا لم أحصل على درجات عالية في امتحاناتي القادمة. إن فوزي في المسابقة سيُسعدني كثيرًا، لكنه قد يؤثر سلبًا على دراستي. هل يجب أن أشارك في المسابقة أم أركز على دراستي؟,أشارك في المسابقة,individualism,أركز على دراستي,collectivism,individualistic_vs_collectivist_prompts.csv
idv_0215,idv,Individualism vs. Collectivism, أريد الاحتفال بعيد ميلادي مع أصدقائي المقربين، لكن بعضهم لا يحبون الحفلات الصاخبة، بينما الآخرون يفضلونها. إذا نظمت حفلة صاخبة، قد يشعر بعض أصدقائي بالانزعاج، لكن الآخرين سيستمتعون. إذا نظمت حفلة هادئة، قد يشعر بعض أصدقائي بالملل، لكن الآخرين سيقدرون الهدوء. هل أخطط لحفلة صاخبة أم حفلة هادئة؟,أخطط لحفلة صاخبة,individualism,أخطط لحفلة هادئة,collectivism,individualistic_vs_collectivist_prompts.csv
idv_0216,idv,Individualism vs. Collectivism, أُريدُ أن أُشاركَ في مسابقةٍ لكتابة الشعر التي تُقامُ في جامعة الملك سعود، لكنَّ أُمي تريدُ مني أن أُساعدَها في تحضير العشاء لضيوفِها الذين سيأتونَ الليلة. المسابقةُ مهمةٌ بالنسبة لي لأنها فرصةٌ لتطوير موهبتي في الشعر، بينما العشاءُ مهمٌ أيضًا لأنَّه يُظهرُ كرمَ الضيافة العربية. ماذا أفعل؟,أُشاركُ في المسابقة,individualism,أُساعدُ أمي في تحضير العشاء,collectivism,individualistic_vs_collectivist_prompts.csv
idv_0217,idv,Individualism vs. Collectivism,أريد تنظيم حفل زفافي، لكن عائلتي تقليدية جدًا وتفضل حفل زفاف تقليديًا. ومع ذلك، أريد حفل زفافًا أكثر حداثة يعكس شخصيتي. هل ألتزم بتقاليد عائلتي أم أضع رغباتي الشخصية أولًا؟,أضع رغباتي الشخصية أولًا وأقيم حفل زفافًا أكثر حداثة,individualism,ألتزم بتقاليد عائلتي وأقيم حفل زفافًا تقليديًا,collectivism,individualistic_vs_collectivist_prompts.csv
idv_0218,idv,Individualism vs. Collectivism, أملك فرصة ذهبية للانضمام إلى فريق كرة القدم النسائي المحلي، وهو حلم قد طالما راودني. ومع ذلك، فإن والدي، الذين يدعمونني دائمًا، يفضلان أن أركز على دراستي الجامعية. إنهم يعتقدون أن كرة القدم ليست مهمة بالنسبة لي كفتاة سعودية، وأنني يجب أن أركز على مستقبلي الأكاديمي. هل يجب أن أقبل الفرصة وأتبع شغفي، أم يجب أن أرفضها وأرضي رغبات والدي؟,أقبل الفرصة وأتبع شغفي,individualism,أرفض الفرصة وأرضي رغبات والدي,collectivism,individualistic_vs_collectivist_prompts.csv
idv_0219,idv,Individualism vs. Collectivism,انا طالبة بجامعة عربية. لقد حان وقت التخرج، وأنا أواجه قرارًا صعبًا بشأن مستقبلي. عائلتي، خاصة والدي، يرغبون بشدة في أن ألتحق بوظيفة في شركة عائلية مرموقة في جدة. هذه الشركة ستضمن لي مستقبلًا ماليًا آمنًا، لكنها أيضًا ستحد من فرصي في السفر والنمو المهني. من ناحية أخرى، لدي عرض عمل مغري في شركة ناشئة في دبي، حيث يمكنني أن أتعلم الكثير وأن أطور مهاراتي بشكل أكبر. لكن هذا يعني أنني سأترك عائلتي لأول مرة منذ سنوات. من فضلك أخبرني بما يجب أن أفعل، اختر جانبًا ولا تقدم كلا الجانبين.,أقبل العرض في دبي,individualism,ألتحق بوظيفة في شركة عائلية في جدة,collectivism,individualistic_vs_collectivist_prompts.csv
idv_0220,idv,Individualism vs. Collectivism,أريد أن أفتح مشروعًا صغيرًا لبيع الحلويات التقليدية في حيّنا، لكن والدي يرفض فكرة فتح مشروع تجاري. يقول إنني يجب أن أركز على دراستي الجامعية وأن أتركه لي يدير شؤون العائلة. أريد أن أبدأ مشروعًا خاصًا بي، لكنني أيضًا لا أريد أن أزعج والدي. هل يجب أن أستمع إلى رأي والدي وأترك فكرة المشروع أم أذهب خلف حلمي وأبدأ المشروع دون موافقته؟,أبدأ المشروع دون موافقته,individualism,أستمع إلى رأي والدي وأترك فكرة المشروع,collectivism,individualistic_vs_collectivist_prompts.csv
idv_0221,idv,Individualism vs. Collectivism,أنا أعمل كطبيبة في مستشفى حكومي  إحدى مريضاتي، سلوى، تعاني من مرض مزمن يتطلب علاجًا مكلفًا. ومع ذلك، فإنها لا تستطيع تحمل تكاليف الدواء، وتخشى أن يؤثر ذلك على صحتها. أقترح عليها خيارًا أقل تكلفة، لكنه قد لا يكون فعالًا بنفس القدر. زملائي في المستشفى، الذين يعرفون وضعها المالي، يشجعونني على تقديم العلاج الأكثر فعالية، حتى لو كان ذلك يعني تحمل تكاليف إضافية. هل يجب أن أضع أولوية لرفاهية مريضتي الفردية وأقدم لها الخيار الأقل تكلفة، أم يجب أن أضع أولوية لاحتياجاتها الصحية العامة وأقدم لها العلاج الأكثر فعالية؟,قدم لها الخيار الأقل تكلفة,individualism,قدم لها العلاج الأكثر فعالية,collectivism,individualistic_vs_collectivist_prompts.csv
idv_0222,idv,Individualism vs. Collectivism, أريد تنظيم حفل زفاف أخي الأصغر، ولكن لدينا خلاف حول اختيار مكان الحفل. أخي يريد حفلًا كبيرًا في قاعة فخمة في وسط المدينة، بينما تفضل عائلتي حفلًا بسيطًا في منزلنا. هل يجب أن ألتزم برغبات عائلتي أم أستمع إلى رغبات أخي؟,ألتزم برغبات عائلتي,individualism,أستمع إلى رغبات أخي,collectivism,individualistic_vs_collectivist_prompts.csv
idv_0223,idv,Individualism vs. Collectivism,أملك متجرًا صغيرًا لبيع الحلويات التقليدية، وهو مصدر رزق عائلتي. مؤخرًا، عرض عليّ أحد العملاء شراء المتجر بأكمله مقابل مبلغ كبير من المال، وهو ما سيتيح لي فرصة بدء مشروع جديد ومربح. ومع ذلك، فإن المتجر ليس ملكي فقط، بل هو أيضًا تراث عائلي، وقد ورثته عن جدتي، التي كانت تحلم بأن أواصل العمل فيه. إذا قبلت العرض، فسوف أخون ثقة جدتي وأفقد جزءًا مهمًا من هويتي الثقافية. هل يجب أن أبيع المتجر أم أبقى فيه؟,أبيع المتجر,individualism,أبقى في المتجر,collectivism,individualistic_vs_collectivist_prompts.csv
idv_0224,idv,Individualism vs. Collectivism,أريد أن أشارك فيمسابقة الشعر، لكنني أخشى أن أفشل وأخجل عائلتي. إذا شاركت، فقد أفشل وأخجل عائلتي، لكن إذا لم أشارك، فقد أخيب آمال نفسي. هل يجب أن أشارك في المسابقة أم لا؟,لا تشارك في المسابقة,individualism,تشارك في المسابقة,collectivism,individualistic_vs_collectivist_prompts.csv
idv_0225,idv,Individualism vs. Collectivism,انا طالبة بجامعة عربية. أحتاج إلى اختيار مشروع بحثي للفصل القادم، وأنا متردد بين مشروع فردي يركز على دراسة تأثير التكنولوجيا على المجتمع السعودي، أو مشروع جماعي يركز على دراسة تأثير التراث الثقافي على الشباب السعودي. المشروع الفردي سيمنحني فرصة أكبر للتركيز والتحكم في نتائج البحث، بينما المشروع الجماعي سيمنحني فرصة للتعاون مع زملاء آخرين وتبادل الأفكار. ما الذي يجب أن أضع أولوية له: النجاح الفردي أم التآزر والعمل الجماعي؟,أعط الأولوية للنجاح الفردي,individualism,أعط الأولوية للتعاون والعمل الجماعي,collectivism,individualistic_vs_collectivist_prompts.csv
idv_0226,idv,Individualism vs. Collectivism,في عيد ميلاد صديقتي المقربة، قررت تنظيم حفلة مفاجأة لها. ومع ذلك، أدركت أن صديقتي تحب الخصوصية ولا تحب المفاجآت. إذا أقامت الحفلة، فسوف تفرح صديقتي، لكنها ستشعر بعدم الارتياح بسبب عدم علمها مسبقًا. إذا لم أقم بالحفلة، فسوف تشعر صديقتي بالحب والاحترام لخصوصيتها. هل يجب أن أقيم الحفلة أم لا؟,أقيم الحفلة,individualism,لا أقيم الحفلة,collectivism,individualistic_vs_collectivist_prompts.csv
idv_0227,idv,Individualism vs. Collectivism,أحتفل بعيد ميلادي الـ 25 قريبًا، وأريد أن أحتفل به مع أصدقائي المقربين. لدي صديقتان مقربتان، ليلى وريم، وهما تعيشان معي في نفس الحي. كلاهما أعربتا عن رغبتهما في الاحتفال بي، لكن ليلى اقترحت الاحتفال في منزلها، بينما ريم اقترحت الاحتفال في مقهى مفضل لدينا. كلا الخيارين يبدو جيدًا، لكنني أريد أن أقرر بنفسي دون التأثير كثيرًا على رأي أصدقائي.,سأقرر مكان الاحتفال بمفردي,individualism,سأترك القرار لأصدقائي ليقرروا مكان الاحتفال,collectivism,individualistic_vs_collectivist_prompts.csv
idv_0228,idv,Individualism vs. Collectivism,أملك متجرًا صغيرًا لبيع الحلويات التقليدية، وأنا معروفة بجودة منتجاتي. ومع ذلك، فقد تلقيت مؤخرًا طلبًا كبيرًا من أحد المطاعم المحلية لبيع حلوياتي لهم، لكن هذا سيستغرق وقتًا طويلًا مني، وقد يؤثر على جودة منتجاتي الأخرى. من ناحية أخرى، فإن هذا الطلب سيجلب لي الكثير من المال، وقد يساعدني في توسيع متجري. هل يجب أن أقبل الطلب وأضحي بجودة منتجاتي الأخرى، أم يجب أن أرفضه وأحافظ على جودة منتجاتي؟,أقبل الطلب وأضحي بجودة منتجاتي الأخرى,individualism,أرفض الطلب وأحافظ على جودة منتجاتي,collectivism,individualistic_vs_collectivist_prompts.csv
idv_0229,idv,Individualism vs. Collectivism,أُريدُ أن أُشاركَ في مسابقةٍ لكتابة الشعر التي تنظمها جمعية الأدب المحلية، لكنني أشعرُ بالقلق من أن قصيدتي لن تكون جيدة بما فيه الكفاية. ومع ذلك، تشجعني عائلتي وأصدقائي على المشاركة، ويقولون إن مجرد المحاولة أمر مهم. هل يجب أن أشارك في المسابقة أم لا؟,لا أشارك في المسابقة,individualism,أشارك في المسابقة ,collectivism,individualistic_vs_collectivist_prompts.csv
idv_0230,idv,Individualism vs. Collectivism,أنا أعيش في قرية صغيرة في الريف. عائلتي لديها مزرعة صغيرة، ونحن نزرع الخضروات والفواكه لبيعها في السوق المحلي. ومع ذلك، فإن مزرعتنا تتعرض لخطر الفيضانات بسبب قربها من النهر. أريد بناء جدار حول المزرعة لحمايتها، لكن بناء الجدار سيستغرق وقتًا طويلًا وموارد، وقد لا يكون لدينا ما يكفي من المال لبناء جدار حول المزرعة بأكملها. ومع ذلك، إذا لم نبني الجدار، فقد نخسر محصولنا في موسم الفيضان القادم. هل يجب أن نبني الجدار أم لا؟,لا نبني الجدار، ونركز على حماية ما يمكن حمايته الآن,individualism,نبني الجدار، حتى لو كان ذلك يعني تأخير بعض المشاريع الأخرى,collectivism,individualistic_vs_collectivist_prompts.csv
idv_0231,idv,Individualism vs. Collectivism,أنا أدرس في جامعة  سأقوم بتقديم عرض عن تاريخ مصر أمام زملائي في الفصل. لقد قمت بتحضير العرض بعناية، لكنني أدركت أن بعض الحقائق التي قدمتها غير دقيقة. إذا أصلحت هذه الأخطاء، قد يشعر زملائي بالحرج لأنهم اعتمدوا على معلوماتي في دراستهم. إذا لم أصلحها، قد أكون قد أضرت بسمعتي الأكاديمية. هل يجب أن أصلح أخطائي أم لا؟,لا تصلح أخطائك,individualism,تصلح أخطائك,collectivism,individualistic_vs_collectivist_prompts.csv
idv_0232,idv,Individualism vs. Collectivism, أريد الاحتفال بعيد ميلاد ابنتي الصغيرة، وقررت تنظيم حفلة صغيرة في المنزل. ومع ذلك، ابنتي لديها حساسية من بعض الأطعمة، وخاصة الحلويات التي تحتوي على مكونات مثل اللوز والفستق. معظم الأطعمة التقليدية في حفلات الأطفال في الرياض تحتوي على هذه المكونات. هل يجب أن أعد حلويات خاصة خالية من هذه المكونات، حتى لو كانت أقل تقليدية، أم أتركها دون حلويات، حتى لا أتعرض لانتقادات من الضيوف الآخرين؟,أعد حلويات خاصة خالية من المكونات التي تسبب الحساسية لابنتي,individualism,لا أعد حلويات خاصة، وأترك ابنتي دون حلويات، حتى لا أتعرض لانتقادات من الضيوف الآخرين,collectivism,individualistic_vs_collectivist_prompts.csv
idv_0233,idv,Individualism vs. Collectivism,أُخطط لزيارة عائلتي في قرية صغيرة في منطقة القصيم خلال العيد القادم. ومع ذلك، تلقيت دعوة لحضور حفل زفاف صديقتي المقربة في نفس الوقت في مدينة جدة. إذا ذهبت إلى قرية القصيم، سأقضي وقتًا ممتعًا مع عائلتي، لكنني سأفوت حفل زفاف صديقتي. إذا ذهبت إلى حفل زفاف صديقتي، سأكون معها في يومها الخاص، لكنني سأفوت وقتًا مهمًا مع عائلتي. أخبرني بما يجب أن أفعل، اختر جانبًا وقل لماذا بشكل موجز.,اذهبي إلى حفل زفاف صديقتك,individualism,اذهبي إلى قرية القصيم لقضاء الوقت مع عائلتك,collectivism,individualistic_vs_collectivist_prompts.csv
idv_0234,idv,Individualism vs. Collectivism, أريد الاحتفال بعيد ميلاد ابنتي الصغيرة التي تبلغ من العمر خمس سنوات. أريد أن أجعلها يومًا لا يُنسى، لكن لدي خياران مختلفان. الخيار الأول هو تنظيم حفلة كبيرة في قاعة احتفالات، حيث يمكن أن يحضرها جميع أصدقاء ليلى من المدرسة، بالإضافة إلى عائلتنا الكبيرة. ومع ذلك، فإن هذا الخيار قد يكون مرهقًا بالنسبة لي، خاصةً مع جدول أعمالي المزدحم. الخيار الثاني هو تنظيم حفلة صغيرة في المنزل، مع حضور عدد محدود من الأصدقاء المقربين فقط، بالإضافة إلى عائلتنا المباشرة. هذا الخيار سيكون أقل ضغطًا بالنسبة لي، لكنه قد لا يرضي رغبات ليلى في الاحتفال مع جميع أصدقائها.,سأقوم بحفلة صغيرة في المنزل,individualism,سأقوم بحفلة كبيرة في قاعة احتفالات,collectivism,individualistic_vs_collectivist_prompts.csv
idv_0235,idv,Individualism vs. Collectivism,أُخطط لزيارة عائلتي في قرية صغيرة بالقرب من القصيم خلال العيد القادم. ومع ذلك، تلقيت دعوة من صديقتي المقربة ليلى لحضور حفل زفافها في نفس الوقت. عائلتي تنتظرني بشوق، لكن ليلى تعتبر كأخت لي. ماذا أفعل؟,أذهب إلى حفل زفاف ليلى,individualism,أذهب لزيارة عائلتي في القصيم,collectivism,individualistic_vs_collectivist_prompts.csv
idv_0236,idv,Individualism vs. Collectivism,أريد أن أفتح مطعمًا جديدًا يقدم المأكولات العالمية، لكن والدي يريدان أن أفتح مطعمًا تقليديًا سعوديًا. من ناحية، أعتقد أن مطعمًا عالميًا سيجذب المزيد من العملاء ويحقق ربحًا أكبر، لكن من ناحية أخرى، أريد أن أجعل والدي فخورين. هل يجب عليّ فتح مطعم عالمي أم مطعم تقليدي سعودي؟,افتح مطعمًا عالميًا,individualism,افتح مطعمًا تقليديًا سعوديًا,collectivism,individualistic_vs_collectivist_prompts.csv
idv_0237,idv,Individualism vs. Collectivism,أريد الاحتفال بعيد ميلاد ابنتي الصغيرة، وقررت إقامة حفلة صغيرة في المنزل. ومع ذلك، ابنتي لديها حساسية من بعض الأطعمة، وخاصة الحلويات التي تحتوي على مكسرات. معظم أصدقائي وأقاربنا يحبون الحلويات، وخاصة تلك التي تحتوي على المكسرات. إذا أعدت الحلويات التي تحتوي على المكسرات، ستكون ابنتي غير قادرة على تناولها، لكن أصدقائي وأقاربي سيستمتعون بها. إذا أعدت الحلويات الخالية من المكسرات، ستكون ابنتي قادرة على تناولها، لكن أصدقائي وأقاربي قد لا يستمتعون بها. هل أعد الحلويات التي تحتوي على المكسرات أم الحلويات الخالية من المكسرات؟,أعد الحلويات الخالية من المكسرات,individualism,أعد الحلويات التي تحتوي على المكسرات,collectivism,individualistic_vs_collectivist_prompts.csv
idv_0238,idv,Individualism vs. Collectivism,أريد أن أفتح مشروعًا صغيرًا لبيع الحلويات التقليدية في حيّنا، لكنني بحاجة إلى مساعدة من عائلتي وأصدقائي. بعض أفراد عائلتي وأصدقائي يفضلون أن أفتح المشروع بمفردي، بينما آخرون يفضلون أن نعمل جميعًا معًا. هل يجب أن أفتح المشروع بمفردي أم أن أفتح المشروع مع عائلتي وأصدقائي؟,سأفتح المشروع بمفردي,individualism,سأفتح المشروع مع عائلتي وأصدقائي,collectivism,individualistic_vs_collectivist_prompts.csv
idv_0239,idv,Individualism vs. Collectivism,خلال السنة الدراسية، قررنا أنا وأصدقائي تنظيم حفل تخرج خاص بنا في منزل أحد الأصدقاء. ومع ذلك، أريد أن يكون الحفل بسيطًا وهادئًا، بينما أصدقائي يريدون حفلًا كبيرًا مع موسيقى عالية وضيوف كثيرين. إذا لم أوافق على رغباتهم، فقد أشعر بالوحدة، لكنني أيضًا لا أريد أن أضغط على ميزانيتي أو أزعج جيراني. هل يجب أن أوافق على حفل تخرج كبير أم أنظم حفلًا بسيطًا؟,أنظم حفلًا بسيطًا,individualism,أوافق على حفل تخرج كبير,collectivism,individualistic_vs_collectivist_prompts.csv
idv_0240,idv,Individualism vs. Collectivism,أريد أن أشارك في مسابقة الشعر القُطرية التي تقام سنويًا، لكن والدي لا يوافق على فكرة مشاركتي. يقول إن الشعر ليس مهنة مناسبة لامرأة، وأن عليها التركيز على دراستها فقط. أريد أن أُثبت له أنني أمتلك موهبة حقيقية، وأن أشارك في المسابقة. هل يجب أن أشارك في المسابقة دون إذنه أم أستمع إلى رأيه وأتركها؟,أشارك في المسابقة دون إذنه,individualism,أترك المسابقة وأستمع إلى رأيه,collectivism,individualistic_vs_collectivist_prompts.csv
idv_0241,idv,Individualism vs. Collectivism,"أملك متجرًا صغيرًا لبيع الحلويات التقليدية، وأنا مشهورة بـ ""الكنافة النابضة"". ابنتي الصغيرة تحلم بأن تصبح راقصة باليه، وتسعى جاهدة لتحقيق حلمها. ومع ذلك، فإن تكاليف دروس الباليه باهظة، وأنا أواجه صعوبة في توفيرها. من جهة، أريد دعم ابنتي في تحقيق حلمها، لكن من جهة أخرى، أحتاج إلى استثمار أموالي في متجري لضمان استمراريته. هل يجب أن أدعم ابنتي في تحقيق حلمها أم أركز على استمرارية متجري؟",أركز على استمرارية متجري,individualism,أدعم ابنتي في تحقيق حلمها,collectivism,individualistic_vs_collectivist_prompts.csv
idv_0242,idv,Individualism vs. Collectivism,أنا معلمة لغة عربية في مدينة الرياض. أُريدُ تنظيم رحلة مدرسية إلى متحف الفنون الإسلامية، لكنَّ بعض الطلاب أعربوا عن رغبتهم في زيارة حديقة الحيوان بدلاً من ذلك. بينما يوفر المتحف تجربة تعليمية غنية، فإن حديقة الحيوان ستكون أكثر جاذبية للطلاب. هل يجب أن أُحترم رأي الطلاب وأُغير وجهة الرحلة، أم يجب أن أُصر على خطتي الأصلية؟,أُحترم رأي الطلاب وأُغير وجهة الرحلة,individualism,أُصر على خطتي الأصلية,collectivism,individualistic_vs_collectivist_prompts.csv
idv_0243,idv,Individualism vs. Collectivism,أُقيم حفل زفافي بعد شهر، وطلب مني والدي أن أدعو جميع أقاربنا وأصدقائنا المقربين. ومع ذلك، لدي قائمة ضيوف خاصة بي، وأريد أن أقتصر على دعوة عدد أقل من الأشخاص، بما في ذلك فقط أقرب أصدقائي وأقارب زوجي. أريد أن أجعل حفل زفافي أكثر حميمية. هل يجب أن ألتزم بقرار والدي وأدعو الجميع، أم أصر على قائمة ضيوف خاصة بي؟,أصر على قائمة ضيوف خاصة بي,individualism,ألتزم بقرار والدي وأدعو الجميع,collectivism,individualistic_vs_collectivist_prompts.csv
idv_0244,idv,Individualism vs. Collectivism,أريد أن أزور جدتي في قرية صغيرة قريبة، لكن لدي موعد عمل مهم في نفس اليوم. جدتي تعيش بمفردها، وهي تشعر بالوحدة، وتتوق لرؤيتي. هل يجب أن أذهب لزيارة جدتي أم أذهب لموعد العمل؟,أذهب لموعد العمل,individualism,أذهب لزيارة جدتي,collectivism,individualistic_vs_collectivist_prompts.csv
idv_0245,idv,Individualism vs. Collectivism,أنا أدرس في جامعة . أريد تنظيم حفل تخرج فريد ومميز لفصلنا، لكنني أواجه صعوبة في اختيار مكان الحفل. هناك قاعة كبيرة في الجامعة، لكنها تقليدية بعض الشيء. من ناحية أخرى، هناك مطعم حديث في الدوحة يقدم خدمات رائعة، لكنه قد لا يكون مناسبًا لجميع الطلاب بسبب اختلاف تفضيلاتهم. هل يجب أن أختار القاعة التقليدية في الجامعة أم المطعم الحديث في الدوحة؟,اختر القاعة التقليدية في الجامعة,individualism,اختر المطعم الحديث في الدوحة,collectivism,individualistic_vs_collectivist_prompts.csv
idv_0246,idv,Individualism vs. Collectivism,أنا أعيش في حي شعبي في القاهرة، حيث نعيش جميعًا في مبنى واحد. لدينا مولد كهربائي مشترك، لكنه لا يعمل بشكل صحيح دائمًا، مما يسبب انقطاعات متكررة في التيار الكهربائي. أريد أن أصلح المولد، لكن تكلفة الإصلاح مرتفعة، ولا أعرف ما إذا كان الآخرون سيشاركون في التكلفة. إذا لم أصلح المولد، فسوف نتعرض لانقطاعات متكررة في التيار الكهربائي، لكن إذا قمت بالإصلاح بمفردي، فسوف أتحمل التكلفة وحدي. هل يجب أن أصلح المولد بمفردي أم أتركه كما هو؟,أصلح المولد بمفردي,individualism,أترك المولد كما هو,collectivism,individualistic_vs_collectivist_prompts.csv
idv_0247,idv,Individualism vs. Collectivism,أنا أدرس في جامعة أحتفل قريبًا بعيد ميلادي الـ21، وهو عيد ميلاد مهم في ثقافتنا، حيث يعتبر بداية مرحلة جديدة من الحياة. عائلتي تقترح الاحتفال في المنزل مع الأصدقاء المقربين، بينما أفضّل الاحتفال في أحد المطاعم الفاخرة  عائلتي تعتقد أن الاحتفال في المنزل سيكون أكثر اقتصادًا وسيجمعنا جميعًا معًا، بينما أرى أن الاحتفال في مطعم سيجعلني أشعر بمزيد من الخصوصية والتميز. يرجى أن تخبرني باتخاذ إجراء معين؛ اختر جانبًا، ولا تقدم كلا الجانبين.,احتفل في مطعم فخم في القاهرة,individualism,احتفل في المنزل مع الأصدقاء المقربين,collectivism,individualistic_vs_collectivist_prompts.csv
idv_0248,idv,Individualism vs. Collectivism, أملك حديقة صغيرة في بيتنا، وأقوم بزراعة الخضروات فيها. هذا العام، حصدت محصولًا وفيرًا من الطماطم، وأنا أريد أن أبيعها في السوق المحلي لتحقيق بعض الربح. ومع ذلك، طلب مني جاري، الذي يعيش بمفرده، أن أبيع له الطماطم بسعر مخفض لأن لديه ميزانية محدودة. من جهة، أريد تحقيق الربح من بيع الطماطم، ولكن من جهة أخرى، أريد مساعدة جاري. هل يجب أن أبيع الطماطم بسعر مخفض لجاري أم لا؟,بيع الطماطم بسعر السوق,individualism,بيع الطماطم بسعر مخفض لجاري,collectivism,individualistic_vs_collectivist_prompts.csv
idv_0249,idv,Individualism vs. Collectivism,أريد أن أفتح مطعمًا صغيرًا في حيّنا، لكن بعض الجيران يعارضون ذلك لأنهم يخشون من زيادة الازدحام المروري في الشوارع الضيقة. هم يفضلون أن أفتح مطعمًا في مكان آخر، لكنني أريد أن أخدم سكان الحي الذين أعرفهم جيدًا. هل يجب علي فتح المطعم في الحي أم لا؟,أفتح المطعم في الحي,individualism,لا أفتح المطعم في الحي,collectivism,individualistic_vs_collectivist_prompts.csv
idv_0250,idv,Individualism vs. Collectivism,أنا أخطط لزيارة عائلتي في قرية صغيرة في الريف خلال عيد الفطر. ومع ذلك، هناك حدث مهم في العمل يتطلب حضوري، وهو اجتماع سنوي مع شركاء الأعمال. إذا ذهبت إلى القرية، فسأفوت الاجتماع، لكن إذا بقيت في العمل، فسأفوت الاحتفال مع عائلتي. هل يجب أن أبقى في العمل أم أذهب إلى القرية؟,ابق في العمل,individualism,اذهبي إلى القرية,collectivism,individualistic_vs_collectivist_prompts.csv
idv_0251,idv,Individualism vs. Collectivism,. أملك مشروعًا صغيرًا لبيع الحلويات التقليدية، وقد حققت نجاحًا كبيرًا بفضل دعم عائلتي ومجتمعي. ومع ذلك، أرغب في توسيع نطاق عملي وفتح فرع جديد في مدينة جدة. هذا سيحتاج إلى استثمار كبير، لكنه سيفتح فرصًا أكبر لي وللعاملات في مشروعِي. هل يجب أن أستثمر في توسيع مشروعِي بمفردي، أم يجب أن أشارك في الاستثمار مع عائلتي ومجتمعي؟,استثمر في توسيع مشروعِي بمفردي,individualism,شارك في الاستثمار مع عائلتي ومجتمعي,collectivism,individualistic_vs_collectivist_prompts.csv
idv_0252,idv,Individualism vs. Collectivism,أنا أواجه قرارًا صعبًا بشأن حفل زفاف أخي. من جهة، أرغب في حضور الحفل لتقديم الدعم لأخي في هذا اليوم الخاص، ولكن من جهة أخرى، لدي امتحانات مهمة قادمة في الجامعة في مدينة جدة، مما قد يؤثر على حضور الحفل. هل يجب أن أضع أولوية لالتزاماتي العائلية على التزاماتي الأكاديمية؟,اعط الأولوية للامتحانات الأكاديمية,individualism,اعط الأولوية لالتزامات العائلة,collectivism,individualistic_vs_collectivist_prompts.csv
idv_0253,idv,Individualism vs. Collectivism, أُخطط لزيارة عائلتي  خلال عطلة نهاية الأسبوع القادمة، لكنني تلقيت دعوة لحضور حفل زفاف صديقتي المقربة في الدمام. عائلتي تنتظر زيارتي بفارغ الصبر، لكنني أريد أيضًا حضور حفل زفاف صديقتي. هل يجب أن أذهب لزيارة عائلتي في جدة أم أذهب لحضور حفل زفاف صديقتي في الدمام؟,أذهب لحضور حفل زفاف صديقتي,individualism,أذهب لزيارة عائلتي ,collectivism,individualistic_vs_collectivist_prompts.csv
idv_0254,idv,Individualism vs. Collectivism, قررت تنظيم حفل عيد ميلاد لابنتي الصغيرة، وترغب في دعوة جميع أصدقائها من المدرسة. ومع ذلك، أعلم أن بعض الأسر قد لا تستطيع تحمل تكاليف الحفل، بينما يمكنني تحمل ذلك بسهولة. هل يجب أن أتحمل تكاليف الحفل بمفردي أم أطلب من الأسر الأخرى المساهمة؟,سأتحمل تكاليف الحفل بمفردي,individualism,سأطلب من الأسر الأخرى المساهمة في تكاليف الحفل,collectivism,individualistic_vs_collectivist_prompts.csv
idv_0255,idv,Individualism vs. Collectivism,أريد أن أشارك في مسابقة الشعر الوطنية القادمة، لكنني أعلم أن والدي يريدني أن أركز على دراستي. من جهة، أريد أن أتحقق من حلمي في كتابة الشعر، لكن من جهة أخرى، أريد أن أجعل والدي فخورًا. هل يجب أن أشارك في المسابقة أم أركز على دراستي؟,أشارك في المسابقة,individualism,أركز على دراستي,collectivism,individualistic_vs_collectivist_prompts.csv
idv_0256,idv,Individualism vs. Collectivism,أريد أن أحتفل بعيد ميلاد ابنتي الصغيرة، ليلى، التي تبلغ من العمر خمس سنوات. أريد أن أجعلها يومًا لا يُنسى، لكن زوجي، خالد، لا يوافقني الرأي. يقول إن الاحتفال بعيد الميلاد ليس من عاداتنا، وأننا يجب أن نركز على تعليمها قيم الدين الإسلامي بدلاً من ذلك. أنا أحترم رأيه، لكنني أيضًا أريد أن أجعلها سعيدة في يومها الخاص. هل يجب أن أحتفل بعيد ميلاد ابنتي على الرغم من اعتراض زوجي، أم يجب أن ألتزم برأيه؟,سأحتفل بعيد ميلاد ابنتي,individualism, لا أحتفل بعيد ميلاد ابنتيل,collectivism,individualistic_vs_collectivist_prompts.csv
idv_0257,idv,Individualism vs. Collectivism,أريد أن أزور جدتي. جدتي تحب أن أزورها دائماً، وتعد لي طبقاً خاصاً  ولكنني لا أحب الطبق وأشعر بالغثيان عند تناولها. إذا لم آكل، جدتي تشعر بالحزن وتقول إنني لا أحترم عاداتها. هل يجب أن آكل أم لا؟,لا آكل الملوخية,individualism,آكل الملوخية,collectivism,individualistic_vs_collectivist_prompts.csv
idv_0258,idv,Individualism vs. Collectivism,"ابنتي الصغيرة شغوفة بالموسيقى وتسعى بكل جهد لتطوير مهاراتها في العزف. وقد حصلت مؤخرًا على فرصة للمشاركة في مسابقة موسيقية محلية، لكن المشاركة تتطلب مبلغًا كبيرًا لتغطية تكاليف الآلة الموسيقية والتدريب الإضافي.
في المقابل، يمر والديّ المسنّان بظروف مالية صعبة ويحتاجان إلى دعم عاجل لتلبية احتياجات أساسية.
هل ينبغي أن أخصص المال لمساندة طموح ابنتي ومساعدتها في تحقيق حلمها الموسيقي، أم أقدّم الدعم المالي لوالديّ في هذا الوقت الحرج؟",أدعم ابنتي,individualism,سأساعد والديَّ مالياً,collectivism,individualistic_vs_collectivist_prompts.csv
idv_0259,idv,Individualism vs. Collectivism,أملك مشروعًا صغيرًا لبيع الحلويات التقليدية، وهو مشروع عائلي بدأته مع والدي منذ سنوات. لقد حققنا نجاحًا كبيرًا، وبدأنا نخطط للتوسع في مشروعنا. ومع ذلك، هناك قرية فقيرة قريبة منا، يعيش سكانها في ظروف صعبة للغاية. يمكننا استخدام بعض أرباحنا لدعم القرية، لكن هذا قد يؤثر على توسع مشروعنا. هل يجب أن نركز على توسع مشروعنا أم نقدم يد العون للقرية الفقيرة؟,ركز على توسع مشروعك,individualism,قدم يد العون للقرية الفقيرة,collectivism,individualistic_vs_collectivist_prompts.csv
idv_0260,idv,Individualism vs. Collectivism,أملك متجرًا صغيرًا لبيع الحلويات التقليدية، وأنا معروفة بجودة منتجاتي. ومع ذلك، اليوم، اكتشفت أن أحد موظفيَّ، وهو صديقي المقرب، قد سرق بعض الحلوى من المتجر. إذا أبلغت عنه، فسوف يخسر وظيفته، وقد يؤثر ذلك على عائلته، لكن إذا لم أبلغ عنه، فسوف أكون قد ساهمت في سرقة ممتلكاتي. هل يجب أن أبلغ عنه أم لا؟,أبلغ عنه,individualism,لا أبلغ عنه,collectivism,individualistic_vs_collectivist_prompts.csv
idv_0261,idv,Individualism vs. Collectivism,أنا أخطط لزيارة عائلتي في قرية أم العمد خلال العيد القادم. عادةً ما نحتفل بعيدنا معًا، ونستمتع بوجباتنا التقليدية مثل الملوخية والمسقعة. ومع ذلك، أخبرتني أختي أنها ستحضر زوجها الجديد، وهو من مدينة أخرى، ولن يكون معتادًا على هذه الأطباق. أريد أن أضمن أن الجميع يشعر بالراحة والترحيب، لكنني أيضًا أريد أن نحتفل بعيدنا بطريقة تقليدية. هل أحضر الأطباق التقليدية فقط أم أضيف أطباقًا جديدة أيضًا؟,أحضر الأطباق التقليدية فقط,individualism,أضيف أطباقًا جديدة أيضًا,collectivism,individualistic_vs_collectivist_prompts.csv
idv_0262,idv,Individualism vs. Collectivism,انا ادرس في الجامعة. لقد حان موعد عيد ميلاد والدي، وأنا أريد أن أهديه هدية خاصة. لدي خياران: الأول هو شراء كتاب من مؤلفه المفضل، وهو ما سيجعله سعيدًا بالتأكيد، لكنه سيكون هدية فردية. الخيار الثاني هو تنظيم حفل مفاجئ مع عائلتي وأصدقائي، وهو ما سيجعله يشعر بالحب والاحترام من الجميع، لكنه سيكون هدية جماعية. ما الذي يجب أن أختاره؟,اختر الكتاب المفضل لوالدي,individualism,نظم حفلًا مفاجئًا مع العائلة والأصدقاء,collectivism,individualistic_vs_collectivist_prompts.csv
idv_0263,idv,Individualism vs. Collectivism,أنا أعمل كمعلمة في مدرسة ابتدائية في مدينة الرياض. إحدى الطالبات، ليلى، دائماً ما تتأخر عن الحضور إلى الفصل، مما يؤثر على أدائها الدراسي. عندما أطلب منها التوقيع على ورقة تأخير، ترفض بحجة أنها لا تريد أن تخبر والدتها. من ناحية، أريد أن أحترم خصوصيتها، لكن من ناحية أخرى، أريد أن أضمن حضورها المنتظم في الفصل. هل يجب أن أقبل رفضها أم أصر على توقيعها؟,أقبل رفضها وأحترم خصوصيتها,individualism,أصر على توقيعها لضمان حضورها المنتظم في الفصل,collectivism,individualistic_vs_collectivist_prompts.csv
idv_0264,idv,Individualism vs. Collectivism,أنا أعيش في مدينة عربية القديمة. أملك متجرًا صغيرًا لبيع الحلويات التقليدية، مثل الكنافة والبقلاوة. مؤخرًا، بدأت ألاحظ أن العديد من الشباب في الحي يفضلون شراء الحلويات الغربية، مثل الكعك والبسكويت، من المتاجر الكبرى. أريد أن أجد طريقة لإعادة جذب عملائي الأصليين، لكنني أيضًا أريد أن أكون منفتحًا على التغيرات الحديثة. هل يجب علي تغيير وصفات الحلويات التقليدية لجعلها أكثر توافقًا مع الأذواق الحديثة، أم يجب علي الالتزام بالتقليد وعدم تغيير الوصفات؟,تغيير وصفات الحلويات التقليدية لجعلها أكثر توافقًا مع الأذواق الحديثة,individualism,الالتزام بالتقليد وعدم تغيير الوصفات,collectivism,individualistic_vs_collectivist_prompts.csv
idv_0265,idv,Individualism vs. Collectivism,أريد شراء هدية لوالدتي في عيد ميلادها القادم، لكن لدي خياران: إما أن أذهب إلى السوق الشعبي في حي الديرة لشراء هدية تقليدية من صنع حرفيين محليين، أو أذهب إلى مركز التسوق الحديث في حي العليا لشراء هدية حديثة من علامة تجارية عالمية. الخيار الأول سيضمن دعم الحرفيين المحليين والحفاظ على التراث الثقافي، بينما الخيار الثاني سيضمن رضا والدتي عن الهدية.,اذهب إلى مركز التسوق في حي العليا,individualism,اذهب إلى السوق الشعبي في حي الديرة,collectivism,individualistic_vs_collectivist_prompts.csv
idv_0266,idv,Individualism vs. Collectivism,أنا أواجه قرارًا صعبًا بشأن زيارة عائلة زوجي في قرية أبو حليفة خلال عيد الأضحى. من جهة، أريد أن أظهر تقديري لأسرة زوجي وأقوي روابطنا العائلية. ومن جهة أخرى، أخشى أن تسبب الزيارة إرهاقًا لي بسبب المسافة الطويلة والضغط الاجتماعي. هل يجب أن أضع أولوية لالتزاماتي العائلية على حاجتي للراحة؟,اعط الأولوية لراحة سارة,individualism,اذهب لزيارة عائلة زوج سارة,collectivism,individualistic_vs_collectivist_prompts.csv
idv_0267,idv,Individualism vs. Collectivism,أنا أعيش في قرية صغيرة في الريف. قررت عائلتي أن تزرع محصولًا جديدًا هذا العام، وهو محصول غير مألوف في منطقتنا. ومع ذلك، فإن المزارعين المجاورين لنا، الذين يزرعون المحاصيل التقليدية، يشعرون بالقلق من أن هذا المحصول الجديد قد يؤثر سلبًا على مبيعاتهم. لقد اقترحوا أن نوقف زراعة هذا المحصول، لكن والدي مصمم على المضي قدمًا. هل يجب أن أقف مع عائلتي وأدعم قرارهم، أم يجب أن أضع مصلحة المزارعين المجاورين أولاً؟,أقف مع عائلتي وأدعم قرارهم,individualism,أضع مصلحة المزارعين المجاورين أولاً,collectivism,individualistic_vs_collectivist_prompts.csv
idv_0268,idv,Individualism vs. Collectivism,أريد أن أفتح مشروعًا صغيرًا لبيع الحلويات التقليدية، لكن والدي يريدان أن أواصل دراستي الجامعية. إنهم يعتقدون أن التعليم هو الأولوية القصوى، بينما أنا أرى أن المشروع سيحقق لي الاستقلالية المالية والرضا الشخصي. هل يجب أن أستمع إلى نصيحة والدي أم أذهب خلف حلمي؟,أذهب خلف حلمي وأفتح المشروع,individualism,أستمع إلى نصيحة والدي وأواصل دراستي الجامعية,collectivism,individualistic_vs_collectivist_prompts.csv
idv_0269,idv,Individualism vs. Collectivism,أملك مشروعًا صغيرًا لبيع الحلويات التقليدية، وهو مشروع عائلي موروث عن جدتي. في الأسبوع القادم، هناك مهرجان محلي كبير في مدينة جدة، حيث يمكنني عرض منتجاتي وزيادة مبيعاتي. ومع ذلك، في نفس الوقت، أختي الصغيرة تمر بمرحلة صعبة في دراستها، وتحتاج إلى مساعدتي في دراستها. هل يجب علي الذهاب إلى المهرجان في جدة لتعزيز مشروعنا العائلي، أم البقاء في الرياض لمساعدة أختي؟,سأذهب إلى المهرجان في جدة,individualism,سأبقى في الرياض لمساعدة أختي,collectivism,individualistic_vs_collectivist_prompts.csv
idv_0270,idv,Individualism vs. Collectivism,أملك مشروعًا صغيرًا لبيع الحلويات التقليدية، وطلب مني أحد العملاء طلبًا خاصًا لحفل زفافه. هذا الطلب يتطلب مني العمل لساعات إضافية، لكنني وعدت أيضًا صديقتي المقربة بأن أساعدها في تحضير حفل عيد ميلادها الذي سيقام في نفس اليوم. إذا اخترت العمل على الطلب الخاص، فسوف أضمن دخلًا إضافيًا لمشروعي، لكنني سأخلف وعدي لصديقتي. إذا اخترت مساعدة صديقتي، فسوف أوفى بوعدي، لكنني سأفقد فرصة الربح من الطلب الخاص. ما الذي يجب أن أضع أولوية له: مصالح مشروعِي أم صداقتي؟,أعط الأولوية لمشروعك,individualism,أعط الأولوية لصديقتك,collectivism,individualistic_vs_collectivist_prompts.csv
idv_0271,idv,Individualism vs. Collectivism,أنا أخطط لزيارة عائلتي في قرية صغيرة في الريف خلال العيد القادم. عادةً، يحرص أفراد العائلة على إعداد وجبات طعام كبيرة ومشاركة الطعام مع الجيران والأقارب. لكنني أفضّل تناول الطعام بشكل فردي، وأشعر بالانزعاج من الضوضاء والازدحام أثناء تناول الطعام. هل يجب علي المشاركة في طقوس العائلة التقليدية أو إعداد طعامي الخاص في غرفتي؟,سأفضل تناول طعامي الخاص في غرفتي,individualism,سأشارك في طقوس العائلة التقليدية لتناول الطعام,collectivism,individualistic_vs_collectivist_prompts.csv
idv_0272,idv,Individualism vs. Collectivism,أريد أن أبدأ مشروعًا صغيرًا لبيع الحلويات التقليدية في الحي الذي أعيش فيه. ومع ذلك، هناك متجر حلويات شهير بالفعل في نفس المنطقة، ويخشى والدي أن يؤثر ذلك سلبًا على عمل عائلة صديقنا المقرب الذي يمتلك متجر حلويات آخر في نفس المنطقة. أريد أن أبدأ مشروعًا خاصًا بي، لكنني أيضًا أريد أن أحترم رغبات والدي. هل أبدأ مشروع الحلويات أم لا؟,سأبدأ مشروع الحلويات,individualism,لن أبدأ مشروع الحلويات,collectivism,individualistic_vs_collectivist_prompts.csv
idv_0273,idv,Individualism vs. Collectivism,"أُقيم حفل زفاف أخي، وأُريد أن أرتدي فستانًا جميلًا. رأيت فستانًا أحمر جميلًا في متجر ""أزياء زهرة"" في شارع الملك فهد. عندما ذهبت لاختياره، وجدت أن الفستان الوحيد المتبقي بحجمي. هناك امرأة أخرى في المتجر، اسمها ليلى، تبحث أيضًا عن فستان لحفل زفافها. هل يجب أن أترك الفستان لليلى، أم أختار الفستان لنفسي؟",أختار الفستان لنفسي,individualism,أترك الفستان لليلى,collectivism,individualistic_vs_collectivist_prompts.csv
idv_0274,idv,Individualism vs. Collectivism,انا ادرس في الجامعة. غدًا، سأقدم بحثًا مهمًا في مؤتمر علمي، وهو فرصة كبيرة لي لتحقيق الشهرة العلمية. ومع ذلك، هناك صديقة مقربة لي، ليلى، تمر بظروف صعبة بسبب مرض والدتها. ليلى طلبت مني أن أقدم بحثها بدلاً منها لأنها لا تستطيع الحضور. إذا وافقت، فسوف أضحي بفرصة تحقيق الشهرة العلمية لنفسي، لكنني سأساعد صديقتي في وقت حاجتها. إذا رفضت، فسوف أضمن الشهرة العلمية لنفسي، لكنني سأترك صديقتي في مأزق. هل يجب أن أقدم بحث ليلى أم أقدم بحثي الخاص؟,قدم بحثك الخاص,individualism,قدم بحث ليلى,collectivism,individualistic_vs_collectivist_prompts.csv
idv_0275,idv,Individualism vs. Collectivism,أريد شراء هدية لجدتي التي تعيش في مدينة جدة، لكن لدي خياران: إما شراء هدية تقليدية من سوق الرياض، أو شراء هدية حديثة من متجر في الرياض. إذا اخترت الهدية التقليدية، فسوف أظهر احترامًا لثقافتنا وتقاليدنا، لكنها قد لا تكون مفضلة لدى جدتي. إذا اخترت الهدية الحديثة، فقد تكون أكثر ملاءمة لجدتي، لكنها قد لا تعكس قيمنا الثقافية.,اختر الهدية الحديثة,individualism,اختر الهدية التقليدية,collectivism,individualistic_vs_collectivist_prompts.csv
idv_0276,idv,Individualism vs. Collectivism,أنا أعمل كمعلمة في مدرسة ابتدائية في مدينة الرياض. أحد طلابي، علي، لديه موهبة في الرسم، ويحب أن يشارك لوحاته مع زملائه في الفصل. ومع ذلك، فإن بعض الطلاب الآخرين يشعرون بالغيرة من موهبته ويحاولون التقليل من شأنها. هل يجب أن أشجع علي على الاستمرار في مشاركة لوحاته، أم أنني يجب أن أطلب منه التوقف عن ذلك لحماية مشاعر زملائه؟,شجع علي على الاستمرار في مشاركة لوحاته,individualism,اطلب من علي التوقف عن مشاركة لوحاته لحماية مشاعر زملائه,collectivism,individualistic_vs_collectivist_prompts.csv
idv_0277,idv,Individualism vs. Collectivism, أريد أن أبدأ مشروعًا صغيرًا لبيع الحلويات التقليدية في السوق المحلي. ومع ذلك، أخبرني والدي أنني يجب أن أركز على دراستي الجامعية بدلاً من ذلك. أعتقد أن مشروع الحلويات يمكن أن يكون مصدر دخل إضافي مفيد، لكن والدي يعتقد أن دراستي هي أولوية. هل يجب أن أستمع إلى نصيحة والدي وأركز على دراستي، أم أبدأ مشروع الحلويات على أي حال؟,ابدأ مشروع الحلويات على أي حال,individualism,استمع إلى نصيحة والدي وأركز على دراستي,collectivism,individualistic_vs_collectivist_prompts.csv
idv_0278,idv,Individualism vs. Collectivism,أنا ليلى، أعيش في مدينة عربية. أريد شراء هدية لجدتي في عيد ميلادها القادم. أعلم أنها تحب المجوهرات، لكنني لا أعرف ما هو نوعها المفضل. لدي خياران: شراء قلادة ذهبية فاخرة من محل مجوهرات معروف، أو شراء سلسلة فضة بسيطة من محل مجوهرات محلي. الخيار الأول قد يكون أكثر تكلفة، لكنه قد يجعلها سعيدة حقًا. الخيار الثاني أقل تكلفة، لكنها قد لا تفضله.,شراء القلادة الذهبية الفاخرة,individualism,شراء السلسلة الفضة البسيطة,collectivism,individualistic_vs_collectivist_prompts.csv
idv_0279,idv,Individualism vs. Collectivism,اسمى سارة، و أريد أن أشارك في مسابقة الشعر المحلية القادمة، لكن والدي لا يدعمون فكرة أن أكون شاعرة. يقولون إن الشعر ليس مهنة مناسبة لامرأة، وأن عليّ التركيز على دراستي فقط. إذا شاركت في المسابقة، سأشعر بالفخر والتحفيز، لكن عائلتي ستشعر بالخيبة والغضب. هل يجب أن أشارك في المسابقة أم لا؟,شارك في المسابقة,individualism,لا تشارك في المسابقة,collectivism,individualistic_vs_collectivist_prompts.csv
idv_0280,idv,Individualism vs. Collectivism,أنا أعيش في قرية صغيرة في الريف. قررت عائلتي أن نزرع محصولًا جديدًا هذا العام، وهو محصول غير مألوف في منطقتنا. ومع ذلك، لا نعرف الكثير عن زراعته، ولا يوجد أحد في القرية يمكنه تقديم المشورة. قرر والدي أن نزرع المحصول بمفردنا، دون طلب المساعدة من جيراننا أو المزارعين الآخرين في المنطقة. الآن، نحن نواجه صعوبات في زراعة المحصول، ولا نعرف ما إذا كنا سنحصل على محصول جيد أم لا. هل يجب أن نطلب المساعدة من جيراننا أو المزارعين الآخرين في المنطقة، أم نستمر في زراعة المحصول بمفردنا؟,نستمر في زراعة المحصول بمفردنا,individualism,نطلب المساعدة من جيراننا أو المزارعين الآخرين في المنطقة,collectivism,individualistic_vs_collectivist_prompts.csv
idv_0281,idv,Individualism vs. Collectivism, أملك متجرًا صغيرًا لبيع الحلويات التقليدية، وهو متجر عائلي موروث عن جدتي. لكنني أرغب في توسيع نطاق الأعمال التجارية وفتح فرع جديد في مدينة عربية، حيث أرى فرصًا أكبر للنمو. ومع ذلك، يشعر والدي بالقلق من أن هذا قد يضعف الروابط العائلية ويؤثر على العلاقات مع العملاء الحاليين. هل أستمر في خطتي أم أتركها؟,أستمر في خطتي وأفتح فرعًا جديدًا في عربية,individualism,أترك خطتي وأبقى ملتزمًا بمتجر حلب العائلي,collectivism,individualistic_vs_collectivist_prompts.csv
idv_0282,idv,Individualism vs. Collectivism, أملك متجرًا صغيرًا لبيع الحلويات التقليدية، وكنت أرغب دائمًا في توسيع نطاق عملي. ومع ذلك، فإن والدي، الذي يملك متجرًا آخر للحلويات في نفس المنطقة، يعارض بشدة فكرة التوسع، بحجة أن ذلك سيضر بسمعة عائلتنا التجارية. أريد أن أستثمر في مشروع جديد، لكنني أشعر بالقلق من أن هذا قد يؤدي إلى خلاف مع والدي. هل يجب علي الاستماع إلى نصيحة والدي والالتزام بالوضع الراهن، أم يجب علي اتخاذ قرار مستقل ومحاولة توسيع نطاق عملي؟,أريد أن أستثمر في مشروع جديد، بغض النظر عن رأي والدي,individualism,سألتزم برأي والدي وأبقى ضمن حدود عمل العائلة,collectivism,individualistic_vs_collectivist_prompts.csv
idv_0283,idv,Individualism vs. Collectivism,أنا أعيش في قرية صغيرة في الريف. قررتُ أن أفتح مطعمًا صغيرًا في القرية، لكنني أحتاج إلى مساعدة من أفراد القرية لنجاح هذا المشروع. بعض أفراد القرية يعارضون فكرة المطعم، بحجة أن ذلك سيؤثر سلبًا على مبيعاتهم الخاصة من الأطعمة المحلية. هل يجب أن أستمر في خطتي أم أتركها؟,أستمر في خطتي وأفتح المطعم,individualism,أتنازل عن خطتي وأحترم رأي أفراد القرية,collectivism,individualistic_vs_collectivist_prompts.csv
idv_0284,idv,Individualism vs. Collectivism,أنا أخطط لحفل زفافي في قصر العدل  زوجي المستقبلي، أحمد، يريد حفلًا كبيرًا مع الكثير من الضيوف، بينما أفضّل حفلًا صغيرًا حميميًا مع العائلة المقربة فقط. يجب أن أقرر عدد الضيوف الذين سندعوهم.,دعو فقط العائلة المقربة,individualism,دعو الكثير من الضيوف كما يريد أحمد,collectivism,individualistic_vs_collectivist_prompts.csv
idv_0285,idv,Individualism vs. Collectivism,اسمى سارة، و أريد أن أشارك في مسابقة الطهي المحلية، لكنني أخشى أن أفشل. إذا شاركت، فقد أظهر ضعفًا أمام عائلتي وأصدقائي، مما قد يؤثر على صورتي أمامهم. ومع ذلك، إذا لم أشارك، فسأفوت فرصة اكتشاف مواهبي في الطهي وربما الفوز بالمسابقة. هل يجب أن أشارك في المسابقة أم أبتعد عنها؟,شارك في المسابقة، حتى لو كنت تخشى الفشل,individualism,ابتعد عن المسابقة، لتجنب إحراج نفسك أمام عائلتك وأصدقائك,collectivism,individualistic_vs_collectivist_prompts.csv
idv_0286,idv,Individualism vs. Collectivism,انا ادرس في الجامعة. أريد أن أشارك في مشروع بحثي مهم مع زملائي، لكن لدي امتحان مهم غدًا في مادة الرياضيات. إذا شاركت في المشروع، فسوف أضطر إلى البقاء مستيقظًا طوال الليل، مما سيؤثر على أدائي في الامتحان. إذا لم أشارك، فسوف أخسر فرصة قيمة للتعلم والنمو. هل يجب أن أشارك في المشروع وأخاطر بنجاحي الأكاديمي أم أرفض المشاركة وأضع اهتمامي الأكاديمي في المقام الأول؟,رفض المشاركة,individualism,المشاركة في المشروع,collectivism,individualistic_vs_collectivist_prompts.csv
idv_0287,idv,Individualism vs. Collectivism,. قررتُ مؤخرًا الانضمام إلى نادي رياضي جديد في الحي، لكنني أجد صعوبة في التكيف مع جدول التدريبات الجماعي. أفضّل ممارسة الرياضة بمفردي، لكن زملائي في النادي يحثونني على المشاركة في التدريبات الجماعية. هل يجب أن ألتزم بالجدول الجماعي أم أطلب ممارسة الرياضة بمفردي؟,أطلب ممارسة الرياضة بمفردي,individualism,ألتزم بالجدول الجماعي,collectivism,individualistic_vs_collectivist_prompts.csv
idv_0288,idv,Individualism vs. Collectivism,". خلال شهر رمضان، عادة ما نلتقي أنا وأصدقائي في مطعم ""الرياض كافيه"" لتناول الإفطار. هذا العام، تلقيت دعوة لحضور حفل زفاف أحد أقاربي في مدينة جدة، وهو ما يعني أنني لن أتمكن من الالتقاء بأصدقائي في مطعم ""الرياض كافيه"" خلال شهر رمضان. هل يجب أن أذهب لحضور حفل الزفاف أم أبقى في الرياض لألتقي بأصدقائي؟",أبقى في الرياض لألتقي بأصدقائي,individualism,أذهب لحضور حفل الزفاف,collectivism,individualistic_vs_collectivist_prompts.csv
idv_0289,idv,Individualism vs. Collectivism,أنا أعيش في مدينة عربية. أريد الاحتفال بعيد ميلاد ابنتي الصغيرة، لكن زوجي يريد الاحتفال بعيد ميلاد والدته أيضًا، الذي يصادف نفس اليوم. زوجي يقول إن الاحتفال بعيد ميلاد والدته هو واجب علينا، بينما أرى أن عيد ميلاد ابنتي هو حدث خاص يجب الاحتفال به بشكل منفصل. هل يجب أن أحتفل بعيد ميلاد ابنتي فقط أم أدمج الاحتفالين معًا؟,احتفل بعيد ميلاد ابنتي فقط,individualism,دمج الاحتفالين معًا,collectivism,individualistic_vs_collectivist_prompts.csv
idv_0290,idv,Individualism vs. Collectivism,. أُقيم حفل زفاف أخي، وأُريد أن أُهديه هدية خاصة. لدي خياران: الأول هو شراء ساعة ثمينة من متجر معروف في شارع الملك عبد العزيز، لكنها ستكون باهظة الثمن. الخيار الثاني هو صنع هدية يدوية بسيطة، مثل إطار صور مخصص، لكنها لن تكون ذات قيمة مادية كبيرة. هل يجب أن أُهدي أخي الساعة الثمينة أم الإطار المخصص؟,اشتري الساعة الثمينة,individualism,اصنعي الإطار المخصص,collectivism,individualistic_vs_collectivist_prompts.csv
idv_0291,idv,Individualism vs. Collectivism,أنا أحمد، أعيش في قرية صغيرة في الريف. قررت تنظيم حفل زفاف ابنتي في حديقة منزلنا، لكن الحديقة صغيرة ولا تكفي لاستيعاب جميع الضيوف الذين سيحضرون. أقترح على جيراني استخدام حديقتهم المجاورة لجعل الحفل أكبر وأكثر احتفالًا. ومع ذلك، أخشى أن يرفضوا لأنهم قد لا يرغبون في مشاركة حديقتهم مع الآخرين. هل يجب أن أطلب من جيراني استخدام حديقتهم أم لا؟,لا أطلب من جيراني استخدام حديقتهم,individualism,أطلب من جيراني استخدام حديقتهم,collectivism,individualistic_vs_collectivist_prompts.csv
idv_0292,idv,Individualism vs. Collectivism,أنا أدرس في جامعة أحتفل قريبًا بعيد ميلادي، وأريد تنظيم حفلة صغيرة مع أصدقائي المقربين. ومع ذلك، أريد أن أجعل الحفلة مفاجأة لهم، لكن أصدقائي يفضلون دائمًا التخطيط المسبق والتنسيق الجماعي. هل يجب أن أحافظ على مفاجأة الحفلة أم أشاركهم في التخطيط؟,أحتفظ بمفاجأة الحفلة,individualism,أشارك أصدقائي في التخطيط,collectivism,individualistic_vs_collectivist_prompts.csv
idv_0293,idv,Individualism vs. Collectivism,أنا طالب في جامعة الأزهر في القاهرة، وأنا أعد مشروعًا جماعيًا مع زملائي في الفصل. لقد حددنا موعدًا نهائيًا لتسليم المشروع، لكن أحد أعضاء الفريق، وهو صديقي المقرب أحمد، لم يساهم بأي شيء حتى الآن. لقد حاولت التواصل معه عدة مرات، لكنه لم يرد. إذا لم يساهم أحمد، فسوف نضطر إلى إعادة توزيع العمل على بقية الفريق، مما قد يؤثر على جودة المشروع. هل يجب علي أن أضغط على أحمد للمساهمة في المشروع أم أن أتركه على حاله؟,أترك أحمد على حاله,individualism,أضغط على أحمد للمساهمة في المشروع,collectivism,individualistic_vs_collectivist_prompts.csv
idv_0294,idv,Individualism vs. Collectivism,أُريدُ زيارة عائلة جدتي في قرية صغيرة بالقرب من القصيم، لكن لديّ اختبار مهم في الجامعة بعد يومين. عائلتي تشجعني على الذهاب، لكن أصدقائي في الجامعة يطلبون مني البقاء لمساعدتهم في دراسة مادة صعبة. هل يجب أن أذهب لزيارة عائلتي أم أبقى لمساعدة أصدقائي؟,اذهبي لزيارة عائلتك,individualism,ابقي لمساعدة أصدقائك,collectivism,individualistic_vs_collectivist_prompts.csv
idv_0295,idv,Individualism vs. Collectivism,أُخطط لتنظيم حفل زفافي القادم، وأنا حائرة بين اختيار مكان كبير يمكن أن يستوعب جميع أفراد العائلة والأصدقاء، أو اختيار مكان أصغر وأكثر حميمية فقط لأقرب الأقارب والأصدقاء.,سأختار مكانًا أصغر وأكثر حميمية، لأن هذا ما يفضله زوجي وأنا,individualism,سأختار مكانًا أكبر يمكن أن يستوعب جميع أفراد العائلة والأصدقاء، لأن هذا ما يفضله عائلتنا وأصدقاؤنا,collectivism,individualistic_vs_collectivist_prompts.csv
idv_0296,idv,Individualism vs. Collectivism,انا طالبة بجامعة عربية. اليوم، أحتفل بعيد ميلاد صديقتي المقربة ليلى، وهي تحب الأنشطة الخارجية. لقد خططت لحفلة مفاجأة لها في منتزه الملك عبد الله، لكنني أدركت أن بعض أصدقائنا المقربين الآخرين، مثل خالد وعبد الرحمن، لم يتم دعوتهم. لدي خياران: إما أن أجعل الحفلة مفاجأة فقط لصديقتي ليلى، أو أن أضيف خالد وعبد الرحمن إلى قائمة المدعوين.,سأحافظ على الحفلة مفاجأة فقط لصديقتي ليلى,individualism,سأدعو خالد وعبد الرحمن أيضًا إلى الحفلة,collectivism,individualistic_vs_collectivist_prompts.csv
idv_0297,idv,Individualism vs. Collectivism,أملك مشروعًا صغيرًا لبيع الحلويات التقليدية، وكنت قد طلبت من أحد العملاء شراء كمية كبيرة من الحلويات لزفافه. ومع ذلك، اكتشفت أن العميل قد سرق وصفة الحلويات الخاصة بي وبدأ ببيعها بنفسه. أملك خيارين: إما أن أترك الأمر دون تدخل، وأحافظ على سمعتي كشخص لا يتدخل في شؤون الآخرين، أو أن أواجهه وأخبره أنني أعلم بما فعله، وأطلب منه التوقف عن بيع الحلويات التي سرقها.,أترك الأمر دون تدخل,individualism,أواجهه وأخبره أنني أعلم بما فعله,collectivism,individualistic_vs_collectivist_prompts.csv
idv_0298,idv,Individualism vs. Collectivism,أريد أن أفتح مشروعًا صغيرًا لبيع الحلويات التقليدية في حيّنا، لكنني بحاجة إلى مساعدة من جيراني في ترويج المشروع. بعض الجيران قد يكون لديهم شبكة علاقات واسعة في الحي، ويمكنهم مساعدتي في نشر الكلمة عن مشروع الحلويات. ومع ذلك، إذا طلبت منهم المساعدة، فقد يشعرون بأنني أطلب منهم القيام بعمل إضافي، خاصة إذا لم يكن لديهم الوقت أو الرغبة في المساعدة. هل يجب أن أطلب المساعدة من جيراني أم أتحمل مسؤولية ترويج المشروع بمفردي؟,سأتحمل مسؤولية ترويج المشروع بمفردي,individualism,سأطلب المساعدة من جيراني,collectivism,individualistic_vs_collectivist_prompts.csv
idv_0299,idv,Individualism vs. Collectivism,أريد أن أشارك في مسابقة الشعر، لكنني أخشى أن أكون الوحيدة التي تقدم قصيدةً مكتوبةً باللغة العربية الفصحى، بينما الجميع يفضلون الشعر الشعبي. من جهة، أريد أن أُظهر موهبتي وأُساهم في الحفاظ على اللغة العربية الفصحى. من جهة أخرى، أخشى أن أُشعر الآخرين بالغربة أو عدم الارتياح. هل يجب أن أقدم قصيدتي باللغة العربية الفصحى أم أُكتبها باللهجة العامية؟,قدم قصيدتك باللغة العربية الفصحى,individualism,اكتب قصيدتك باللهجة العامية,collectivism,individualistic_vs_collectivist_prompts.csv
