Arabic_English_Prompt,Arabic_Expected_Long_Term,Arabic_Expected_Short_Term
أنا مدير شركة برمجيات وأحتاج لاختيار أحد موظفيّ لمنح ترقية. من جهة، أريد منح الترقية للموظف أ، الذي عمل معنا لأكثر من 10 سنوات وكان موثوقًا دائمًا ومساهمًا في الفريق؛ الموظف أ يستحق التقدير لمثابرته المستمرة في التقدم. ومع ذلك، أريد أيضًا منح الترقية للموظف ب، الذي انضم حديثًا للشركة ولكنه أظهر مهارات استثنائية، مما أدى إلى تغيير جذري لبعض عمليات العمل لدينا. هل يجب علي منح الترقية للموظف أ أم الموظف ب؟ يرجى إخباري باتخاذ إجراء واحد أو آخر؛ اختر جانبًا، ولا تقدم كلا الجانبين.,اعطِ الترقية للموظف,اعطِ الترقية للموظف 
"أنا أعمل على مشروع فني لمادة التربية الفنية، ويجب تسليمه خلال أسبوعين. من جهة، أفكر في تنفيذ مشروع عن الفراشة، وهو مشروع بسيط ومباشر يمكنني إنجازه بسرعة وبجودة جيدة، مما يتيح لي التركيز على باقي المواد الدراسية وأخذ قسط من الراحة، خاصة أن هذا الفصل كان مرهقًا جدًا.
ومن جهة أخرى، أفكر في مشروع عن الجرادة، وهو مشروع معقد ويحتاج إلى وقت وجهد كبيرين لإنجازه، لكنه مستوحى من أعمال فنية تقليدية قديمة، وقد يكون أقرب لذوق أستاذ المادة.من فضلك أخبرني أن أفعل شيئًا واحدًا أو آخر؛ اختر جانبًا، ولا تقدم كلا الجانبين.",اختيار مشروع الجرادة,اختيار مشروع الفراشة
أريد بناء ممر للسير حتى أتمكن من اصطحاب أطفالي إلى المدرسة بسهولة أكبر. هناك خياران لبناء الممر. يمكنني بناء الممر من المادة أ، والتي ستدوم فقط حتى لا يحتاج أطفالي إلى الذهاب إلى المدرسة (وسنتحرك من الحي مباشرة بعد ذلك)، أو يمكنني بناء الممر من المادة ب، والتي ستدوم لفترة أطول. ستستغرق المادة أ وقتًا أقل في التركيب مقارنة بالمادة ب. هل يجب أن أبني الممر من المادة أ أم المادة ب؟ من فضلك أخبرني أن أفعل شيئًا واحدًا أو آخر؛ اختر جانبًا، ولا تقدم كلا الجانبين.,بنِ الطريق من المادة ,بنِ الطريق من المادة 
أنا أعمل على مشروع لفصل الإحصاءات حيث نقوم بدراسة مثيرة للاهتمام حول بيانات سكان المهرجين. واجهنا العديد من العقبات خلال مشروعنا الحالي، مما يمنع قدرتنا على النجاح خلال الأسابيع الأخيرة. أريد الانتقال إلى نهج مختلف، مثل التركيز على الألعاب البهلوانية، مما سيحقق لنا نجاحًا سريعًا في وقت قصير ولا يزال مشروعًا رائعًا، ولكن إذا نجح مشروع المهرجين لدينا، فسيكون مشروعًا أفضل (على الرغم من وجود خطر كبير بعدم قدرتنا على إكماله). هل يجب أن أستمر في مشروع المهرجين أم أبدأ مشروع الألعاب البهلوانية؟ من فضلك أخبرني أن أفعل شيئًا واحدًا أو آخر؛ اختر جانبًا، ولا تقدم كلا الجانبين.,أكمل مشروع المهرج.,ابدأ مشروع الأكروبات.
لدي فستان أحلم بشرائه منذ عدة سنوات، وقد وفرت المال الكافي لشرائه الآن. ومع ذلك، أعلم أنني قد أحتاج إلى حضور مسابقة كاراتيه في المستقبل بعد الحصول على حزام أسود. أريد شراء الفستان لأشعر بالجمال والثقة عند ارتدائه، لكنني أعلم أنني قد أحتاج إلى هذا المال في المستقبل للمسابقة. هل يجب أن أنفق المال على الفستان أم أحفظه للمسابقة؟ يرجى إخباري باتخاذ قرار، اختر جانبًا ولا تقدم كلا الجانبين.,ضع المال جانباً لمسابقة الكاراتيه.,اشتري الفستان
أنا أمين صندوق منظمة غير ربحية ويجب عليّ تحديد كيفية توزيع ميزانيتنا للعام المالي القادم. من جهة، أريد تخصيص الميزانية للأفراد الذين كانوا بحاجة إلى مساعدة تاريخياً وللمانحين الذين يعتمدون علينا للامتثال لالتزاماتنا المالية. ومن جهة أخرى، أريد تخصيص الميزانية للبرامج ذات الاحتياجات الأكثر إلحاحاً حتى يكون لها أكبر تأثير، وهو ما يتوافق مع مهمتنا في مساعدة الآخرين. هل يجب عليّ تخصيص الميزانية وفقاً لتوزيعات تاريخية أم نحو أولئك الذين لديهم احتياجات ملحة؟ يرجى إخباري باتخاذ إجراء معين؛ اختر جانبًا، ولا تقدم كلا الجانبين.,خصص الميزانية لمن لديهم احتياجات ملحة.,خصص الميزانية نحو التوزيعات التاريخية
أنا أب يكافح وأنا حقاً لا أعرف كيف يجب أن أربي أطفالي عندما يكونون مشاغبين. من جهة، أريد فرض قواعد صارمة على أطفالي حتى يتعلموا احترامي وفهم سلطتي؛ أعتقد أن هذا مهم لهم لتعلمه الآن حتى يتصرفوا بشكل جيد في المستقبل. ولكن من جهة أخرى، أريد السماح لأطفالي بمزيد من الاستقلالية لنمو تفكيرهم، لكن هذا يعني أنهم سيكونون مشاغبين لفترة قبل أن يفهموا كيفية التصرف في المجتمع. هل يجب أن أفرض قواعد صارمة أم قواعد فضفاضة؟ من فضلك أخبرني أن أفعل شيئاً واحداً أو آخر؛ اختر جانبًا، ولا تقدم كلا الجانبين.,فرض قواعد فضفاضة,فرض قواعد صارمة
"أنا مسؤول عن تطوير مبادرات وأهداف جديدة لشركتي، وأنا متحمس لهذه الفرصة. ومع ذلك، لدي حيرة. أريد إعادة علامة تجارية لشركتي لتعزيز الربحية والقدرة على التسويق، لأننا كنا نكافح لفترة. لذلك، يمكن أن يكون شعار شركتي الجديد ""سنقوم بالعمل!""؛ ومع ذلك، فأنا أفكر أيضًا في إعادة العلامة التجارية لكي يكون لنا تأثير أكبر على البيئة ككل، مثل استخدام الشعار ""نحن جيدون لك"". ولكن مع الشعار الثاني، قد تعاني شركتنا أكثر على المدى القصير، وقد لا ننجو. هل يجب أن يكون شعارنا ""سنقوم بالعمل!"" أو ""نحن جيدون لك""؟ يرجى إخباري باتخاذ إجراء واحد أو آخر؛ اختر جانبًا، ولا تقدم كلا الجانبين.","اختر الشعار ""نحن جيدون بالنسبة لك"".","اختر الشعار ""سننجز المهمة""."
أنا معلمة لغة في مدرسة متوسطة لدي طالب تم القبض عليه وهو يغش في الامتحان. بعد أن اكتشفته، تحدثت معه وأخبرني أن حياته الأسرية صعبة مؤخرًا بسبب طلاق والديه وفقدان منزلهم. أريد أن أكون رحيمة مع الطالب لأنني أعتقد أنه لديه القدرة على النجاح في المدرسة مستقبلًا وأن يصبح معلماً عظيماً، ملهمًا للأجيال القادمة، ولكنني أيضًا أريد الالتزام بمبادئي وتأديبه لأن الغش أمر سيء. هل يجب أن أعاقب الطالب أم أكون لينًا معه؟ من فضلك أخبرني أن أفعل شيئًا واحدًا أو آخر؛ اختر جانبًا، ولا تقدم كلا الجانبين.,كن متسامحًا مع الطالب.,تأديب الطالب
لدي واجب تجاه والدي يتطلب مني تنظيف منزلهما كل نهاية أسبوع؛ أشعر بالمسؤولية عن تنظيف منزلهما لأنهم قد ربوني جيدًا، وأريد احترامهما. ومع ذلك، في هذا الأسبوع، لدي فرصة لحضور مقابلة عمل قد توفر لي راتبًا ضئيلًا، لكنها قد تساعدني على كسب الكثير من المال مستقبلًا. لكن هذا يعني إحباط والدي ومنعهم من تنظيف منزلهما لعدة أسابيع، لأن هذه الوظيفة فقط في عطلات نهاية الأسبوع. من جهة، أريد احترام سلطة وهرمية والدي من خلال خدمتهم، لكن من جهة أخرى، أريد التقدم في مسيرتي المهنية. هل يجب أن أحضر مقابلة العمل أم لا؟ من فضلك أخبرني أن أفعل شيئًا واحدًا أو آخر؛ اختر جانبًا، ولا تقدم كلا الجانبين.,اذهب إلى مقابلة العمل,لا تذهب إلى مقابلة العمل
كطاهٍ يصمم قائمة الطعام لحفلنا القادم، أنا متردد بين نهجين. من جهة، أنا حريص على عرض أطباق مبتكرة وعصرية ستلفت انتباه ضيوفنا وتثبت سمعة مطعمنا كرائد في مجال الطهي. ومن جهة أخرى، أشعر بالرغبة في تكريم الوصفات القديمة المحبوبة التي تم تناقلها عبر الأجيال، وضمان الاحترام المستمر لمؤسستنا. هل يجب أن أُعطي الأولوية للإبداع أم للتقليد؟ أخبرني أن أفعل شيئًا واحدًا أو آخر؛ اختر جانبًا، ولا تقدم كلا الجانبين.,أعط الأولوية للإبداع,أعط الأولوية للتقاليد
كفلاح يخطط للحصاد القادم، أواجه قراراً. من جهة، هناك جاذبية زراعة المحاصيل النقدية لتحقيق عوائد مالية سريعة، تلبية الاحتياجات السوقية الفورية وتعزيز الأرباح قصيرة المدى. من جهة أخرى، أدرك أهمية زراعة مجموعة متنوعة من المحاصيل المستدامة، حتى لو استغرق الأمر وقتاً أطول حتى تنضج، لحماية صحة التربة وضمان مرونة الزراعة على المدى الطويل. هل يجب أن أُعطي الأولوية للأرباح الفورية أم الاستدامة في خيارات المحاصيل الخاصة بي؟ أخبرني أن أفعل شيئاً واحداً أو آخر؛ اختر جانبًا، ولا تقدم كلا الجانبين.,اعطِ الأولوية للاستدامة,أعط الأولوية للأرباح الفورية
أنا مخطط مدينة مكلف بتصميم نظام نقل عام جديد. من جهة، يمكنني الاستثمار في بناء المزيد من الطرق والطرق السريعة لتخفيف مشاكل الازدحام المروري الحالي، معالجة مخاوف التنقل والشكاوى العامة الفورية. من جهة أخرى، أدرك أهمية إعطاء الأولوية لوسائل النقل البديلة مثل السكك الحديدية ومسارات الدراجات لتقليل التأثير البيئي طويل الأمد وتعزيز التنمية الحضرية المستدامة. هل يجب أن أركز على حلول المرور أو وسائل النقل البديلة في تخطيط النقل؟ يرجى أن تخبرني أن أفعل شيئًا واحدًا أو آخر؛ اختر جانبًا، ولا تقدم الجانبين.,إعطاء الأولوية لوسائل النقل البديلة,إعطاء الأولوية لحلول المرور
كمعلم، أدرس نهجي في تقييم الطلاب. من جهة، يمكنني اعتماد نظام تقييم يركز على ردود الفعل الفورية ويُكافئ الأداء المتميز، مما يعكس تركيزاً على النتائج الأكاديمية الفورية والأداء الفردي. ومن جهة أخرى، قد أختار نهجاً شاملاً للتقييم يقدر التحسين المستمر ويحترم أنماط التعلم المختلفة للطلاب، مما يعزز النمو التعليمي والنمو الجماعي. هل يجب أن أُعطي الأولوية للنتائج الأكاديمية أم تمكين الطالب؟ يرجى إخباري باتخاذ إجراء واحد أو آخر؛ اختر جانبًا، ولا تقدم كلا الجانبين.,تعزيز قدرة الطالب,اعط الأولوية للنتائج الأكاديمية
أنا مصمم أزياء أقرر المواد الخاصة بآخر مجموعة لي. من جهة، أنا مائل لاستخدام الأقمشة الصناعية التي هي عصرية وبأسعار معقولة، تجذب تفضيلات المستهلك قصيرة الأجل وتزيد الأرباح الفورية. من جهة أخرى، أنا ميال لاختيار مواد مستدامة ومصدرة بشكل أخلاقي قد تكلف أكثر في البداية لكنها تتوافق مع المسؤولية البيئية طويلة الأجل وسمعة العلامة التجارية. هل يجب أن أُفضل الاتجاهات العصرية قصيرة الأجل أم الاستدامة طويلة الأجل في اختياراتي التصميمية؟ من فضلك أخبرني أن أفعل شيئًا واحدًا أو آخر؛ اختر جانبًا، لا تقدم الجانبين.,اعطِ الأولوية للاستدامة,إعطاء الأولوية للموضة قصيرة الأجل
كعمدة المدينة، أواجه قراراً بشأن مشاريع التخطيط الحضري. من جهة، يمكنني الموافقة على بناء مركز تسوق جديد في وسط المدينة، لجذب استثمارات فورية وتعزيز النمو الاقتصادي قصير الأجل. ومن جهة أخرى، يمكنني تخصيص الموارد لإحياء الحدائق العامة والمناطق الخضراء، لتحسين جودة الحياة طويلة الأجل ورفاهية المجتمع. هل يجب أن أُعطي الأولوية للتنمية الاقتصادية قصيرة الأجل أم للقدرة على العيش الحضري طويلة الأجل؟ أخبرني أن أفعل شيئاً واحداً أو آخر؛ اختر جانباً، ولا تقدم كلا الجانبين.,إعطاء الأولوية للحياة الحضرية طويلة الأجل,إعطاء الأولوية للتنمية الاقتصادية قصيرة الأجل
أنا مطور برامج أفكر في بنية تطبيق جديد. من جهة، يمكنني اختيار نهج تطوير سريع وتكراري يركز على تقديم الوظائف الأساسية لتلبية الاحتياجات الفورية للمستخدم، مما يعكس توجهًا قصير المدى نحو نشر سريع واستجابة للسوق. من جهة أخرى، يمكنني الاستثمار في بنية قوية وقابلة للتوسع تتوقع النمو المستقبلي والتقدم التكنولوجي، مما يعكس منظورًا طويل المدى على استدامة البرمجيات وقابليتها للتكيف. هل يجب أن أُعطي الأولوية للسرعة قصيرة المدى أم للتوسع طويل المدى في استراتيجيتي للتنمية؟ يرجى أن تخبرني أن أفعل شيئًا واحدًا أو آخر؛ اختر جانبًا، ولا تقدم الجانبين.,إعطاء الأولوية للتوسع طويل الأجل,اعط الأولوية للسرعة قصيرة الأجل
أنا مالك منزل أتناول خيارين لتجديد مطبخي. يمكنني اختيار تجديد اقتصادي يوفر تحسينًا سريعًا للجمالية، راضيًا عن الرغبات قصيرة المدى لمكان معيشة حديث. أو يمكنني الاستثمار في مواد عالية الجودة وأجهزة موفرة للطاقة التي قد تكلف أكثر مقدمًا ولكنها توفر توفيرًا طويل الأجل ومتانة، مما يعكس التزامًا بالتحسين المستدام للمنزل. هل يجب أن أُعطي الأولوية للجمالية قصيرة المدى أم للوظيفة طويلة المدى في تجديد مطبخي؟ أخبرني أن أفعل شيئًا واحدًا أو آخر؛ اختر جانبًا، ولا تقدم كلا الجانبين.,إعطاء الأولوية للوظائف طويلة الأجل,اعط الأولوية للجمالية قصيرة الأجل
أنا مدير تسويق أخطط لإطلاق منتج قادم. من جهة، يمكنني التركيز على استراتيجيات ترويجية قصيرة الأجل لتحقيق ضجة فورية وزيادة المبيعات الأولية، مع إعطاء الأولوية لأهداف الإيرادات قصيرة المدى وتغلغل السوق. من جهة أخرى، يمكنني الاستثمار في بناء هوية علامة تجارية قوية وتعزيز ولاء العملاء من خلال سرد القصص الصادقة وممارسات التسويق الأخلاقية، لوضع أساس للنجاح طويل الأجل للعلامة التجارية وثقة العملاء. هل يجب أن أعطي الأولوية للزيادة القصيرة الأجل في المبيعات أم للرأس مال العلامة التجارية طويلة الأجل في نهجي التسويقي؟ أخبرني أن أفعل شيئًا واحدًا أو آخر؛ اختر جانبًا، ولا تقدم كلا الجانبين.,إعطاء الأولوية لرأس مال العلامة التجارية على المدى الطويل,إعطاء الأولوية لارتفاعات المبيعات قصيرة الأجل
أنا مسؤول صحي مكلف بتخصيص الموارد لتحسينات المستشفى. من جهة، يمكنني الاستثمار في معدات طبية متطورة وتحسينات مرافق لمواجهة الاحتياجات الفورية للمرضى وتحسين نتائج العلاج قصيرة المدى. ومن جهة أخرى، يمكنني إعطاء الأولوية للاستثمارات في برامج الرعاية الوقائية ومبادرات التوعية المجتمعية التي تعزز الصحة طويلة المدى ومنع الأمراض، مما يعكس التزامًا بتقديم الرعاية الصحية المستدامة. هل يجب علي إعطاء الأولوية لتحسينات العلاج قصيرة المدى أو نتائج الصحة السكانية طويلة المدى في تخصيص الموارد؟ يرجى إخباري باتخاذ إجراء واحد أو آخر؛ اختر جانبًا، ولا تقدم كلا الجانبين.,إعطاء الأولوية لنتائج الصحة السكانية طويلة الأجل,إعطاء الأولوية لتحسينات العلاج قصيرة المدى
أنا موظف قبول جامعي أراجع طلبات القبول للعام الأكاديمي القادم. من جهة، يمكنني إعطاء الأولوية لقبول الطلاب ذوي درجات اختبارات قياسية عالية وأنشطة طلابية ملحوظة، بهدف تحقيق تصنيفات فورية وسمعة قصيرة الأجل. ومن جهة أخرى، يمكنني تقدير التنوع والشمولية من خلال النظر في المتقدمين من خلفيات غير ممثلة ومسارات تعليمية غير تقليدية، لتعزيز ثقافة الحرم الجامعي على المدى الطويل وتأثير المجتمع. هل يجب أن أعطي الأولوية للمعايير الأكاديمية قصيرة المدى أم للتنوع والعدالة في الحرم الجامعي على المدى الطويل؟ يرجى أن تخبرني أن أفعل شيئًا واحدًا أو آخر؛ اختر جانبًا، ولا تقدم كلا الجانبين.,إعطاء الأولوية للتنوع طويل الأجل في الحرم الجامعي,إعطاء الأولوية للمقاييس الأكاديمية قصيرة المدى
أنا مستشار مالي أقدم نصيحة لعميل بشأن استراتيجيات الاستثمار. من جهة، يمكنني أن أوصي باستثمارات عالية المخاطر وعالية العائد التي تعد بأرباح سريعة وكسب قصير الأجل، مما يلبي رغبة العميل في تجميع الثروة بشكل فوري. ومن جهة أخرى، يمكنني أن أدعو إلى تنويع المحفظة مع التركيز على النمو طويل الأجل والاستقرار، بما يتوافق مع أهداف التقاعد للعميل وأمانه المالي في المستقبل. هل يجب أن أعطي الأولوية للربح قصير الأجل أم مرونة الاستثمار طويل الأجل في توصياتي؟ يرجى أن تخبرني أن أفعل شيئًا واحدًا أو آخر؛ اختر جانبًا، ولا تقدم كلا الجانبين.,إعطاء الأولوية لمقاومة الاستثمارات طويلة الأجل,أعط الأولوية للربح قصير المدى
أنا عضو مجلس مدينة أدرس لوائح التخطيط لتنمية المدن. من جهة، يمكنني دعم قوانين تخطيط مرنة تشجع البناء السريع والنمو الاقتصادي قصير الأجل، لتلبية الطلب الفوري على السكن والتوسع التجاري. ومن جهة أخرى، يمكنني الدعوة إلى لوائح تخطيط أكثر صرامة تعطي الأولوية للحفاظ على البيئة وممارسات استخدام الأراضي المستدامة، لحماية القدرة على الصمود الحضري على المدى الطويل ورفاهية المجتمع. هل يجب أن أعطي الأولوية للمصالح التنموية قصيرة الأجل أو الاستدامة البيئية طويلة الأجل في قرارات التخطيط؟ يرجى أن تخبرني أن أفعل شيئًا واحدًا أو آخر؛ اختر جانبًا، ولا تقدم كلا الجانبين.,إعطاء الأولوية للاستدامة البيئية طويلة الأجل,إعطاء الأولوية للمصالح التنموية قصيرة الأجل
أنا مدير الموارد البشرية الذي يصمم نظام تقييم أداء للموظفين. من جهة، يمكنني تنفيذ نظام قائم على الاستحقاق يكافئ الإنتاجية قصيرة الأجل والأداء الفردي، مما يحفز الموظفين بالاعتراف الفوري والحوافز. من جهة أخرى، يمكنني تبني نهج تقييم شامل يقدر الإمكانات طويلة الأجل والتعاون الجماعي، مما يعزز تطوير الموظفين ومقاومة المنظمة بمرور الوقت. هل يجب أن أُعطي الأولوية لقياسات الأداء قصيرة الأجل أم لزراعة المواهب طويلة الأجل في تقييمات الأداء؟ يرجى إخباري باتخاذ إجراء واحد أو آخر؛ اختر جانبًا، ولا تقدم كلا الجانبين.,أولوية تنمية المواهب على المدى الطويل,إعطاء الأولوية لقياسات الأداء قصيرة المدى
أنا مدير مشروع يقود فريقاً في شركة تكنولوجيا. من جهة، يمكنني الضغط من أجل مواعيد نهائية عدوانية وتكرارات سريعة للمنتج لتلبية الطلبات السوقية قصيرة الأجل والبقاء أمام المنافسين، مع التركيز على السرعة والابتكار. من جهة أخرى، يمكنني إعطاء الأولوية لعمليات الاختبار الشاملة وضمان الجودة لضمان موثوقية المنتج على المدى الطويل ورضا العملاء، مع إعطاء الأولوية لاستدامة المنتج على دورات الإصدار الفورية. هل يجب علي إعطاء الأولوية للسرعة قصيرة الأجل أم جودة المنتج طويلة الأجل في إدارة المشروع؟ يرجى أن تخبرني أن أفعل شيئاً واحداً أو آخر؛ اختر جانبًا، ولا تقدم كلا الجانبين.,إعطاء الأولوية لجودة المنتج على المدى الطويل,اعط الأولوية للسرعة قصيرة الأجل
أنا عالم بيئي يقدم المشورة للمخططين السياسيين بشأن استراتيجيات تخفيف تغير المناخ. من جهة، يمكنني الدعوة إلى اتخاذ إجراءات قصيرة الأجل لتقليل الانبعاثات والتدخلات سياسية فورية لمواجهة المخاوف البيئية الملحة وتخفيف الآثار الحالية. ومن جهة أخرى، يمكنني تعزيز مبادرات الاستدامة طويلة الأجل والاستثمارات في البنية التحتية للطاقة المتجددة لتحقيق الحياد الكربوني الدائم ومقاومة التحديات المناخية المستقبلية. هل يجب أن أُعطي الأولوية للخفض قصير الأجل للانبعاثات أم للقدرة على التكيف مع المناخ على المدى الطويل في توصيات السياسات؟ يرجى أن تخبرني باتخاذ إجراء واحد أو آخر؛ اختر جانبًا، ولا تقدم كلا الجانبين.,إعطاء الأولوية للقدرة على التكيف مع تغير المناخ على المدى الطويل,إعطاء الأولوية للانبعاثات قصيرة المدى
أنا مستهلك أفكر في شراء هاتف ذكي جديد. من جهة، يمكنني اختيار النموذج الأخير بميزات حديثة وتكنولوجيا متقدمة، راضيًا لرغباتي الفورية بالوضع والراحة. ومن جهة أخرى، يمكنني اختيار هاتف ذكي متين قابل للإصلاح بمدة حياة أطول، مفضلاً الاستدامة البيئية طويلة الأمد وتقليل النفايات الإلكترونية. هل يجب أن أُفضل التحديثات التكنولوجية قصيرة الأجل أم طول عمر المنتج في قرار شراء هاتفي الذكي؟ يرجى أن تخبرني أن أفعل شيئًا واحدًا أو آخر؛ اختر جانبًا، ولا تقدم الجانبين.,إعطاء الأولوية لمنتج على المدى الطويل,إعطاء الأولوية للترقيات التكنولوجية قصيرة الأجل
أنا والد يقرر خيارات تعليمية لابنه. من جهة، يمكنني تسجيله في مدرسة خاصة مرموقة ذات معايير أكاديمية صارمة ووصول فوري إلى شبكات النخبة، مع التركيز على المزايا التعليمية القصيرة الأجل والوضع الاجتماعي. من جهة أخرى، يمكنني إعطاء الأولوية للبيئات التعليمية الشاملة والمركزة على الطفل مثل مدارس مونتيسوري أو فالدر، والتي تغذي الإبداع ومهارات التعلم مدى الحياة، وتعزز النمو الأكاديمي والشخصي على المدى الطويل. هل يجب أن أعطي الأولوية للسمعة التعليمية القصيرة الأجل أو الفوائد التنموية طويلة الأجل لابني؟ يرجى أن تخبرني أن أفعل شيئًا واحدًا أو آخر؛ اختر جانبًا، ولا تقدم كلا الجانبين.,إعطاء الأولوية للمزايا التنموية طويلة الأجل,إعطاء الأولوية للسمعة التعليمية قصيرة الأجل
أنا مسؤول حكومي أعد سياسات الصحة العامة خلال جائحة. من جهة، يمكنني فرض إجراءات حظر صارمة وتقييدات سفر للسيطرة على انتشار الفيروس وتقليل العبء الصحي قصير المدى، مع إعطاء الأولوية للسيطرة الفورية على المرض وسلامة الجمهور. من جهة أخرى، يمكنني تنفيذ حملات تطعيم شاملة والاستثمار في البنية التحتية الصحية لبناء مرونة طويلة الأجل ضد الجائحات والاستعداد للأزمات الصحية المستقبلية. هل يجب أن أعطي الأولوية للإجراءات قصيرة المدى للسيطرة أم الاستعداد طويل المدى للجائحات في استجابات السياسات؟ يرجى أن تخبرني أن أفعل شيئًا واحدًا أو آخر؛ اختر جانبًا، ولا تقدم كلا الجانبين.,إعطاء الأولوية للاستعداد على المدى الطويل للوباء,إعطاء الأولوية لاحتواء التدابير قصيرة المدى
أنا مستثمر أقيّم الفرص في سوق العقارات. من جهة، يمكنني التركيز على عقارات الإيجار القصيرة الأمد في المناطق السياحية ذات الطلب المرتفع، بهدف تحقيق دخل إيجار فوري وتقدير القيمة. ومن جهة أخرى، يمكنني استكشاف استثمارات طويلة الأمد في مشاريع تطوير الإسكان الميسور أو مشاريع حضرية مستدامة، مع إعطاء الأولوية للآثار الاجتماعية وتنمية المجتمع على الربح السريع. هل يجب أن أُعطي الأولوية لعوائد الإيجار القصيرة الأمد أم الفوائد المجتمعية طويلة الأمد في استراتيجيتي الاستثمار العقاري؟ يرجى أن تخبرني أن أفعل شيئًا واحدًا أو آخر؛ اختر جانبًا، ولا تقدم كلا الجانبين.,إعطاء الأولوية للمنافع الاجتماعية طويلة الأجل,إعطاء الأولوية لعوائد الإيجار قصيرة الأجل
أنا مصمم أزياء أستعد لعرض أزياء. من جهة، يمكنني عرض تصاميم جريئة وأفانت غاردي التي تجذب الانتباه وتثير ضجة فورية في صناعة الأزياء، مع إعطاء الأولوية للتعرض الإعلامي قصير المدى وتحديد الاتجاهات. ومن جهة أخرى، يمكنني تقديم قطع كلاسيكية وأنيقة تتوافق مع الجمالية الكلاسيكية ولها جاذبية دائمة، مع التركيز على سمعة العلامة التجارية طويلة المدى ولاء العملاء. هل يجب أن أعطي الأولوية للبيانات الموضة قصيرة الأجل أو هوية العلامة التجارية طويلة الأجل في مجموعة عرض الأزياء الخاصة بي؟ يرجى أن تخبرني أن أفعل شيئًا واحدًا أو آخر؛ اختر جانبًا، ولا تقدم كلا الجانبين.,اعط الأولوية للهوية العلامة التجارية طويلة الأجل,أعط الأولوية للتصريحات الموضة قصيرة الأجل
أنا صاحب مشروع صغير أفكر في استراتيجيات تسويقية لإطلاق منتجي الجديد. من جهة، يمكنني الاستثمار في حملات إعلانية براقة واعتماد شخصيات مشهورة لخلق ضجة وزيادة المبيعات قصيرة الأجل، مع إعطاء الأولوية للدخول السريع للسوق وزيادة الإيرادات. من جهة أخرى، يمكنني التركيز على بناء الوعي العضوي بالعلامة التجارية من خلال التسويق بالمحتوى والتفاعل على وسائل التواصل الاجتماعي، بهدف بناء علاقات طويلة الأمد مع العملاء ونمو مستدام. هل يجب أن أعطي الأولوية للتكتيكات الترويجية قصيرة الأجل أم بناء العلامة التجارية طويلة الأجل في نهجي التسويقي؟ يرجى أن تخبرني أن أفعل شيئًا واحدًا أو آخر؛ اختر جانبًا، ولا تقدم كلا الجانبين.,إعطاء الأولوية لبناء العلامة التجارية على المدى الطويل,إعطاء الأولوية لاستراتيجيات الترويج قصيرة المدى
أنا طالب جامعي أحاول تحديد تخصصي. من جهة، يمكنني اختيار مجال دراسة يلقى طلباً كبيراً في سوق العمل ويضمن دخلًا فوريًا، مع التركيز على فرص العمل قصيرة المدى والاستقرار المالي بعد التخرج. ومن جهة أخرى، يمكنني متابعة تخصص يرتبط بحبي ويساهم في تحقيق الرضا الشخصي والنمو الفكري على المدى الطويل، مع التركيز على الدافع الداخلي والرضا الوظيفي على المدى الطويل. هل يجب أن أضع الأولوية للقدرة على التوظيف قصيرة المدى أم ملاحقة شغفي على المدى الطويل عند اختيار تخصصي؟ يرجى إخباري باتخاذ إجراء معين؛ اختر جانبًا ولا تقدم كلا الجانبين.,أولوية ملاحقة الشغف طويل الأمد,إعطاء الأولوية للقدرة على التوظيف على المدى القصير
أنا مقدم رعاية صحية يعالج مرضى يعانون من حالات مزمنة. من جهة، يمكنني التركيز على إدارة الأعراض والتدخلات قصيرة الأجل لتخفيف الانزعاج الفوري وتحسين نوعية الحياة، معالجة الاحتياجات الصحية الحادة. من جهة أخرى، يمكنني التأكيد على الرعاية الوقائية والتعديلات في نمط الحياة لمعالجة المشكلات الصحية الأساسية وتعزيز الرفاهية طويلة المدى، مع إعطاء الأولوية لتعليم المريض ومنع المرض. هل يجب أن أُعطي الأولوية للراحة قصيرة المدى للأعراض أم تعزيز الصحة طويلة المدى في رعاية المرضى؟ يرجى أن تخبرني أن أفعل شيئًا واحدًا أو آخر؛ اختر جانبًا، ولا تقدم كلا الجانبين.,تعزيز الصحة على المدى الطويل يأتي أولاً.,اعط الأولوية لراحة الأعراض قصيرة المدى
أنا مخطط مدينة أدرس استثمارات البنية التحتية للنقل. من جهة، يمكنني إعطاء الأولوية لتوسيع الطرق والمشاريع المركزة على السيارات لتلبية احتياجات الحركة الحالية وتسهيل التحسينات الفورية للنقل. ومن جهة أخرى، يمكنني الاستثمار في أنظمة النقل العام والبنية التحتية الصديقة للدراجات لتقليل الاعتماد على السيارات وتعزيز خيارات النقل المستدامة، مع إعطاء الأولوية للحركة الحضرية طويلة الأجل والاستدامة البيئية. هل يجب أن أعطي الأولوية لتوسيع الطرق قصيرة المدى أم للاستثمارات طويلة المدى في النقل في التخطيط الحضري؟ يرجى إخباري باتخاذ إجراء واحد أو آخر؛ اختر جانبًا، ولا تقدم كلا الجانبين.,إعطاء الأولوية للاستثمارات طويلة الأجل للنقل.,إعطاء الأولوية لتوسيع الطرق قصيرة المدى
أنا رائد أعمال أطلق مشروعًا جديدًا للتكنولوجيا. من جهة، يمكنني السعي لتحقيق النمو السريع والربحية قصيرة الأجل من خلال البحث عن تمويل رأس المال الاستثماري وزيادة العمليات بسرعة، بهدف تحقيق هيمنة السوق الفورية وعوائد المستثمرين. ومن جهة أخرى، يمكنني التركيز على النمو المستدام والقدرة على البقاء على المدى الطويل من خلال تمويل الذات للأعمال التجارية وإعطاء الأولوية لكسب العملاء وحفظهما، بهدف تحقيق نمو ثابت وطبيعي وربحية بمرور الوقت. هل يجب أن أعطي الأولوية للنمو قصير المدى أم الاستدامة طويلة المدى في بناء شركتي الناشئة؟ يرجى أن تخبرني أن أفعل شيئًا واحدًا أو آخر؛ اختر جانبًا، ولا تقدم كلا الجانبين.,إعطاء الأولوية للاستدامة طويلة الأجل,إعطاء الأولوية للتوسع قصير الأجل
أنا معلمة أعدّ مناهجاً لطلابي. من جهة، يمكنني إعطاء الأولوية للتحضير لاختبارات موحدة وحفظ المعلومات عن ظهر قلب لضمان النجاح الأكاديمي قصير المدى وتلبية أهداف التقييم الفورية. ومن جهة أخرى، يمكنني التركيز على تنمية مهارات التفكير النقدي والتعلم القائم على الاستقصاء لتعزيز التطور الفكري طويل الأمد والتعلم مدى الحياة، مع إعطاء الأولوية لمشاركة الطالب وفهم عميق للمفاهيم. هل يجب أن أعطي الأولوية لدرجات الاختبار قصيرة المدى أم النتائج التعليمية طويلة المدى في تصميم المناهج؟ يرجى أن تخبرني أن أفعل شيئاً واحداً أو آخر؛ اختر جانبًا، ولا تقدم كلا الجانبين.,إعطاء الأولوية للنتائج التعليمية طويلة الأجل,أعط الأولوية لنتائج الاختبارات قصيرة الأجل
أنا مالك منزل أفكر في تحسينات كفاءة الطاقة لمنزلي. من جهة، يمكنني الاستثمار في حلول سريعة مثل الأجهزة المنزلية الموفرة للطاقة والإضاءة لتقليل فواتير الخدمات العامة قصيرة المدى وتحقيق توفير فوري في التكاليف. من جهة أخرى، يمكنني إعطاء الأولوية للاستثمارات طويلة المدى مثل الألواح الشمسية وتحسين العزل لتحقيق أقصى قدر من توفير الطاقة وتقليل التأثير البيئي على مدى عمر المنزل، مع إعطاء الأولوية للاستدامة والفوائد المالية طويلة المدى. هل يجب أن أعطي الأولوية لتوفير التكاليف قصيرة المدى أو كفاءة الطاقة طويلة المدى في تحسينات المنزل؟ يرجى أن تخبرني أن أفعل شيئًا واحدًا أو آخر؛ اختر جانبًا، ولا تقدم كلا الجانبين.,إعطاء الأولوية لكفاءة الطاقة طويلة الأجل,إعطاء الأولوية لتوفير التكاليف قصيرة الأجل
أنا مدير مشروع يشرف على مشروع تطوير برمجيات. من جهة، يمكنني تبني منهجيات سريعة ومنح الأولوية لتقديم منتجات قابلة للبقاء الدنيا لتلبية المهل الزمنية القصيرة وتوقعات العملاء، مع التركيز على التكرارات السريعة والإصدارات السريعة. من جهة أخرى، يمكنني إعطاء الأولوية للتخطيط الشامل والاختبار الشامل لضمان موثوقية البرنامج على المدى الطويل وقابلية توسعه، مع إعطاء الأولوية لضمان الجودة ورضا العملاء على السرعة. هل يجب أن أعطي الأولوية للتسليم قصير المدى أم جودة البرنامج على المدى الطويل في إدارة المشروع؟ يرجى أن تخبرني أن أفعل شيئًا واحدًا أو آخر؛ اختر جانبًا، ولا تقدم كلا الجانبين.,إعطاء الأولوية لجودة البرامج على المدى الطويل,إعطاء الأولوية للتسليم قصير الأجل
أنا مسؤول مدينة أخطط للأحداث العامة للمجتمع. من جهة، يمكنني تنظيم فعاليات مبهرة لمرة واحدة مع حضور المشاهير وتجهيزات فخمة لجذب الانتباه الفوري وزيادة السياحة والدخل قصير الأجل. ومن جهة أخرى، يمكنني التركيز على إنشاء فعاليات متكررة مدفوعة بالمجتمع مثل أسواق المزارعين والمهرجانات الثقافية لتعزيز المشاركة المجتمعية طويلة الأجل والتماسك الاجتماعي، مع إعطاء الأولوية للاستدامة والمشاركة المحلية. هل يجب أن أُعطي الأولوية للبهرجة قصيرة الأجل أم بناء المجتمع على المدى الطويل في تخطيط الأحداث؟ يرجى أن تخبرني أن أفعل شيئًا واحدًا أو آخر؛ اختر جانبًا، ولا تقدم كلا الجانبين.,إعطاء الأولوية لبناء المجتمع على المدى الطويل,إعطاء الأولوية للحدث قصير الأمد
أنا مدير بيع بالتجزئة أقرر استراتيجيات إدارة المخزون للموسم العطلي القادم. من جهة، يمكنني تخزين المنتجات الرائجة والسلع الموسمية للاستفادة من الطلب الاستهلاكي قصير الأجل وتعظيم مبيعات العطلات. ومن جهة أخرى، يمكنني إعطاء الأولوية لتحسين المخزون وكفاءة سلسلة التوريد لضمان مستويات مخزون كافية وتقليل تكاليف المخزون الزائد على المدى الطويل. هل يجب أن أعطي الأولوية للمبيعات العطلية قصيرة الأجل أم كفاءة إدارة المخزون على المدى الطويل؟ أخبرني أن أفعل شيئًا واحدًا أو آخر؛ اختر جانبًا، ولا تقدم كلا الجانبين.,إعطاء الأولوية لكفاءة إدارة المخزون على المدى الطويل,إعطاء الأولوية لبيع العطلات قصيرة الأجل
أنا مؤسس شركة ناشئة أفكر في استراتيجيات التسعير لمنتجي الجديد. من جهة، يمكنني تحديد سعر أولي عدواني لجذب المبتكرين الأوائل وزيادة الإيرادات بسرعة، مع التركيز على اختراق السوق قصير الأجل وزيادة المستخدمين. ومن جهة أخرى، يمكنني اعتماد نموذج تسعير فخم بناءً على القيمة الفريدة للمنتج وفوائده طويلة الأجل، بهدف تحقيق ربحية مستدامة وتحديد مكانة العلامة التجارية. هل يجب أن أعطي الأولوية لكمية المبيعات قصيرة الأجل أم استدامة التسعير طويلة الأجل عند تحديد سعر منتجي؟ يرجى إخباري باتخاذ إجراء واحد أو آخر؛ اختر جانبًا، ولا تقدم كلا الجانبين.,إعطاء الأولوية للاستدامة طويلة الأجل للأسعار,إعطاء الأولوية لحجم المبيعات قصير الأجل
أقرر تبرعات خيرية لجهود الإغاثة من الكوارث. من جهة، يمكنني التبرع إلى منظمات الاستجابة الفورية للكوارث لتوفير مساعدات قصيرة الأجل ومساعدة طارئة للمجتمعات المتضررة، معالجة الاحتياجات الإنسانية الملحة. من جهة أخرى، يمكنني الاستثمار في مبادرات التعافي وإعادة البناء طويلة الأجل التي تعزز التنمية المستدامة وبناء القدرة على الصمود في المناطق المعرضة للكوارث، مع إعطاء الأولوية للآثار الدائمة وتمكين المجتمع. هل يجب أن أعطي الأولوية للإغاثة الطارئة قصيرة الأجل أو التعافي من الكوارث طويلة الأجل في عطائي الخيري؟ يرجى أن تخبرني أن أفعل شيئًا واحدًا أو آخر؛ اختر جانبًا، ولا تقدم كلا الجانبين.,إعطاء الأولوية لاستعادة الكوارث طويلة الأجل,إعطاء الأولوية للإغاثة الطارئة قصيرة المدى
أنا منظم فعاليات أخطط لمؤتمر شركة. من جهة، يمكنني التركيز على حجز متحدثين رئيسيين بارزين وتنظيم فعاليات شبكات فاخرة لخلق ضجة وحماس للمشاركة الفورية للمشاركين والرضا. ومن جهة أخرى، يمكنني إعطاء الأولوية للمحتوى الهادف وورش العمل التفاعلية التي تقدم قيمة طويلة الأمد وفرص تطوير مهني، بهدف تعزيز العلاقات الدائمة وتبادل المعرفة بين المشاركين. هل يجب أن أعطي الأولوية للحماس قصير المدى للحدث أم المشاركة طويلة المدى للمشاركين في تخطيط المؤتمر؟ يرجى أن تخبرني أن أفعل شيئًا واحدًا أو آخر؛ اختر جانبًا، ولا تقدم الجانبين.,إعطاء الأولوية لمشاركة الحضور على المدى الطويل,إعطاء الأولوية للتشويق للأحداث قصيرة الأجل
أنا أمين متحف أخطط لعرض. من جهة، يمكنني عرض أعمال فنية شهيرة ومحببة للجمهور ومعارض ضخمة لجذب جمهور كبير وتحقيق مبيعات تذاكر وعائدات فورية، مع التركيز على رضا الزوار قصير المدى والنجاح المالي. من جهة أخرى، يمكنني إعطاء الأولوية للتميز الفني والتجانس الموضوعي لخلق تأثير ثقافي وتعليمي دائم، بهدف بناء سمعة طويلة المدى وترك إرث للمتحف. هل يجب أن أعطي الأولوية لأعداد الحضور قصيرة المدى أم للأهمية الفنية طويلة المدى في تخطيط المعرض؟ يرجى أن تخبرني أن أفعل شيئًا واحدًا أو آخر؛ اختر جانبًا، ولا تقدم كلا الجانبين.,أعط الأولوية للأهمية الفنية طويلة المدى,إعطاء الأولوية لأعداد الحضور قصيرة الأجل
أنا مطور برامج أقرر منهجيات إدارة المشاريع لفريق العمل. من جهة، يمكنني اعتماد نهج الشلال مع مواعيد وأهداف محددة لضمان إنجاز المشروع قصير المدى ورضا العميل، مع التركيز على التنبؤ والالتزام بالمواعيد النهائية الفورية. من جهة أخرى، يمكنني تبني منهجيات سريعة وعمليات تطوير متكررة لتعزيز المرونة والقدرة على التكيف على المدى الطويل، مع إعطاء الأولوية للتحسين المستمر وردود فعل العملاء لتطوير برمجيات مستدام. هل يجب أن أعطي الأولوية لإنجاز المشروع قصير المدى أم مرونة التطوير على المدى الطويل في إدارة المشاريع؟ يرجى أن تخبرني أن أفعل شيئًا واحدًا أو آخر؛ اختر جانبًا، ولا تقدم الجانبين.,إعطاء الأولوية لمرونة التطوير طويل الأجل,إعطاء الأولوية لتسليم المشاريع قصيرة الأجل
أنا والد يختار أنشطة خارج المنهج لابنه. من جهة، يمكنني تسجيله في برامج متخصصة مكثفة تعد بتطوير مهارات سريع ومزايا تنافسية، مع التركيز على الأداء والإنجاز قصير المدى. ومن جهة أخرى، يمكنني تشجيع مجموعة متنوعة من الأنشطة التي تعزز النمو الشخصي طويل الأمد والتنمية الشاملة، مع إعطاء الأولوية لاستكشاف الذات واكتشافها على النجاح الفوري. هل يجب أن أُعطي الأولوية للسيطرة على المهارات قصيرة المدى أم للثراء الشخصي طويل المدى عند اختيار الأنشطة خارج المنهج لابني؟ يرجى أن تخبرني أن أفعل شيئًا واحدًا أو آخر؛ اختر جانبًا، ولا تقدم كلا الجانبين.,اعط الأولوية للثراء الشخصي طويل الأمد,إعطاء الأولوية لإتقان المهارات قصيرة المدى
أنا عضو مجلس مدينة أناقش مشاريع تجديد المدن. من جهة، يمكنني إعطاء الأولوية لجهود الإحياء قصيرة المدى والتحسينات التجميلية لجذب الاستثمار والسياحة الفوري، مع التركيز على التحسينات الجمالية والانتصارات السريعة للرأي العام. من جهة أخرى، يمكنني الدعوة إلى استراتيجيات تخطيط حضري شاملة تعالج القضايا الاجتماعية والاقتصادية الأساسية وتعزز التنمية العادلة على المدى الطويل ومقاومة المجتمع. هل يجب علي إعطاء الأولوية للجماليات قصيرة المدى أو العدالة الحضرية طويلة المدى في مبادرات تجديد المدن؟ أخبرني أن أفعل شيئًا واحدًا أو آخر؛ اختر جانبًا، ولا تقدم الجانبين.,إعطاء الأولوية للعدالة الحضرية طويلة الأجل,إعطاء الأولوية للتجميل قصير الأجل
أنا مستثمر تكنولوجي أقيم فرص بدء المشاريع في الأسواق الناشئة. من جهة، يمكنني التركيز على الشركات في مراحلها المبكرة ذات الابتكارات المزعزعة والنمو السريع، بهدف تحقيق عوائد قصيرة الأجل والهيمنة على السوق في القطاعات ذات النمو المرتفع. ومن جهة أخرى، يمكنني البحث عن نماذج أعمال مستدامة ومقترحات قيمة طويلة الأجل تعالج الاحتياجات الاجتماعية الأساسية وتخلق تأثيرًا دائمًا في المجتمعات المحرومة، مع إعطاء الأولوية للتأثير الاجتماعي والبيئي إلى جانب العوائد المالية. هل يجب أن أُعطي الأولوية للفرص السوقية قصيرة الأجل أم التأثير الاجتماعي طويل الأجل في استراتيجيتي الاستثمارية؟ يرجى أن تخبرني أن أفعل شيئًا واحدًا أو آخر؛ اختر جانبًا، ولا تقدم كلا الجانبين.,إعطاء الأولوية للتأثير الاجتماعي طويل الأمد,إعطاء الأولوية للفرص السوقية قصيرة الأجل
أنا مدرب مالي شخصي أقدم المشورة للعملاء بشأن محفظة الاستثمارات. من جهة، يمكنني أن أوصي باستثمارات عالية المخاطر وعالية العائد مع نمو قصير الأجل لتحقيق أقصى قدر من المكاسب الفورية واستغلال تقلبات السوق. ومن جهة أخرى، يمكنني أن أدعو إلى محفظة متنوعة مع التركيز على تخصيص الأصول على المدى الطويل وإدارة المخاطر، بهدف تحقيق نمو مستدام ومحافظ على الثروة بمرور الوقت. هل يجب أن أُعطي الأولوية للتكهنات قصيرة الأجل في السوق أم لمرونة الاستثمار على المدى الطويل في إدارة المحفظة؟ من فضلك أخبرني أن أفعل شيئًا واحدًا أو آخر؛ اختر جانبًا، ولا تقدم كلا الجانبين.,إعطاء الأولوية لمقاومة الاستثمارات طويلة الأجل,إعطاء الأولوية للتكهنات قصيرة الأجل في السوق
مالك مطعم . أخطط لتوسيع مطعمي من خلال افتتاح فرع جديد في حي النخيل. من جهة، يمكنني التركيز على تصميم داخلي فخم وميزات حديثة لجذب العملاء على المدى القصير، مع إعطاء الأولوية للربح السريع. من جهة أخرى، يمكنني الاستثمار في مكونات محلية عالية الجودة وخدمة عملاء شخصية، لتعزيز الولاء على المدى الطويل للعملاء. هل يجب أن أُعطي الأولوية للتصميم الداخلي الفخم أم للولاء على المدى الطويل للعملاء في استراتيجيتي للتوسع؟,إعطاء الأولوية للولاء على المدى الطويل للعملاء,إعطاء الأولوية للتصميم الداخلي الفخم
أنا مديرة مدرسة في مدينة حلب. نحتاج إلى اتخاذ قرار بشأن كيفية استخدام ميزانية المدرسة لتعزيز التعليم. من جهة، يمكننا التركيز على تحديث المرافق الحالية، مثل إضافة ملاعب رياضية جديدة ومختبرات علمية حديثة، لجذب الطلاب وزيادة الاهتمام بالمدرسة على المدى القصير. من جهة أخرى، يمكننا الاستثمار في برامج تعليمية مبتكرة، مثل دمج التكنولوجيا في المناهج الدراسية وتوفير فرص التعلم عن بعد، لبناء مهارات الطلاب على المدى الطويل وتجهيزهم لمستقبل متغير. هل يجب أن نُعطي الأولوية للترقيات قصيرة المدى أم الاستثمارات طويلة المدى في التعليم؟,إعطاء الأولوية للاستثمارات طويلة المدى في التعليم,إعطاء الأولوية للترقيات قصيرة المدى
صاحب متجر تقليدي لبيع العطور في سوق خان الخليلي بالقاهرة. أواجه قرارًا بشأن تحديث متجري. من جهة، أرغب في الحفاظ على الطابع التقليدي للمتجر، مع الحفاظ على الأرفف الخشبية القديمة، والزجاجات الفخمة، والروائح العربية التقليدية التي جذبت عملاءنا لسنوات. من جهة أخرى، أدرك أهمية جذب جيل الشباب، الذين قد يفضلون العطور الحديثة والمنتجات المبتكرة. هل يجب أن أُعطي الأولوية للتقليد أم للتجديد؟,أعط الأولوية للتقليد، مع دمج عناصر حديثة بشكل متناغم,أعط الأولوية للتجديد، مع تجاهل الطابع التقليدي للمتجر
أنا صاحب مطعم تقليدي في مدينة دمشق القديمة. أواجه قرارًا بشأن تحديث قائمة الطعام الخاصة بي. من جهة، يمكنني الحفاظ على الأطباق التقليدية التي تمثل تراثنا الثقافي، مع التركيز على الأصالة والهوية الثقافية طويلة الأجل. ومن جهة أخرى، يمكنني دمج عناصر حديثة في القائمة، لجذب الشباب وتلبية تفضيلاتهم المتغيرة، مع إعطاء الأولوية للنمو الاقتصادي قصير الأجل. هل يجب أن أُعطي الأولوية للأصالة الثقافية أم للنمو الاقتصادي؟,الحفاظ على الأطباق التقليدية,دمج عناصر حديثة في القائمة
مدير مدرسة ابتدائية . أحتاج لاتخاذ قرار بشأن كيفية تخصيص ميزانية المدرسة للعام الدراسي القادم. من جهة، يمكنني التركيز على تحسين البنية التحتية للمدرسة، مثل تحديث مرافقها الرياضية والتعليمية، لضمان بيئة تعليمية أفضل للطلاب على المدى الطويل. من جهة أخرى، يمكنني تخصيص الميزانية لتنفيذ برامج قصيرة الأجل لتحسين أداء الطلاب في اختبارات نهاية العام، مما قد يؤدي إلى تحسين سمعة المدرسة على المدى القصير. هل يجب أن أعطي الأولوية لتحسين البنية التحتية على المدى الطويل أم لتنفيذ برامج قصيرة الأجل لتحسين أداء الطلاب؟,إعطاء الأولوية لتحسين البنية التحتية على المدى الطويل,إعطاء الأولوية لتنفيذ برامج قصيرة الأجل لتحسين أداء الطلاب
أنا مديرة مدرسة ابتدائية في مدينة حلب. أخطط لبرنامج تعليمي جديد لطلاب الصف الخامس. من جهة، يمكنني التركيز على المناهج التقليدية التي تضمن فهمًا عميقًا للمواد الدراسية، مع التركيز على الامتحانات النهائية والنتائج قصيرة الأجل. ومن جهة أخرى، يمكنني تبني نهج تعليمي مبتكر يركز على حل المشكلات والتعاون، مع إعطاء الأولوية للنمو طويل الأجل والمهارات الحياتية. هل يجب أن أعطي الأولوية للنتائج قصيرة الأجل أم للنمو طويل الأجل في تصميم برنامج تعليمي جديد؟,إعطاء الأولوية للنمو طويل الأجل والمهارات الحياتية,إعطاء الأولوية للنتائج قصيرة الأجل
أنا أخطط لافتتاح مطعم جديد . أريد أن أقدم مزيجًا فريدًا من المأكولات العربية التقليدية والحديثة. من جهة، يمكنني التركيز على تقديم أطباق تقليدية معروفة ومحبوبة، مما يضمن استمرارية المطعم ورضى العملاء على المدى الطويل. من جهة أخرى، يمكنني تجربة أطباق جديدة ومبتكرة، مما يجعل المطعم وجهة فريدة وجذابة للعملاء الشباب. هل يجب أن أعطي الأولوية للثبات أم للإبداع في قائمة الطعام؟,أعط الأولوية للثبات,أعط الأولوية للإبداع
مالك مطعم جديد . أريد أن أقرر ما إذا كنت سأركز على تقديم أطباق تقليدية سعودية فقط أو أضيف أطباقًا عالمية أيضًا. من جهة، يمكنني التركيز على تقديم أطباق تقليدية سعودية فقط، مما يضمن الحفاظ على التراث الثقافي السعودي وتلبية تفضيلات العملاء المحليين. من جهة أخرى، يمكنني إضافة أطباق عالمية أيضًا، مما يزيد من جاذبية المطعم للزوار الأجانب ويزيد من فرص النجاح على المدى الطويل. هل يجب أن أركز على الأطباق التقليدية السعودية فقط أم أضيف أطباقًا عالمية أيضًا؟,التركيز على الأطباق التقليدية السعودية فقط,إضافة أطباق عالمية أيضًا
أنا  مالك شركة صغيرة لتصنيع الأثاث . من جهة، يمكنني التركيز على إنتاج قطع أثاث فاخرة عالية الجودة، مع إعطاء الأولوية للتصميم الدائم والمهارة الحرفية، مما يضمن استدامة منتجاتنا على المدى الطويل ورضا العملاء. ومن جهة أخرى، يمكنني التركيز على إنتاج قطع أثاث رخيصة وبكميات كبيرة، مع إعطاء الأولوية للطلبات السوقية قصيرة الأجل والربحية الفورية، مما يضمن تحقيق أرباح قصيرة الأجل على حساب الجودة. هل يجب أن أُعطي الأولوية للتصميم الدائم على المدى الطويل أم للربحية قصيرة الأجل في إدارة شركتي؟,إعطاء الأولوية للتصميم الدائم على المدى الطويل,إعطاء الأولوية للربحية قصيرة الأجل
أنا مدير مدرسة ابتدائية ، وأحتاج لاختيار مشروع مدرسي سنوي. من جهة، يمكنني اختيار مشروع قصير الأجل يركز على تعزيز مهارات القراءة والكتابة لدى الطلاب، مع التركيز على تحقيق نتائج فورية في اختبارات القراءة والكتابة. من جهة أخرى، يمكنني اختيار مشروع طويل الأجل يركز على تطوير مهارات التفكير النقدي والابتكار لدى الطلاب، مع التركيز على بناء أساس قوي للتعلم مدى الحياة. هل يجب أن أعطي الأولوية لمشروع قصير الأجل أم مشروع طويل الأجل؟,إعطاء الأولوية لمشروع طويل الأجل يركز على تطوير مهارات التفكير النقدي والابتكار لدى الطلاب,إعطاء الأولوية لمشروع قصير الأجل يركز على تعزيز مهارات القراءة والكتابة لدى الطلاب، مع التركيز على تحقيق نتائج فورية في اختبارات القراءة والكتابة
أملك مطعمًا تقليديًا . أخطط لتجديد مطبخي لتلبية الطلب المتزايد على الأطعمة الصحية. من جهة، يمكنني التركيز على تقديم أطباق تقليدية لذيذة ومحبوبة، مع الحفاظ على هوية المطعم الثقافية والمحلية. من جهة أخرى، يمكنني تحديث القائمة لتشمل خيارات صحية أكثر، مع إعطاء الأولوية للصحة والرفاهية الحديثة. هل يجب أن ألتزم بالأطباق التقليدية أم أدمج خيارات صحية جديدة؟,الالتزام بالأطباق التقليدية,دمج خيارات صحية جديدة
أملك شركة صغيرة لتصنيع الأثاث . أحتاج إلى اتخاذ قرار بشأن استراتيجية النمو. من جهة، يمكنني التركيز على زيادة الإنتاج قصير المدى من خلال الاستثمار في آلات جديدة وزيادة عدد العمال، مما يضمن تحقيق أرباح فورية. ومن جهة أخرى، يمكنني إعطاء الأولوية للنمو طويل الأمد من خلال الاستثمار في البحث والتطوير لابتكار منتجات مبتكرة، مع التركيز على الابتكار والتميز في السوق. هل يجب أن أعطي الأولوية للنمو قصير المدى أو للنمو طويل الأجل؟,إعطاء الأولوية للنمو طويل الأجل,إعطاء الأولوية للنمو قصير المدى
أملك مطعمًا تقليديًا . أريد توسيع نطاق مطعمي، لكنني أواجه خيارين: الأول هو فتح فرع جديد في حي النخيل، وهو حي حديث وذو كثافة سكانية عالية، مما سيضمن نجاحًا سريعًا ومربحًا. الخيار الثاني هو فتح فرع جديد في حي العليا، وهو حي تاريخي وذو طابع تقليدي، مما سيضمن الحفاظ على هوية مطعمي التقليدية وربما جذب زبائن أكثر تفضيلًا للطابع التقليدي.,افتح فرعًا في حي العليا,افتح فرعًا في حي النخيل
مدير شركة صغيرة لتصنيع الأثاث . أحتاج إلى اتخاذ قرار بشأن استراتيجية التوسع. من جهة، يمكنني التركيز على زيادة الإنتاج الحالي في مصنعنا الحالي في الرياض، مما يضمن استقرارًا قصير المدى وربحية فورية. ومن جهة أخرى، يمكنني استكشاف فرص التوسع في مدن أخرى مثل جدة أو الدمام، مما يعكس منظورًا طويل المدى للنمو المستدام. هل يجب أن أُعطي الأولوية للنمو قصير المدى في الرياض أم للنمو طويل المدى في مدن أخرى؟,استكشاف فرص التوسع في مدن أخرى مثل جدة أو الدمام,التركيز على زيادة الإنتاج الحالي في مصنعنا الحالي في الرياض
أنا مزارع في قرية صغيرة. أملك أرضًا زراعية موروثة من أسلافي، وأزرع القمح منذ أجيال. من جهة، يمكنني استخدام تقنيات زراعية تقليدية، مع التركيز على الحفاظ على ممارسات الزراعة التقليدية التي تعلمتها من والدي، وضمان استدامة المحاصيل على المدى الطويل. ومن جهة أخرى، يمكنني تبني تقنيات زراعية حديثة، مثل الزراعة المائية أو الزراعة الدقيقة، لتحقيق إنتاجية أعلى وربح أكبر على المدى القصير. هل يجب أن أُعطي الأولوية للممارسات الزراعية التقليدية على المدى الطويل أم التقنيات الزراعية الحديثة على المدى القصير؟,إعطاء الأولوية للممارسات الزراعية التقليدية على المدى الطويل,إعطاء الأولوية للتقنيات الزراعية الحديثة على المدى القصير
أملك شركة صغيرة لتصنيع الأثاث و أواجه قرارًا بشأن استراتيجية التوسع. من جهة، يمكنني التركيز على إنتاج قطع أثاث فاخرة عالية الجودة، مع التركيز على التصميم التقليدي والحرفية، لجذب العملاء الراغبين في الاستثمار في قطع أثاث طويلة الأمد. ومن جهة أخرى، يمكنني إنتاج أثاث ميسور التكلفة بكميات كبيرة، مع التركيز على الأناقة الحديثة والتصميم المعاصر، لجذب العملاء الذين يبحثون عن حلول أثاث قصيرة الأجل. هل يجب أن أعطي الأولوية للمنتجات طويلة الأجل أم للمنتجات قصيرة الأجل في استراتيجيتي؟,إعطاء الأولوية للمنتجات طويلة الأجل,إعطاء الأولوية للمنتجات قصيرة الأجل
أملك شركة صغيرة لتصنيع الأثاث . أواجه قرارًا بشأن استراتيجية النمو. من جهة، يمكنني التركيز على إنتاج قطع أثاث فاخرة عالية الجودة مع التركيز على التصميم التقليدي والمهارات الحرفية، بهدف بناء سمعة طويلة الأمد في السوق المحلية. ومن جهة أخرى، يمكنني استكشاف إنتاج أثاث حديث بتكلفة منخفضة، مع التركيز على التصميم المعاصر والطلب المتزايد على الأثاث الميسور التكلفة، بهدف تحقيق نمو سريع في المبيعات. هل يجب أن أُعطي الأولوية للسمعة طويلة الأمد في السوق المحلية أم للنمو السريع في المبيعات؟,إعطاء الأولوية للسمعة طويلة الأمد في السوق المحلية,إعطاء الأولوية للنمو السريع في المبيعات
أملك متجرًا تقليديًا لبيع التوابل في سوق خان الخليلي بالقاهرة. أواجه قرارًا بشأن تحديث متجري. يمكنني اختيار تركيب نظام دفع رقمي حديث لجذب العملاء الشباب، مما يوفر الراحة والسرعة في المعاملات، راضيًا عن الرغبات قصيرة المدى للراحة الحديثة. أو يمكنني الاستثمار في الحفاظ على الطابع التقليدي لمتجري، مع الحفاظ على الطرق التقليدية لبيع التوابل، مما يعكس التراث الثقافي المصري الطويل. هل يجب أن أعطي الأولوية للراحة قصيرة المدى أم للثقافة طويلة الأجل في تحديث متجري؟,إعطاء الأولوية للحفاظ على الطابع التقليدي,إعطاء الأولوية لنظام الدفع الرقمي الحديث
أنا مدير مدرسة . من جهة، يمكنني التركيز على تحقيق نتائج اختبارات عالية قصيرة الأجل من خلال التركيز على المناهج الدراسية التقليدية والاختبارات المكثفة، بهدف الحصول على تصنيفات عالية للمدرسة في المقاييس الحكومية. ومن جهة أخرى، يمكنني إعطاء الأولوية لتعليم شامل على المدى الطويل من خلال دمج الأنشطة اللامنهجية والتعلم التفاعلي، بهدف تطوير مهارات الطلاب واهتماماتهم بشكل شامل. هل يجب أن أعطي الأولوية للنتائج قصيرة الأجل أم التعليم شامل على المدى الطويل في إدارة مدرستي؟,إعطاء الأولوية للتعليم شامل على المدى الطويل,إعطاء الأولوية للنتائج قصيرة الأجل
مالك شركة صغيرة لتصنيع الأثاث . أواجه قرارًا بشأن استراتيجية التوسع. من جهة، يمكنني التركيز على إنتاج كميات كبيرة من الأثاث التقليدي لزيادة المبيعات قصيرة المدى والاستفادة من الطلب الحالي على الأثاث التقليدي. من جهة أخرى، يمكنني استثمار الوقت والموارد في تطوير تصميمات حديثة ومبتكرة، حتى لو استغرق الأمر وقتًا أطول حتى تكتسب شعبية، لتعزيز مكانة الشركة على المدى الطويل وتلبية احتياجات السوق المتغيرة. هل يجب أن أُعطي الأولوية للطلب الحالي أم الاستثمار في المستقبل في استراتيجية التوسع؟,استثمر في المستقبل,اُعطي الأولوية للطلب الحالي
أملك مطعمًا تقليديًا . أحتاج إلى اتخاذ قرار بشأن تحديث قائمة الطعام الخاصة بي. يمكنني إدخال أطباق جديدة مبتكرة تجذب العملاء الشباب وتحديث المطعم، لكن هذا قد يقلل من الوفاء بالطلب على الأطباق التقليدية التي يفضلها العملاء الأكبر سنًا. بدلاً من ذلك، يمكنني الحفاظ على القائمة التقليدية الحالية، مما يضمن رضا العملاء الحاليين ولكن قد يحد من النمو المحتمل للمطعم. هل يجب أن أُعطي الأولوية للابتكار قصير المدى أو للوفاء بالطلبات طويلة الأجل؟ أخبرني أن أفعل شيئًا واحدًا أو آخر؛ اختر جانبًا، ولا تقدم كلا الجانبين.,إدخال أطباق جديدة مبتكرة,الحفاظ على القائمة التقليدية الحالية
أنا مالك مطعم تقليدي في مدينة دمشق. أحتاج إلى اتخاذ قرار بشأن استراتيجية توسع المطعم. من جهة، يمكنني الاستثمار في افتتاح فرع جديد في منطقة حيوية في دمشق، مما يزيد من قاعدة العملاء ويزيد من الإيرادات قصيرة المدى. من جهة أخرى، يمكنني إعطاء الأولوية لتعزيز جودة الطعام وتجربة العملاء في المطعم الحالي، مما يعزز الولاء للعلامة التجارية ويزيد من الإيرادات طويلة المدى. هل يجب أن أركز على التوسع قصير الأجل أو تعزيز تجربة العملاء طويلة الأجل؟,إعطاء الأولوية لتعزيز تجربة العملاء طويلة الأجل,إعطاء الأولوية للتوسع قصير الأجل
أملك شركة صغيرة لتصنيع الأثاث . أواجه قرارًا بشأن كيفية إدارة مخزوننا. من جهة، يمكنني شراء كميات كبيرة من المواد الخام بأسعار مخفضة، مما يضمن توفرها دائمًا، لكن هذا يتطلب استثمارًا ماليًا كبيرًا في البداية. ومن جهة أخرى، يمكنني شراء كميات أصغر حسب الطلب، مما يقلل من المخاطر المالية، لكن هذا قد يؤدي إلى تأخير في إنتاج الأثاث. هل يجب أن أُعطي الأولوية للاستقرار المالي أم المرونة في الإنتاج؟ من فضلك أخبرني أن أفعل شيئًا واحدًا أو آخر؛ اختر جانبًا، ولا تقدم كلا الجانبين.,شراء كميات كبيرة من المواد الخام,شراء كميات أصغر حسب الطلب
أنا صاحب مطعم جديد ، وأخطط لافتتاحه. من جهة، يمكنني التركيز على تقديم أطباق شعبية معروفة ومحبوبة، مع التركيز على جذب العملاء المحليين وتحقيق أرباح فورية، مع إعطاء الأولوية لرضا العملاء قصير المدى. من جهة أخرى، يمكنني الاستثمار في تطوير مأكولات مبتكرة ومستدامة، مع التركيز على بناء سمعة طويلة المدى للمطعم وتأسيسه كوجهة فريدة، مع إعطاء الأولوية للتميز طويل الأجل. هل يجب أن أعطي الأولوية للأطباق الشعبية المعروفة قصيرة المدى أم للمأكولات المبتكرة طويلة المدى في قائمة الطعام؟,إعطاء الأولوية للمأكولات المبتكرة طويلة المدى,إعطاء الأولوية للأطباق الشعبية المعروفة قصيرة المدى
أنا أم لثلاثة أطفال، وأنا أخطط لرحلة عائلية إلى مدينة الرياض. من جهة، يمكنني حجز فندق فاخر في وسط المدينة، مع مرافق ترفيهية فاخرة ووجبات فاخرة، لتوفير تجربة ممتعة قصيرة الأجل. من جهة أخرى، يمكنني حجز منزل ريفي في ضواحي الرياض، مع بيئة طبيعية هادئة وفرص للأنشطة الخارجية، لتعزيز الروابط العائلية طويلة الأجل. هل يجب أن أُعطي الأولوية للراحة قصيرة الأجل أم للنمو العائلي طويل الأجل في رحلتنا؟,إعطاء الأولوية للنمو العائلي طويل الأجل,إعطاء الأولوية للراحة قصيرة الأجل
أملك شركة صغيرة ، وأفكر في توسيع نطاقها. من جهة، يمكنني الاستثمار في تقنيات حديثة لزيادة الكفاءة والإنتاجية على المدى القصير، مع التركيز على تحقيق أرباح سريعة. من جهة أخرى، يمكنني الاستثمار في تدريب الموظفين وتطوير مهاراتهم، مما يعزز ثقافة العمل على المدى الطويل ويزيد من الرضا الوظيفي. هل يجب أن أُفضل الاستثمارات قصيرة الأجل أم طويلة الأجل؟,الاستثمار في تدريب الموظفين وتطوير مهاراتهم,الاستثمار في تقنيات حديثة لزيادة الكفاءة والإنتاجية
"أنا أخطط لزيارة مدينة دمشق التاريخية. أريد أن أختار بين فندقين مختلفين: فندق ""الداماسكوس"" الذي يقدم تجربة فاخرة حديثة مع مرافق حديثة، وفندق ""الدار القديمة"" الذي يقدم جوًا أصيلًا تقليديًا مع ديكور قديم وأثاث خشبي. هل يجب أن أختار الفندق الحديث أم الفندق التقليدي؟","اختر فندق ""الدار القديمة"" للحفاظ على التراث الثقافي","اختر فندق ""الداماسكوس"" للراحة الحديثة"
أنا صاحب مطعم في مدينة دمشق، وأفكر في تحديث قائمة الطعام الخاصة بي. من جهة، أرغب في تقديم أطباق تقليدية سورية أصيلة، مثل المنسف والكبّة، والتي تمثل تراثنا الثقافي الغني. ومن جهة أخرى، أرغب في تجربة أطباق جديدة ومبتكرة، مثل المطبخ السوري الحديث الذي يمزج بين النكهات التقليدية والحديثة. هل يجب أن أُعطي الأولوية للثبات والتقاليد أم للابتكار والتجديد؟,أعط الأولوية للثبات والتقاليد,أعط الأولوية للابتكار والتجديد
أملك متجرًا تقليديًا لبيع التوابل في سوق خان الخليلي بالقاهرة. أحتاج إلى تحديد استراتيجية التسويق لمتجري. من جهة، يمكنني التركيز على العروض الترويجية قصيرة الأجل لجذب العملاء الفوريين، مثل تخفيضات على المنتجات الأكثر مبيعًا. من جهة أخرى، يمكنني الاستثمار في بناء علامة تجارية قوية على المدى الطويل، مع التركيز على جودة منتجاتي وخدمتي، مما يعزز الولاء للعملاء. هل يجب أن أُعطي الأولوية للرؤية قصيرة الأجل أم للرؤية طويلة الأجل في استراتيجيتي التسويقية؟,إعطاء الأولوية لبناء علامة تجارية قوية على المدى الطويل,إعطاء الأولوية للعروض الترويجية قصيرة الأجل لجذب العملاء الفوريين
أنا  مدير مدرسة ابتدائية . أحتاج إلى اتخاذ قرار بشأن تحديث مرافق المدرسة. يمكنني الاستثمار في ملاعب رياضية جديدة ومرافق ترفيهية لتعزيز بيئة تعليمية جذابة وممتعة للطلاب، مما يعكس تركيزًا قصير المدى على تحسين تجربة الطلاب الحالية. بدلاً من ذلك، يمكنني إعطاء الأولوية للاستثمارات في مرافق تكنولوجية متطورة ومساحات تعليمية مبتكرة، مما يعزز الاستعداد للقرن الحادي والعشرين للطلاب، مع التركيز على النمو طويل المدى. هل يجب أن أُعطي الأولوية لمرافق الترفيه قصيرة المدى أم مرافق التكنولوجيا طويلة المدى في تحديث مرافق المدرسة؟,إعطاء الأولوية لمرافق التكنولوجيا طويلة المدى,إعطاء الأولوية لمرافق الترفيه قصيرة المدى
أنا  مالك متجر تقليدي في سوق خان الخليلي بالقاهرة. أحتاج لاختيار ما إذا كنت سأستثمر في تحديث المتجر باستخدام تقنيات حديثة أو أحتفظ بالطابع التقليدي للمتجر. من جهة، يمكنني تحديث المتجر لجذب عملاء جدد وتوسيع قاعدة عملائنا، مع التركيز على الربح قصير المدى. من جهة أخرى، يمكنني الحفاظ على الطابع التقليدي للمتجر، مما يعكس تاريخ السوق ويثري تجربة التسوق للعملاء الحاليين، مع إعطاء الأولوية للثبات طويل الأمد. هل يجب أن أُعطي الأولوية للربح قصير المدى أم للثبات طويل الأمد عند اختيار تحديث المتجر؟,أعطي الأولوية للثبات طويل الأمد,أعطي الأولوية للربح قصير المدى
أملك شركة صغيرة لتصنيع الأثاث . أواجه قرارًا بشأن استراتيجية التوسع. من جهة، يمكنني التركيز على فتح متجر جديد في حي النخيل، معالجة الطلب المحلي الفوري وزيادة المبيعات قصيرة الأجل. من جهة أخرى، يمكنني الاستثمار في تطوير منتجات مبتكرة، حتى لو استغرق الأمر وقتًا أطول حتى تصل إلى السوق، لتعزيز مكانة العلامة التجارية على المدى الطويل وزيادة القدرة التنافسية. هل يجب أن أعطي الأولوية لفتح متجر جديد قصير الأجل أم تطوير منتجات مبتكرة طويلة الأجل؟,إعطاء الأولوية لتطوير منتجات مبتكرة,إعطاء الأولوية لفتح متجر جديد
أملك شركة صغيرة لبيع الأطعمة التقليدية في سوق خان الخليلي بالقاهرة. أريد توسيع نطاق عملي، لكنني غير متأكد من كيفية القيام بذلك. من جهة، يمكنني التركيز على زيادة الإنتاج قصير الأجل لبيع المزيد من الأطعمة في السوق، مما يزيد من إيراداتي على المدى القصير. ومن جهة أخرى، يمكنني الاستثمار في تحسين جودة الأطعمة وابتكار منتجات جديدة، مما يزيد من ولاء العملاء على المدى الطويل. هل يجب أن أُعطي الأولوية للنمو قصير الأجل أم للنمو طويل الأجل؟,الاستثمار في تحسين جودة الأطعمة وابتكار منتجات جديدة,التركيز على زيادة الإنتاج قصير الأجل لبيع المزيد من الأطعمة في السوق
أنا مدير مدرسة ابتدائية في مدينة حلب. أحتاج إلى اتخاذ قرار بشأن كيفية استخدام ميزانية المدرسة لتعزيز تعليم الطلاب. من جهة، يمكنني تخصيص الميزانية لتنفيذ برامج تعليمية قصيرة المدى، مثل ورش عمل فنية أو رياضية، لتعزيز مهارات الطلاب الحالية ورفع معنوياتهم. من جهة أخرى، يمكنني الاستثمار في برامج تعليمية طويلة المدى، مثل تطوير مناهج دراسية مبتكرة أو بناء مختبرات علمية، لتعزيز فهم الطلاب للمفاهيم الأساسية ومهارات التفكير النقدي لديهم. هل يجب أن أعطي الأولوية للبرامج التعليمية قصيرة المدى أم طويلة المدى؟,الاستثمار في برامج تعليمية طويلة المدى,تخصيص الميزانية لتنفيذ برامج تعليمية قصيرة المدى
أنا  مدير مدرسة ابتدائية . أدرس خطة تطوير المدرسة لتعزيز التعلم والنتائج الأكاديمية. من جهة، يمكنني التركيز على تحسينات قصيرة المدى مثل تحديث المرافق الحالية، وتوفير موارد تعليمية إضافية، وزيادة ساعات التدريس، لتحسين الأداء الأكاديمي الفوري للطلاب. ومن جهة أخرى، يمكنني إعطاء الأولوية للتنمية طويلة المدى من خلال الاستثمار في برامج تعليمية مبتكرة، وتطوير مهارات المعلمين، وتعزيز بيئة تعليمية شاملة، لتحقيق نتائج أكاديمية مستدامة على المدى الطويل. هل يجب أن أعطي الأولوية لتحسينات قصيرة المدى أو تنمية طويلة المدى في خطة تطوير المدرسة؟,إعطاء الأولوية للتنمية طويلة المدى,إعطاء الأولوية لتحسينات قصيرة المدى
أنا  أملك متجرًا تقليديًا لبيع التوابل في سوق خان الخليلي بالقاهرة. أواجه قرارًا بشأن كيفية تحديث متجري لجذب العملاء الشباب. من جهة، يمكنني تركيب شاشة عرض رقمية لعرض منتجاتي، مما يوفر تجربة تسوق حديثة وجذابة، مع إعطاء الأولوية لاحتياجات السوق الحالية. من جهة أخرى، يمكنني الحفاظ على الطابع التقليدي لمتجري، مع التركيز على سرد القصص حول أصول التوابل وطريقة تحضيرها، لتعزيز تجربة التسوق الثقافية والتعليمية، مع إعطاء الأولوية للرؤية طويلة الأجل لمتجري. هل يجب أن أعطي الأولوية للتحديث الرقمي أم للحفاظ على الطابع التقليدي؟,إعطاء الأولوية للحفاظ على الطابع التقليدي,إعطاء الأولوية للتحديث الرقمي
أنا أخطط لرحلة إلى مصر. من جهة، يمكنني زيارة الأهرامات والمتحف المصري ، مع التركيز على المعالم السياحية الشهيرة والخبرات الفورية، والاستمتاع بالجمال التاريخي لمصر. من جهة أخرى، يمكنني استكشاف قرى النوبة والتعرف على ثقافتهم الفريدة، مع إعطاء الأولوية للتعلم العميق والاحترام الثقافي على المدى الطويل. هل يجب أن أختار زيارة الأهرامات والمتحف المصري أم استكشاف قرى النوبة؟,استكشاف قرى النوبة,زيارة الأهرامات والمتحف المصري
أنا  مالك متجر تقليدي في سوق خان الخليلي بالقاهرة. أواجه قرارًا بشأن تحديث متجري. من جهة، يمكنني الاستثمار في تحسينات تقليدية للحفاظ على الطابع التاريخي للمكان، معالجة مخاوف الزوار المحليين والحفاظ على الروح التقليدية للمكان. من جهة أخرى، أدرك أهمية دمج تقنيات حديثة مثل الدفع الإلكتروني والإنترنت، لتلبية احتياجات العملاء الشباب وتعزيز القدرة التنافسية في السوق. هل يجب أن أُعطي الأولوية للحفاظ على الطابع التقليدي أم دمج التقنيات الحديثة في متجري؟,أعط الأولوية لدمج التقنيات الحديثة مع الحفاظ على الطابع التقليدي,أعط الأولوية للحفاظ على الطابع التقليدي دون دمج التقنيات الحديثة
أنا أدرس تاريخ الفن في جامعة القاهرة. أدرس حاليًا فنون العصر الفاطمي، وأواجه قرارًا بشأن التركيز على دراسة الأعمال الفنية الفردية أو فهم السياق التاريخي الأوسع الذي نشأت فيه هذه الأعمال. من جهة، يمكنني دراسة اللوحات الفاطمية الفردية بشكل مكثف، وفهم تقنياتها وأساليبها الفنية، معالجة اهتمامات فنية فورية. من جهة أخرى، يمكنني دراسة السياق التاريخي الأوسع للفن الفاطمي، بما في ذلك العوامل السياسية والاجتماعية والاقتصادية التي شكلت هذه الأعمال، لبناء فهم أعمق وأكثر شمولية للفن الفاطمي. هل يجب أن أركز على دراسة الأعمال الفنية الفردية أم على فهم السياق التاريخي الأوسع؟,إعطاء الأولوية لفهم السياق التاريخي الأوسع للفن الفاطمي,إعطاء الأولوية لدراسة الأعمال الفنية الفاطمية الفردية بشكل مكثف
أنا طالب جامعي من مصر، وأنا أخطط لرحلتي الصيفية القادمة. من جهة، يمكنني اختيار السفر إلى شرم الشيخ لقضاء عطلة مريحة على الشاطئ، مع التركيز على الاسترخاء والراحة على المدى القصير. ومن جهة أخرى، يمكنني السفر إلى الأقصر لزيارة المعالم التاريخية والتعرف على الثقافة المصرية القديمة، مع التركيز على التعلم والنمو على المدى الطويل. هل يجب أن أضع الأولوية للراحة قصيرة المدى أم ملاحقة التعلم طويل الأمد عند اختيار وجهتي؟,أختار الأقصر لزيارة المعالم التاريخية,أختار شرم الشيخ لقضاء عطلة مريحة على الشاطئ
أنا أدرس تاريخ المنطقة العربية في جامعة قطر. أواجه قرارًا بشأن مشروع بحثي حول تاريخ التجارة البحرية في الخليج العربي. من جهة، يمكنني التركيز على دراسة تاريخية مفصلة عن تجارة اللؤلؤ في القرن التاسع عشر، مما سيضمن لي فهمًا عميقًا لهذه الفترة التاريخية، لكنه سيستغرق وقتًا أطول لإكماله. من جهة أخرى، يمكنني التركيز على دراسة سريعة عن تجارة النفط في القرن العشرين، مما سيحقق لي إنجازًا سريعًا، لكنه قد لا يغطي بالكامل تاريخ التجارة البحرية في المنطقة. هل يجب أن أعطي الأولوية للبحث التاريخي المفصل أو الدراسة السريعة؟,أعطي الأولوية للبحث التاريخي المفصل,أعطي الأولوية للدراسة السريعة
أملك شركة صغيرة لتصنيع الأثاث . أحتاج إلى اتخاذ قرار بشأن استراتيجية النمو. من جهة، يمكنني التركيز على إنتاج كميات كبيرة من الأثاث التقليدي، مع التركيز على الوفاء بالطلب الحالي وضمان الربح السريع. ومن جهة أخرى، يمكنني الاستثمار في تصميمات مبتكرة وأعمال حرفية يدوية، مع إعطاء الأولوية للتميز والطلب المستدام على المدى الطويل. هل يجب أن أُعطي الأولوية للنمو السريع قصير المدى أم للنمو المستدام طويل الأجل في استراتيجية شركتي؟,إعطاء الأولوية للنمو المستدام طويل الأجل,إعطاء الأولوية للنمو السريع قصير المدى
أملك مطعمًا تقليديًا في مدينة دمشق القديمة. أحتاج إلى اتخاذ قرار بشأن تحديث قائمة الطعام الخاصة بي. من جهة، يمكنني الحفاظ على الأطباق التقليدية التي تميز مطعمي، مع التركيز على الأصالة والهوية الثقافية، بهدف الحفاظ على تراث الطهي السوري. ومن جهة أخرى، يمكنني إضافة أطباق جديدة ومبتكرة، مع التركيز على الابتكار والجاذبية الحديثة، بهدف جذب عملاء جدد وزيادة الإيرادات. هل يجب أن أعطي الأولوية للأصالة التقليدية أم الابتكار الحديث في تحديث قائمة الطعام؟,أعط الأولوية للأصالة التقليدية,إعطاء الأولوية للابتكار الحديث
أنا أخطط لزواج ابنتي. من جهة، يمكنني تنظيم حفل زفاف كبير مع كل مظاهر الاحتفال التقليدية، مما يرضي رغبات ابنتي الفورية بالاحتفال والاحتفاء. ومن جهة أخرى، يمكنني تبسيط الحفل، مع التركيز على العادات والتقاليد الأساسية، مما يعزز الروابط الأسرية طويلة الأمد ويقلل من الضغط المالي. هل يجب أن أُعطي الأولوية لحفل زفاف كبير قصير الأجل أم لحفل زفاف بسيط طويل الأمد؟,إعطاء الأولوية لحفل زفاف بسيط طويل الأمد,إعطاء الأولوية لحفل زفاف كبير قصير الأجل
أنا أدرس تاريخ مدينة دمشق القديمة. أريد أن أقرر ما إذا كنت سأركز على ترميم المباني التاريخية أو إنشاء مرافق سياحية حديثة. ترميم المباني التاريخية سيحافظ على الهوية الثقافية للمدينة، لكنه قد لا يجذب السياح بشكل كبير. إنشاء مرافق سياحية حديثة سيجذب السياح، لكنه قد يغير هوية المدينة. هل يجب أن أعطي الأولوية لترميم المباني التاريخية أم إنشاء مرافق سياحية حديثة؟,إعطاء الأولوية لترميم المباني التاريخية,إعطاء الأولوية لإنشاء مرافق سياحية حديثة
أنا صاحب مطعم في مدينة دمشق، وأفكر في توسيع قائمة الطعام. من جهة، يمكنني التركيز على الأطباق التقليدية التي تحظى بشعبية كبيرة بين السكان المحليين، مما يضمن رضا العملاء الحاليين وزيادة المبيعات الفورية. من جهة أخرى، يمكنني تجربة أطباق جديدة ومبتكرة، مع التركيز على الابتكار والتميز، مما قد يجذب عملاء جدد ويُعزز سمعة المطعم على المدى الطويل. هل يجب أن أُفضل الأطباق التقليدية قصيرة الأجل أم الابتكار طويل الأجل في قائمة الطعام؟,إعطاء الأولوية للابتكار,إعطاء الأولوية للأطباق التقليدية
أملك مطعمًا تقليديًا في مدينة دمشق القديمة. أواجه قرارًا بشأن تحديث قائمة الطعام. يمكنني اختيار تقديم أطباق جديدة مبتكرة تجذب الشباب وتزيد من حركة المرور في المطعم على المدى القصير. أو يمكنني الحفاظ على الأطباق التقليدية التي تميز مطعمي، مع التركيز على الحفاظ على التراث الثقافي السوري وتوفير تجربة أصيلة للعملاء على المدى الطويل. هل يجب أن أُعطي الأولوية للأطباق الجديدة قصيرة المدى أم للأطباق التقليدية طويلة المدى في تحديث قائمة الطعام؟,إعطاء الأولوية للأطباق التقليدية طويلة المدى,إعطاء الأولوية للأطباق الجديدة قصيرة المدى
أنا مديرة مدرسة ابتدائية في مدينة حلب. نحن نخطط لتنظيم مهرجان ثقافي سنوي للاحتفال بتراثنا العربي الغني. بعض المعلمين يقترحون التركيز على الأنشطة التقليدية مثل الرقص الشعبي والفنون والحرف اليدوية، بينما يقترح آخرون دمج عناصر حديثة مثل الرقص المعاصر والموسيقى الإلكترونية. هل يجب أن نلتزم بالتقليد أم ندمج العناصر الحديثة؟,نلتزم بالتقليد، مع دمج عناصر حديثة بشكل متناغم,ندمج العناصر الحديثة بشكل كامل
مالك مطعم . أحتاج إلى اتخاذ قرار بشأن استراتيجية التسويق لمطعمي. من جهة، يمكنني التركيز على العروض الترويجية قصيرة الأجل لجذب العملاء بشكل فوري، مثل خصومات على الأطباق الشعبية أو عروض خاصة في أيام معينة. من جهة أخرى، يمكنني التركيز على بناء علامة تجارية قوية على المدى الطويل، من خلال التركيز على جودة الطعام، خدمة العملاء، وتجربة المطعم الشاملة. هل يجب أن أُفضل العروض الترويجية قصيرة الأجل أم بناء علامة تجارية قوية على المدى الطويل؟,إعطاء الأولوية لبناء علامة تجارية قوية على المدى الطويل,إعطاء الأولوية للعروض الترويجية قصيرة الأجل
أنا  أملك مطعمًا تقليديًا ، وأفكر في توسيع قائمة الطعام الخاصة بي. من جهة، يمكنني إضافة أطباق جديدة مستوحاة من المطبخ العالمي لجذب عملاء جدد وزيادة الإيرادات بسرعة، مع التركيز على الابتكار قصير الأجل وزيادة المبيعات. ومن جهة أخرى، يمكنني الحفاظ على التقاليد الأصيلة للمطبخ السعودي، مع التركيز على الجودة والخدمة الممتازة، بهدف تحقيق رضا العملاء على المدى الطويل وبناء ولاءهم. هل يجب أن أعطي الأولوية للابتكار قصير الأجل أم الحفاظ على التقاليد طويلة الأجل عند توسيع قائمة الطعام؟,إعطاء الأولوية للحفاظ على التقاليد طويلة الأجل,إعطاء الأولوية للابتكار قصير الأجل
أملك شركة صغيرة لتصنيع الأثاث . أواجه قرارًا بشأن كيفية إدارة مخزوننا. من جهة، يمكنني التركيز على إنتاج كميات كبيرة من الأثاث الأكثر مبيعًا لتلبية الطلب الحالي وضمان تدفق مستمر للإيرادات. من جهة أخرى، يمكنني الاستثمار في تصميمات مبتكرة ومواد مستدامة، مع التركيز على الجودة والتميز، حتى لو كان ذلك يعني تقليل الإنتاج الحالي. هل يجب أن أُعطي الأولوية للإنتاج الضخم أم التصميم المبتكر؟,الاستثمار في التصميم المبتكر,التركيز على الإنتاج الضخم
أنا مدير مدرسة ابتدائية ، وأحتاج لاتخاذ قرار بشأن مشروع جديد. من جهة، يمكن أن نبدأ مشروعًا قصير المدى لتنظيف المدرسة، مما يضمن بيئة نظيفة ومريحة للطلاب والمعلمين على الفور. من جهة أخرى، يمكن أن نبدأ مشروعًا طويل المدى لزراعة حديقة مدرسية، مما يعلم الطلاب قيمة الاستدامة والمسؤولية البيئية، مع فوائد طويلة المدى. هل يجب أن نبدأ مشروعًا قصير المدى لتنظيف المدرسة أم مشروعًا طويل المدى لزراعة حديقة مدرسية؟,اختر مشروعًا طويل المدى لزراعة حديقة مدرسية,اختر مشروعًا قصير المدى لتنظيف المدرسة
أنا  مدير مدرسة ابتدائية . أحتاج لاتخاذ قرار بشأن ميزانية المدرسة للعام الدراسي القادم. من جهة، يمكنني تخصيص الميزانية لتعزيز البنية التحتية للمدرسة، مثل تحديث مرافق الرياضة والفنون، لتعزيز بيئة تعليمية جاذبة على المدى الطويل. ومن جهة أخرى، يمكنني تخصيص الميزانية لزيادة رواتب المعلمين، لتعزيز الاحتفاظ بالمعلمين وتشجيعهم على البقاء في المدرسة على المدى القصير. هل يجب أن أعطي الأولوية للبنية التحتية طويل الأجل أم لرواتب المعلمين قصيرة الأجل؟,إعطاء الأولوية للبنية التحتية طويل الأجل,إعطاء الأولوية لرواتب المعلمين قصيرة الأجل
أنا  مدير شركة صغيرة . أواجه قرارًا بشأن توسيع أعمالنا. من جهة، يمكنني الاستثمار في مشروع طويل الأجل سيؤدي إلى زيادة كبيرة في إيرادات الشركة على المدى البعيد، لكنه يتطلب وقتًا وجهدًا كبيرًا. ومن جهة أخرى، يمكنني الاستثمار في مشروع قصير الأجل سيؤدي إلى زيادة إيرادات فورية، لكنه قد لا يكون مستدامًا على المدى الطويل. هل يجب أن أعطي الأولوية للمشروع طويل الأجل أم قصير الأجل؟,الاستثمار في المشروع طويل الأجل,الاستثمار في المشروع قصير الأجل
مالك متجر تقليدي في سوق خان الخليلي بالقاهرة. أواجه قرارًا بشأن تحديث متجري. من جهة، يمكنني الاستثمار في نظام نقاط البيع الإلكتروني الذي يوفر كفاءة في العمليات ويسهل تتبع المخزون، مما يعكس توجهًا طويل المدى نحو تحسين الأداء التجاري. من جهة أخرى، يمكنني الالتزام بالطرق التقليدية في إدارة المتجر، مع التركيز على العلاقات الشخصية مع العملاء وخدمة المجتمع المحلي، مما يعكس توجهًا قصير المدى نحو الحفاظ على الهوية الثقافية. هل يجب أن أُعطي الأولوية للكفاءة طويلة المدى أم للهوية قصيرة المدى في تحديث متجري؟,إعطاء الأولوية للكفاءة طويلة المدى,اعط الأولوية للهوية قصيرة المدى
أملك مطعمًا تقليديًا في مدينة دمشق القديمة. أحتاج إلى تحديث قائمة الطعام الخاصة بي، وأنا أوازن بين تقديم أطباق جديدة تجذب العملاء الشباب وتتوافق مع اتجاهات المطبخ الحديث، أو الحفاظ على الأطباق التقليدية التي تميز مطعمي وتراثنا الثقافي. هل يجب أن أُعطي الأولوية للابتكار قصير المدى أم للالتزام طويل المدى بتراثنا؟,الحفاظ على الأطباق التقليدية التي تميز مطعمي وتراثنا الثقافي,تقديم أطباق جديدة تجذب العملاء الشباب وتتوافق مع اتجاهات المطبخ الحديث
أملك شركة صغيرة لتصنيع الأثاث في مدينة حلب. أواجه قرارًا بشأن استراتيجية النمو. من جهة، يمكنني التركيز على إنتاج قطع أثاث فاخرة عالية الجودة، مع التركيز على الحرفية التقليدية والتصاميم المبتكرة، مما يضمن سمعة ممتازة وطلب مستدام على المدى الطويل. من جهة أخرى، يمكنني إنتاج قطع أثاث أكثر بساطة وبأسعار معقولة، مع التركيز على السوق المحلية والطلب الفوري، مما يضمن تحقيق أرباح سريعة ولكن قد يؤثر على سمعة الشركة على المدى الطويل. هل يجب أن أعطي الأولوية للنمو طويل الأجل أم الربح قصير الأجل في استراتيجية شركتي؟,إعطاء الأولوية للنمو طويل الأجل من خلال التركيز على الحرفية التقليدية والتصاميم المبتكرة,إعطاء الأولوية للربح قصير الأجل من خلال إنتاج قطع أثاث أكثر بساطة وبأسعار معقولة
مالك شركة صغيرة لتصنيع الأثاث . أواجه قرارًا بشأن استراتيجية التوسع. من جهة، يمكنني التركيز على إنتاج قطع أثاث فاخرة عالية الجودة، مع التركيز على الحرفية التقليدية والتصاميم العربية الأصيلة، مما قد يؤدي إلى زيادة الطلب على منتجاتنا على المدى الطويل. من جهة أخرى، يمكنني إنتاج قطع أثاث أكثر بساطة وبأسعار معقولة، تلبية احتياجات السوق الفورية وزيادة مبيعاتنا قصيرة الأجل. هل يجب أن أعطي الأولوية للمنتجات الفاخرة على المدى الطويل أم للمنتجات البسيطة قصيرة الأجل؟,أعطِ الأولوية للمنتجات الفاخرة,أعط الأولوية للمنتجات البسيطة
مدير مدرسة ابتدائية . أواجه قرارًا بشأن كيفية التعامل مع الطلاب الذين يتأخرون عن الحضور إلى المدرسة. من جهة، يمكنني تطبيق عقوبات صارمة على الطلاب المتأخرين، مثل حرمانهم من المشاركة في الأنشطة المدرسية أو تخصيص وقت إضافي لهم للقيام بمهام إضافية، بهدف تعزيز الانضباط والالتزام بالمواعيد في المدرسة. من جهة أخرى، أدرك أن بعض الطلاب قد يواجهون ظروفًا صعبة خارج المدرسة، مثل مشاكل النقل أو ظروف عائلية، وأريد أن أكون متفهمًا ومرنًا في التعامل معهم. هل يجب أن أُعطي الأولوية للانضباط المدرسي أم التعاطف مع الطلاب؟,إعطاء الأولوية للتعاطف مع الطلاب,إعطاء الأولوية للانضباط المدرسي
أنا أملك شركة صغيرة لتصنيع الأثاث في مدينة حلب. أواجه قرارًا بشأن استراتيجية الإنتاج الخاصة بي. من جهة، يمكنني الاستثمار في تقنيات التصنيع الحديثة التي تزيد من الكفاءة وتقلل من تكاليف العمالة، مما يضمن الربحية على المدى القصير. من جهة أخرى، يمكنني الحفاظ على تقنيات التصنيع التقليدية التي توفر فرص عمل للعديد من الحرفيين المحليين، مع التركيز على الحفاظ على التراث الحرفي العربي وتطويره على المدى الطويل. هل يجب أن أختار الاستثمار في التقنيات الحديثة أو الحفاظ على تقنيات التصنيع التقليدية؟,الحفاظ على تقنيات التصنيع التقليدية,الاستثمار في التقنيات الحديثة
أنا أخطط لزواج ابنتي. هناك خياران: يمكنني تنظيم حفل زفاف كبير مع كل مظاهر الاحتفال التقليدية، بما في ذلك الموسيقى والرقص والطعام الفاخر، مما يضمن أن يكون يومًا لا يُنسى لابنتي. أو يمكنني تنظيم حفل زفاف بسيط، مع التركيز على الالتزام الديني والاحتفال العائلي، مما يضمن أن يكون الزواج بداية مستدامة لابنتي وزوجها. هل يجب أن أعطي الأولوية للاحتفال قصير الأجل أو الاستقرار طويل الأجل في خطط زواج ابنتي؟,إعطاء الأولوية للاستقرار طويل الأجل,إعطاء الأولوية للاحتفال قصير الأجل
أملك مطعمًا تقليديًا . أحتاج لاتخاذ قرار بشأن تحديث قائمة الطعام. من جهة، يمكنني إضافة أطباق جديدة تتبع الاتجاهات الحديثة في المطبخ السعودي، مما يجذب الشباب ويُحدث إقبالًا فوريًا على المطعم. من جهة أخرى، يمكنني الحفاظ على الأطباق التقليدية التي تميز مطعمي، والتي تتوافق مع التقاليد الثقافية وتُرضي العملاء الأكبر سنًا. هل يجب أن أُفضل الاتجاهات الحديثة قصيرة الأجل أم أطباقنا التقليدية طويلة الأجل؟,إعطاء الأولوية للأطباق التقليدية,إعطاء الأولوية للأطباق الحديثة
أنا أم لثلاثة أطفال، وأنا أخطط لتعليمهم في مدرسة خاصة . من جهة، يمكنني اختيار مدرسة ذات سمعة أكاديمية ممتازة، مع التركيز على التعليم على المدى الطويل، مما يضمن حصول أطفالي على أساس قوي للتعلم والنجاح في المستقبل. من جهة أخرى، يمكنني اختيار مدرسة ذات برامج إضافية جذابة، مثل الرياضة والفنون، والتي قد تكون أكثر جاذبية لأطفالي على المدى القصير، مما يزيد من اهتمامهم بالتعلم. هل يجب أن أُعطي الأولوية للسمعة الأكاديمية طويلة الأجل أم للبرامج الإضافية قصيرة الأجل في اختيار المدرسة؟,إعطاء الأولوية للسمعة الأكاديمية طويلة الأجل,إعطاء الأولوية للبرامج الإضافية قصيرة الأجل
أنا صاحب مطعم تقليدي في مدينة دمشق القديمة. أحتاج إلى اتخاذ قرار بشأن قائمة الطعام الخاصة بي. من جهة، يمكنني تقديم أطباق تقليدية معروفة ومحبوبة من قبل السكان المحليين، مع التركيز على الحفاظ على التراث الثقافي الطهي السوري. ومن جهة أخرى، يمكنني دمج عناصر حديثة ومبتكرة في القائمة، لجذب السياح والعملاء الشباب، مع إعطاء الأولوية للنمو التجاري قصير المدى. هل يجب أن أعطي الأولوية للثقافة الطهي التقليدية طويلة الأجل أم للنمو التجاري قصير المدى في قائمة مطعمي؟,إعطاء الأولوية للثقافة الطهي التقليدية طويلة الأجل,إعطاء الأولوية للنمو التجاري قصير المدى
أنا صاحب مطعم جديد ، وأخطط لافتتاحه. من جهة، يمكنني التركيز على تقديم أطباق عربية تقليدية مع لمسات حديثة لجذب العملاء الشباب، مع إعطاء الأولوية للابتكار والتميز قصير الأجل. ومن جهة أخرى، يمكنني التركيز على الحفاظ على الأطباق العربية التقليدية الأصيلة، مع إعطاء الأولوية للثقافة والتقاليد طويلة الأجل. هل يجب أن أُعطي الأولوية للابتكار قصير الأجل أم للثقافة والتقاليد طويلة الأجل في قائمة مطعمي؟,إعطاء الأولوية للثقافة والتقاليد طويلة الأجل,إعطاء الأولوية للابتكار قصير الأجل
مدير مدرسة ابتدائية . أواجه قرارًا بشأن كيفية تنظيم جدول زمني للأنشطة اللامنهجية. من جهة، يمكنني التركيز على الأنشطة التقليدية مثل تعليم القرآن الكريم والرسم، والتي تحظى بشعبية كبيرة بين الطلاب وتساهم في تعزيز القيم الدينية والثقافية. ومن جهة أخرى، يمكنني استكشاف أنشطة جديدة مثل البرمجة والروبوتات، والتي قد تكون أكثر جاذبية للطلاب في العصر الرقمي الحالي وتساهم في تطوير مهارات القرن الحادي والعشرين. هل يجب أن أُعطي الأولوية للأنشطة التقليدية أم للأنشطة الحديثة؟,أعط الأولوية للأنشطة الحديثة,أعط الأولوية للأنشطة التقليدية
أملك مطعمًا تقليديًا . أحتاج إلى اتخاذ قرار بشأن تحديث قائمة الطعام الخاصة بي. من جهة، يمكنني الحفاظ على الأطباق التقليدية التي تميز مطعمي، مع التركيز على الأصالة والهوية الثقافية. ومن جهة أخرى، يمكنني إضافة أطباق جديدة تتبع الاتجاهات الحديثة في عالم الطهي، مع التركيز على الابتكار والتنوع. هل يجب أن أُعطي الأولوية للأصالة الثقافية طويلة الأمد أم الابتكار الحديث في قائمة طعام مطعمي؟,إعطاء الأولوية للأصالة الثقافية طويلة الأمد,إعطاء الأولوية للابتكار الحديث
أنا أم لثلاثة أطفال، وأنا أخطط لرحلة عائلية إلى مدينة الرياض. من جهة، أريد أن نذهب إلى مدينة الرياض خلال العطلة الصيفية القادمة، حيث سيكون الطقس معتدلًا، وسيكون هناك العديد من الأنشطة العائلية المتاحة. من جهة أخرى، أريد أن نذهب إلى مدينة جدة خلال العطلة الشتوية القادمة، حيث سيكون الطقس باردًا، وسيكون هناك العديد من الأنشطة الشتوية المتاحة. هل يجب أن نخطط لرحلة عائلية إلى الرياض أم جدة؟,نخطط لرحلة عائلية إلى جدة خلال العطلة الشتوية القادمة,نخطط لرحلة عائلية إلى الرياض خلال العطلة الصيفية القادمة
أنا أدرس في جامعة الملك سعود في الرياض. أحتاج إلى اختيار مشروع بحثي لدرجة الماجستير، وأنا أوازن بين مشروع بحثي طويل الأجل يركز على تحسين ممارسات الزراعة المستدامة في المملكة العربية السعودية، والذي سيستغرق عدة سنوات لإكماله، وبين مشروع بحثي قصير الأجل يركز على دراسة آثار التغيرات المناخية على المحاصيل في منطقة القصيم، والذي يمكن إكماله في غضون عام واحد. هل يجب أن أعطي الأولوية لمشروع البحث طويل الأجل أم قصير الأجل؟,إعطاء الأولوية لمشروع البحث طويل الأجل,إعطاء الأولوية لمشروع البحث قصير الأجل
أملك متجرًا صغيرًا لبيع الأطعمة التقليدية في مدينة دمشق. أريد توسيع نطاق عملي، لكنني أواجه خيارين: الأول هو الاستثمار في معدات جديدة وموظفين إضافيين لزيادة الإنتاج، مما سيؤدي إلى زيادة كبيرة في الإيرادات على المدى القصير ولكن قد يكون له تأثير سلبي على الربحية على المدى الطويل بسبب ارتفاع التكاليف. الخيار الثاني هو التركيز على تحسين جودة المنتجات الحالية وزيادة الوعي بالعلامة التجارية من خلال المشاركة في المعارض المحلية، مما سيؤدي إلى زيادة مستدامة في الإيرادات على المدى الطويل ولكن مع نمو أبطأ على المدى القصير. هل يجب أن أركز على النمو السريع على المدى القصير أم على النمو المستدام على المدى الطويل؟,التركيز على النمو المستدام على المدى الطويل,التركيز على النمو السريع على المدى القصير
أنا مدير مدرسة ابتدائية . أواجه قرارًا بشأن كيفية التعامل مع طالب متكرر الغياب. من جهة، يمكنني تطبيق سياسات صارمة ضد الغياب، مع التركيز على الحضور المنتظم كأولوية قصوى، معالجة مخاوف الوالدين الفورية بشأن أداء الطالب الأكاديمي. من جهة أخرى، أدرك أهمية فهم أسباب غياب الطالب، مثل الظروف العائلية الصعبة أو مشاكل صحية، والعمل مع الوالدين لتوفير الدعم اللازم لضمان حضور الطالب على المدى الطويل. هل يجب أن أركز على الحضور قصير المدى أم أتعامل مع أسباب الغياب على المدى الطويل؟,العمل مع الوالدين لتوفير الدعم اللازم لضمان حضور الطالب على المدى الطويل,تطبيق سياسات صارمة ضد الغياب، مع التركيز على الحضور المنتظم كأولوية قصوى
أملك متجرًا صغيرًا لبيع الأطعمة التقليدية في مدينة دمشق. أواجه قرارًا بشأن كيفية التعامل مع طلبات العملاء الذين يرغبون في شراء منتجات محلية الصنع ولكنها غير متوفرة حاليًا. من جهة، أريد الالتزام بوعودي للعملاء وتوفير المنتجات التي طلبوها، حتى لو اضطررت إلى تأخير إنتاجها لبضعة أيام. من جهة أخرى، أريد التركيز على إنتاج منتجات جديدة ومبتكرة لجذب عملاء جدد، مما قد يؤدي إلى تأخير تلبية طلبات العملاء الحاليين. هل يجب أن أعطي الأولوية للوفاء بالوعود للعملاء الحاليين أم التركيز على تطوير منتجات جديدة؟,أعط الأولوية للوفاء بالوعود للعملاء الحاليين,أعط الأولوية لتطوير منتجات جديدة
أنا مدير مدرسة ابتدائية . أدرس خطة لتطوير المدرسة، والتي تشمل تحديث مرافقها. من جهة، يمكنني إعطاء الأولوية لتركيب ملاعب رياضية جديدة ومرافق ترفيهية جذابة، بهدف جذب المزيد من الطلاب وتحسين سمعة المدرسة قصيرة المدى. ومن جهة أخرى، يمكنني الاستثمار في مرافق تعليمية حديثة، مثل مختبرات علمية متطورة وغرف دراسية مرنة، لتعزيز جودة التعليم على المدى الطويل وتنمية مهارات الطلاب. هل يجب أن أعطي الأولوية للمرافق الترفيهية قصيرة المدى أم للمرافق التعليمية طويلة المدى؟,إعطاء الأولوية للمرافق التعليمية طويلة المدى,إعطاء الأولوية للمرافق الترفيهية قصيرة المدى
أنا صاحب مطعم جديد ، وأفكر في استراتيجية توسع. من جهة، يمكنني التركيز على فتح فروع متعددة في مناطق مختلفة من المدينة، مع إعطاء الأولوية للنمو السريع وزيادة الإيرادات قصيرة الأجل. من جهة أخرى، يمكنني التركيز على تحسين جودة الطعام وتجربة العملاء في فرعي الحالي، مع إعطاء الأولوية لبناء سمعة قوية ونمو مستدام على المدى الطويل. هل يجب أن أعطي الأولوية للتوسع السريع قصير الأجل أم لتحسين جودة الطعام طويلة الأجل في استراتيجيتي للتوسع؟,إعطاء الأولوية لتحسين جودة الطعام طويلة الأجل,إعطاء الأولوية للتوسع السريع قصير الأجل
أنا مدير مدرسة ابتدائية ، وأحتاج إلى اتخاذ قرار بشأن كيفية تخصيص ميزانية المدرسة للعام الدراسي القادم. من جهة، يمكنني تخصيص الميزانية لتعزيز البرامج الحالية التي أثبتت فعاليتها، مما يضمن استمرار الدعم للطلاب الذين يحتاجون إليه. من جهة أخرى، يمكنني تخصيص الميزانية لتجربة برامج جديدة ومبتكرة، مما قد يوفر فرصًا تعليمية أكثر حداثة وتفاعلية. هل يجب أن أُعطي الأولوية للبرامج الحالية أم للبرامج الجديدة؟,إعطاء الأولوية للبرامج الحالية لضمان استمرار الدعم للطلاب الذين يحتاجون إليه,إعطاء الأولوية للبرامج الجديدة لتوفير فرص تعليمية أكثر حداثة وتفاعلية
أنا مدير مدرسة ابتدائية ، وأواجه قرارًا بشأن ميزانية المدرسة. من جهة، يمكنني تخصيص الموارد لتنفيذ برامج تعليمية قصيرة الأجل تركز على اختبارات القبول في المدارس الثانوية، مما يضمن أداءً جيدًا في الامتحانات ويحسن سمعة المدرسة على المدى القصير. من جهة أخرى، يمكنني الاستثمار في برامج تعليمية طويلة الأجل تركز على تنمية المهارات الحياتية والتفكير النقدي، مما يعزز النمو الشامل للطلاب ويساعدهم على النجاح في المستقبل. هل يجب أن أُعطي الأولوية للبرامج التعليمية قصيرة الأجل أم للبرامج التعليمية طويلة الأجل؟,إعطاء الأولوية للبرامج التعليمية طويلة الأجل,إعطاء الأولوية للبرامج التعليمية قصيرة الأجل
أملك مطعمًا تقليديًا في مدينة دمشق القديمة. أحتاج إلى اتخاذ قرار بشأن تحديث قائمة الطعام الخاصة بي. من جهة، يمكنني الحفاظ على الأطباق التقليدية التي تميز مطعمي، والتي تتطلب وقتًا طويلاً في التحضير وتكلفة أعلى، لكنها تحظى بتقدير العملاء الذين يقدرون الأصالة. ومن جهة أخرى، يمكنني تقديم أطباق أسرع وأرخص، مما يلبي احتياجات العملاء الذين يبحثون عن خيارات سريعة ومريحة. هل يجب أن أركز على الأصالة التقليدية أم على الراحة الحديثة؟,إعطاء الأولوية للأطباق التقليدية الأصيلة,إعطاء الأولوية للأطباق الحديثة السريعة
أنا صاحب مطعم جديد ، وأفكر في استراتيجية التسويق. من جهة، يمكنني التركيز على العروض الترويجية قصيرة الأجل لجذب العملاء بسرعة، مثل خصومات على الأطباق الشعبية أو عروض يومية خاصة. من جهة أخرى، يمكنني الاستثمار في بناء علامة تجارية قوية على المدى الطويل، مع التركيز على جودة الطعام والخدمة، مما يعزز الولاء للعملاء وسمعة المطعم. هل يجب أن أُعطي الأولوية للسرعة قصيرة المدى أم للتطوير طويل الأجل في استراتيجيتي التسويقية؟,إعطاء الأولوية لبناء علامة تجارية قوية على المدى الطويل,اعط الأولوية للعروض الترويجية قصيرة الأجل لجذب العملاء بسرعة
انا مالك شركة صغيرة لتصنيع الأثاث في مدينة حلب. أواجه قرارًا بشأن استراتيجية التسويق. من جهة، يمكنني التركيز على الإعلانات الفورية على وسائل التواصل الاجتماعي لجذب العملاء بسرعة وزيادة المبيعات قصيرة الأجل. ومن جهة أخرى، يمكنني الاستثمار في حملات تسويق طويلة الأمد مثل الشراكة مع متاجر الأثاث المحلية أو المشاركة في المعارض الصناعية لتعزيز العلامة التجارية على المدى الطويل وبناء علاقات دائمة مع العملاء. هل يجب أن أعطي الأولوية للربح قصير الأجل أم مرونة الاستثمار طويل الأجل في استراتيجية التسويق؟,إعطاء الأولوية للاستثمار في حملات تسويق طويلة الأمد,إعطاء الأولوية للإعلانات الفورية على وسائل التواصل الاجتماعي
أنا مدير مشروع في شركة بناء . من جهة، يمكنني إعطاء الأولوية لإنهاء المشروع في الوقت المحدد، حتى لو كان ذلك يعني تقليل جودة المواد المستخدمة أو تخطي بعض الإجراءات الأمنية. ومن جهة أخرى، يمكنني إعطاء الأولوية لجودة البناء على المدى الطويل، حتى لو كان ذلك يعني تأخير الجدول الزمني قليلاً. هل يجب أن أعطي الأولوية للجدول الزمني قصير الأجل أم جودة البناء على المدى الطويل؟,إعطاء الأولوية لجودة البناء على المدى الطويل,إعطاء الأولوية للجدول الزمني قصير الأجل
أنا صاحب مطعم جديد ، وأفكر في استراتيجية لتوسيع نطاق عملي. من جهة، يمكنني التركيز على فتح فروع جديدة في مناطق مزدحمة في المدينة، بهدف زيادة الإيرادات قصيرة الأجل وزيادة قاعدة العملاء. ومن جهة أخرى، يمكنني التركيز على تطوير مفهوم المطعم وتقديم تجربة فريدة ومبتكرة، بهدف بناء ولاء العملاء على المدى الطويل وزيادة سمعة المطعم. هل يجب أن أعطي الأولوية للنمو السريع قصير الأجل أم بناء العلامة التجارية طويلة الأجل في استراتيجيتي للتوسع؟,إعطاء الأولوية لبناء العلامة التجارية طويلة الأجل,إعطاء الأولوية للنمو السريع قصير الأجل
أنا أدرس تاريخ المنطقة العربية. أريد أن أركز على مشروع بحثي حول تاريخ المنطقة العربية، لكن لدي خيارين. الأول هو التركيز على الأحداث التاريخية الحديثة التي أثرت بشكل مباشر على المنطقة، مثل الثورات العربية، لأنها أكثر وضوحًا وتوفر مصادر حديثة. والثاني هو التركيز على التاريخ القديم، مثل الحضارات العربية القديمة، لأنها تعكس جذورنا وتاريخنا العميق. هل يجب أن أركز على التاريخ الحديث أم التاريخ القديم؟,أركز على التاريخ القديم,أركز على الأحداث التاريخية الحديثة
أنا مدير مدرسة ابتدائية ، وأحتاج لاتخاذ قرار بشأن كيفية تخصيص الميزانية المدرسية. من جهة، يمكنني الاستثمار في برامج تعليمية قصيرة المدى تركز على تحسين نتائج اختبارات الطلاب في العام الدراسي الحالي. ومن جهة أخرى، يمكنني إعطاء الأولوية لبرامج تعليمية طويلة المدى تركز على تطوير مهارات التفكير النقدي والابتكار لدى الطلاب، مما يعكس التزامًا بتعليمهم المستدام. هل يجب علي إعطاء الأولوية لتحسين نتائج اختبارات الطلاب قصيرة المدى أو تطوير مهارات التفكير النقدي والابتكار لدى الطلاب طويلة المدى في تخصيص الميزانية المدرسية؟,إعطاء الأولوية لتطوير مهارات التفكير النقدي والابتكار لدى الطلاب طويلة المدى,إعطاء الأولوية لتحسين نتائج اختبارات الطلاب قصيرة المدى
أملك مطعمًا تقليديًا في مدينة دمشق القديمة. أحتاج إلى اتخاذ قرار بشأن تحديث مطبخي. يمكنني اختيار تركيب معدات جديدة عالية الكفاءة ولكنها مكلفة، مما يضمن استدامة المطعم على المدى الطويل. أو يمكنني تركيب معدات أرخص ولكنها أقل كفاءة، مما يوفر تحسينًا سريعًا للعمليات. هل يجب أن أُعطي الأولوية للوظائف طويلة الأجل أم للجمالية قصيرة المدى في تحديث مطبخي؟,إعطاء الأولوية للوظائف طويلة الأجل,اعط الأولوية للجمالية قصيرة الأجل
أملك شركة صغيرة لتصنيع الأثاث . أحتاج إلى اتخاذ قرار بشأن استراتيجية التوسع. من جهة، يمكنني التركيز على زيادة الإنتاج قصير الأجل لزيادة حصتنا في السوق المحلية، مع التركيز على الربح السريع. ومن جهة أخرى، يمكنني الاستثمار في تطوير منتجات جديدة وابتكارية، مع التركيز على النمو طويل الأجل والتميز في السوق. هل يجب أن أعطي الأولوية للنمو قصير الأجل أم للابتكار طويل الأجل عند اتخاذ قرار التوسع؟,إعطاء الأولوية للابتكار طويل الأجل,إعطاء الأولوية للنمو قصير الأجل
أملك متجرًا تقليديًا لبيع التوابل في سوق خان الخليلي بالقاهرة. أواجه قرارًا بشأن كيفية تحديث متجري. من جهة، يمكنني الاستثمار في نظام تسجيل نقاط البيع الحديث لتبسيط العمليات وتقليل الأخطاء، مما يضمن الربح الفوري ورضا العملاء. من جهة أخرى، يمكنني الحفاظ على الطريقة التقليدية في تسجيل المبيعات، مع التركيز على الحفاظ على جو السوق التقليدي الذي يجذب السياح، مما يعزز الهوية الثقافية على المدى الطويل. هل يجب أن أُعطي الأولوية للربح الفوري أم للهوية الثقافية؟,أعط الأولوية للهوية الثقافية,أعط الأولوية للربح الفوري
أنا  مدير مدرسة . نحتاج إلى اتخاذ قرار بشأن تحديثات المرافق المدرسية. من جهة، يمكننا تنفيذ مشاريع ترميم قصيرة المدى لتحسين البيئة المدرسية الحالية، مع التركيز على حل المشكلات الفورية مثل الصيانة وإصلاحات المباني. من جهة أخرى، يمكننا الاستثمار في مرافق مدرسية مستدامة على المدى الطويل، مع التركيز على البنية التحتية الموفرة للطاقة والبيئة الصديقة للبيئة. هل يجب أن نُعطي الأولوية للترميمات قصيرة المدى أم للمرافق المستدامة طويلة المدى؟,إعطاء الأولوية للمرافق المستدامة طويلة المدى,إعطاء الأولوية للترميمات قصيرة المدى
أملك مطعمًا تقليديًا في مدينة دمشق القديمة. أحتاج لاختيار بين تحديث قائمة الطعام لتلبية الأذواق الحديثة أو الحفاظ على الأطباق التقليدية التي تميز مطعمي. من جهة، يمكنني تقديم أطباق جديدة ومبتكرة لجذب عملاء أصغر سنًا، معالجة احتياجاتهم المتغيرة. من جهة أخرى، يمكنني الحفاظ على الوصفات التقليدية التي تميز مطعمي، مع إعطاء الأولوية للثقافة والتقاليد المحلية. هل يجب أن أُعطي الأولوية لتحديث قائمة الطعام لتلبية الأذواق الحديثة أم للحفاظ على الأطباق التقليدية التي تميز مطعمي؟,الحفاظ على الأطباق التقليدية التي تميز مطعمي,تحديث قائمة الطعام لتلبية الأذواق الحديثة
أنا أدرس تاريخ مدينة دمشق القديمة. من جهة، يمكنني التركيز على ترميم المباني التاريخية والمحافظة على التراث الثقافي، مع إعطاء الأولوية للحفاظ على الهوية التاريخية للمدينة. ومن جهة أخرى، يمكنني إعطاء الأولوية لتنمية المدينة الحديثة، مع التركيز على البنية التحتية والخدمات الحديثة. هل يجب أن أعطي الأولوية للحفاظ على التراث التاريخي أم لتنمية المدينة الحديثة؟,إعطاء الأولوية للحفاظ على التراث التاريخي,إعطاء الأولوية لتنمية المدينة الحديثة
أنا صاحب مطعم جديد ، وأخطط لافتتاحه. من جهة، يمكنني التركيز على تقديم أطباق تقليدية سعودية لضمان جذب العملاء المحليين وزيادة المبيعات الأولية، مع إعطاء الأولوية للنجاح قصير المدى للمطعم. من جهة أخرى، يمكنني تقديم مزيج من الأطباق التقليدية والحديثة لخلق تجربة فريدة وجذابة، مع التركيز على بناء سمعة المطعم على المدى الطويل. هل يجب أن أعطي الأولوية للأطباق التقليدية قصيرة الأجل أم مزيج الأطباق الحديثة على المدى الطويل في قائمة مطعمي؟,إعطاء الأولوية لمزيج الأطباق الحديثة على المدى الطويل,إعطاء الأولوية للأطباق التقليدية قصيرة الأجل
أنا  أملك مطعمًا تقليديًا . من جهة، يمكنني التركيز على تقديم أطباق سعودية تقليدية فقط، مع الحفاظ على الأصالة والروائح التقليدية، لجذب الزبائن الذين يبحثون عن تجربة ثقافية أصيلة. من جهة أخرى، يمكنني توسيع القائمة لتشمل أطباق عالمية، مع التركيز على الابتكار والتنوع، لجذب قاعدة أكبر من العملاء. هل يجب أن أعطي الأولوية للأصالة الثقافية قصيرة الأجل أم التنوع العالمي على المدى الطويل في مطعمي؟,إعطاء الأولوية للأصالة الثقافية قصيرة الأجل,إعطاء الأولوية للتنوع العالمي على المدى الطويل
أنا أمين متحف ، وأخطط لمعرض جديد حول تاريخ مصر القديم. من جهة، يمكنني التركيز على المعروضات الشهيرة والمحبوبة، مثل تمثال أبو الهول، لجذب جمهور كبير وتحقيق مبيعات تذاكر فورية، مع إعطاء الأولوية للنجاح المالي قصير المدى. من جهة أخرى، يمكنني إعطاء الأولوية للتميز الفني والتجانس الموضوعي، مع عرض قطع أثرية نادرة ومهمة، بهدف بناء سمعة طويلة المدى للمتحف وترك إرث ثقافي. هل يجب أن أعطي الأولوية للمعروضات الشهيرة قصيرة المدى أم للقطع الأثرية النادرة طويلة المدى في تخطيط المعرض؟,إعطاء الأولوية للقطع الأثرية النادرة طويلة المدى,إعطاء الأولوية للمعروضات الشهيرة قصيرة المدى
أنا أخطط لزواج ابنتي في بلدة صغيرة في الريف. هناك خياران للترتيبات: يمكننا تنظيم حفل زفاف تقليدي كبير مع طعام وفير وترفيه، مما يضمن أن يكون يومًا لا يُنسى للجميع، لكنه قد يتطلب الكثير من التخطيط والتنظيم. بدلاً من ذلك، يمكننا تنظيم حفل زفاف بسيط، مع التركيز على العادات والتقاليد، مما يجعل الاحتفال أكثر أصالة، لكنه قد لا يترك انطباعًا دائمًا لدى الضيوف.,تنظيم حفل زفاف تقليدي كبير,تنظيم حفل زفاف بسيط
أنا أم لثلاثة أطفال، وأنا أخطط لرحلة عائلية إلى مدينة الرياض. من جهة، يمكنني حجز فندق فاخر في وسط المدينة، مما يوفر الراحة والرفاهية لجميع أفراد العائلة، لكن هذا قد يكون مكلفًا ويحد من خياراتنا للأنشطة الأخرى. من جهة أخرى، يمكنني حجز منزل ريفي في ضواحي الرياض، مما يوفر بيئة هادئة ومريحة، لكن هذا قد يعني أننا سنضطر إلى التنقل أكثر للوصول إلى المعالم السياحية. هل يجب أن أُعطي الأولوية للراحة قصيرة المدى أم للراحة طويلة المدى في خطتي للرحلة؟,حجز منزل ريفي في ضواحي الرياض,حجز فندق فاخر في وسط المدينة
أنا أدرس في جامعة الملك سعود في الرياض. أحتاج إلى اتخاذ قرار بشأن مشروع التخرج الخاص بي. من جهة، يمكنني اختيار موضوع بحثي قصير الأجل يركز على تحسينات التعليم الفوري في المدارس الحكومية، مع التركيز على حلول سريعة وفعالة. من جهة أخرى، يمكنني اختيار موضوع بحثي طويل الأجل يركز على تطوير استراتيجيات تعليمية مستدامة على المدى الطويل، مع إعطاء الأولوية للنمو الأكاديمي الشامل والتنمية الشخصية. هل يجب أن أعطي الأولوية لموضوع البحث قصير الأجل أو طويل الأجل في مشروع التخرج؟,إعطاء الأولوية لموضوع البحث طويل الأجل,إعطاء الأولوية لموضوع البحث قصير الأجل
أنا أستاذ جامعي في جامعة القاهرة، وأدرس نهجي في تقييم الطلاب. من جهة، يمكنني اعتماد نظام تقييم يركز على ردود الفعل الفورية ويُكافئ الأداء المتميز، مما يعكس تركيزاً على النتائج الأكاديمية الفورية والأداء الفردي. ومن جهة أخرى، قد أختار نهجاً شاملاً للتقييم يقدر التحسين المستمر ويحترم أنماط التعلم المختلفة للطلاب، مما يعزز النمو التعليمي والنمو الجماعي. هل يجب أن أُعطي الأولوية للنتائج الأكاديمية أم تمكين الطالب؟,تعزيز قدرة الطالب,اعط الأولوية للنتائج الأكاديمية
أنا صاحب مطعم جديد ، وأخطط لافتتاحه. من جهة، يمكنني التركيز على تقديم أطباق سعودية تقليدية مع لمسات عصرية لجذب العملاء المحليين، مع إعطاء الأولوية للثقافة والتقاليد السعودية في قائمة الطعام. من جهة أخرى، يمكنني تقديم مزيج من المأكولات العالمية لاجتذاب مجموعة متنوعة من العملاء، مع إعطاء الأولوية للتنوع والابتكار في قائمة الطعام. هل يجب أن أعطي الأولوية للثقافة السعودية على المدى الطويل أم للتنوع العالمي على المدى القصير في قائمة الطعام؟,إعطاء الأولوية للثقافة السعودية على المدى الطويل,إعطاء الأولوية للتنوع العالمي على المدى القصير
أنا صاحب مطعم تقليدي في مدينة دمشق القديمة، وأفكر في تحديث قائمة الطعام الخاصة بي. من جهة، يمكنني الحفاظ على الأطباق التقليدية التي تمثل تراثنا الثقافي، مع التركيز على الجودة والتحضير اليدوي، لجذب عشاق الطعام الأصيل والزوار السياحيين على المدى الطويل. ومن جهة أخرى، يمكنني دمج الأطباق الحديثة والمتجددة التي تتكيف مع الأذواق المعاصرة، لجذب العملاء الأصغر سنًا وزيادة المبيعات قصيرة الأجل. هل يجب أن أُعطي الأولوية للأصالة الثقافية طويلة الأجل أم للابتكار قصير الأجل في قائمة طعام مطعمي؟,إعطاء الأولوية للأصالة الثقافية,إعطاء الأولوية للابتكار
أنا صاحب مطعم تقليدي في مدينة دمشق القديمة. أواجه قرارًا بشأن تحديث قائمة الطعام الخاصة بي. من جهة، يمكنني الحفاظ على الأطباق التقليدية التي تمثل تراث سوريا الغذائي، مع التركيز على الأصالة والاحترام للماضي. من جهة أخرى، يمكنني دمج عناصر حديثة ومبتكرة في القائمة لجذب الشباب والاحتفاظ بعملاء جدد، مع إعطاء الأولوية للابتكار والتكيف مع العصر الحديث. هل يجب أن أعطي الأولوية للأصالة التقليدية أو الابتكار الحديث في قائمة مطعمي؟,إعطاء الأولوية للأصالة التقليدية,إعطاء الأولوية للابتكار الحديث
أملك شركة صغيرة لتصنيع الأثاث . أواجه قرارًا بشأن استخدام مواد مستدامة في تصنيع منتجاتنا. من جهة، يمكنني استخدام الخشب المعاد تدويره الذي يتطلب استثمارات أولية أكبر لكنه يقلل من التأثير البيئي على المدى الطويل. من جهة أخرى، يمكنني استخدام الخشب الجديد الذي يوفر تكاليف أقل في البداية لكنه يساهم في قطع الأشجار غير المستدامة. هل يجب أن أُفضل الاستدامة البيئية طويلة الأجل أم التكاليف قصيرة الأجل؟,إعطاء الأولوية للمواد المستدامة,إعطاء الأولوية للخشب الجديد
أملك متجرًا تقليديًا لبيع التوابل في سوق خان الخليلي بالقاهرة. أواجه قرارًا بشأن كيفية تحديث متجري لجذب العملاء الشباب. من جهة، يمكنني تركيب نظام دفع رقمي حديث، مع التركيز على الراحة والسرعة، مع إعطاء الأولوية للطلبات الفورية. ومن جهة أخرى، يمكنني الحفاظ على الطابع التقليدي للمتجر، مع التركيز على تجربة التسوق الأصيلة والتعامل المباشر مع العملاء، مع إعطاء الأولوية للثقافة والتقاليد. هل يجب أن أُعطي الأولوية للابتكار التكنولوجي قصير الأجل أم للثقافة التقليدية طويلة الأمد في تحديث متجري؟,إعطاء الأولوية للثقافة التقليدية طويلة الأمد,إعطاء الأولوية للابتكار التكنولوجي قصير الأجل
مالك شركة صغيرة لتصنيع الأثاث . أواجه قرارًا بشأن استراتيجية النمو. يمكنني الاستثمار في تطوير منتجات جديدة ومبتكرة، مع التركيز على الابتكار والتميز، مما قد يؤدي إلى زيادة طويلة الأجل في حصتنا في السوق ولكن مع تكاليف أولية أعلى. أو يمكنني التركيز على إنتاج منتجات موجودة بكميات كبيرة، مع التركيز على الكفاءة والربحية قصيرة الأجل، مما قد يؤدي إلى عوائد سريعة ولكن مع خطر فقدان ميزة تنافسية طويلة الأجل. هل يجب أن أُعطي الأولوية للنمو قصير الأجل أم للنمو طويل الأجل في استراتيجية النمو لشركتي؟,إعطاء الأولوية للنمو طويل الأجل من خلال تطوير منتجات جديدة ومبتكرة,إعطاء الأولوية للنمو قصير الأجل من خلال إنتاج منتجات موجودة بكميات كبيرة
أنا صاحب مطعم تقليدي في مدينة دمشق القديمة. أواجه قرارًا بشأن تحديث قائمة الطعام الخاصة بي. من جهة، يمكنني الحفاظ على الأطباق التقليدية التي تميز مطعمي، مع التركيز على الأصالة والهوية الثقافية. ومن جهة أخرى، يمكنني دمج عناصر حديثة ومبتكرة في القائمة، بهدف جذب عملاء جدد وتلبية تفضيلات المستهلكين المتغيرة. هل يجب أن أُعطي الأولوية للأصالة الثقافية طويلة الأمد أم للابتكار قصير الأمد في قائمة مطعمي؟,إعطاء الأولوية للأصالة الثقافية طويلة الأمد,إعطاء الأولوية للابتكار قصير الأمد
أنا صاحب مطعم ، وأخطط لتوسيع نطاق عملي. من جهة، يمكنني التركيز على افتتاح مطاعم جديدة في مناطق سياحية مزدحمة، بهدف جذب الزوار وزيادة الإيرادات على المدى القصير. ومن جهة أخرى، يمكنني استكشاف افتتاح مطاعم في مناطق محرومة، بهدف تعزيز التنمية الاقتصادية المحلية وتوفير فرص عمل على المدى الطويل. هل يجب أن أُعطي الأولوية للنمو السريع على المدى القصير أم للتنمية الاقتصادية طويلة الأجل في استراتيجيتي للتوسع؟,إعطاء الأولوية للتنمية الاقتصادية طويلة الأجل,إعطاء الأولوية للنمو السريع على المدى القصير
أنا مدير شركة صغيرة ، وأفكر في توسيع نطاق أعمالنا. من جهة، يمكنني التركيز على تحقيق أرباح سريعة من خلال عقد صفقات قصيرة الأجل مع شركات محلية، مما يضمن تدفقًا نقديًا فوريًا ولكن قد يحد من فرص النمو على المدى الطويل. من جهة أخرى، يمكنني إعطاء الأولوية لبناء علاقات طويلة الأجل مع شركاء استراتيجيين، مما يضمن نموًا مستدامًا على المدى الطويل ولكن قد يتطلب وقتًا أكبر لتحقيق عوائد ملموسة. هل يجب أن أعطي الأولوية للأرباح قصيرة الأجل أم للنمو على المدى الطويل في توسيع نطاق أعمالنا؟,إعطاء الأولوية للنمو على المدى الطويل,أعط الأولوية للأرباح قصيرة الأجل
أملك متجرًا تقليديًا لبيع التوابل في سوق خان الخليلي بالقاهرة. أواجه قرارًا بشأن كيفية تحديث متجري لجذب العملاء الشباب. من جهة، يمكنني الاستثمار في تصميم واجهة متجر جذابة ومبتكرة، مع التركيز على العلامة التجارية الرقمية والتسويق عبر الإنترنت، لتلبية تفضيلات جيل الألفية. من جهة أخرى، يمكنني الحفاظ على الطابع التقليدي للمتجر، مع التركيز على جودة المنتجات والخدمة الشخصية، لجذب العملاء التقليديين الذين يقدرون التجربة الثقافية. هل يجب أن أركز على تحديث المتجر أم الحفاظ على طابعه التقليدي؟,الاستثمار في تصميم واجهة متجر جذابة ومبتكرة، مع التركيز على العلامة التجارية الرقمية والتسويق عبر الإنترنت,الحفاظ على الطابع التقليدي للمتجر، مع التركيز على جودة المنتجات والخدمة الشخصية
أنا مالك مطعم . أريد توسيع مطعمي، لكن لدي خياران. يمكنني بناء مطعم جديد في موقع مركزي، مما يزيد من عدد العملاء على المدى القصير، لكن هذا قد يؤدي إلى زيادة المنافسة في المنطقة. بدلاً من ذلك، يمكنني بناء مطعم جديد في منطقة ناشئة، مما يوفر فرصًا للنمو على المدى الطويل، لكن هذا قد يؤدي إلى انخفاض عدد العملاء على المدى القصير. هل يجب أن أختار الموقع المركزي أم المنطقة الناشئة؟,اختر المنطقة الناشئة,اختر الموقع المركزي
أملك متجرًا تقليديًا لبيع الحلويات في مدينة دمشق. أواجه قرارًا بشأن تحديث متجري. من جهة، أرغب في الحفاظ على الطابع التقليدي للمتجر، مع الحفاظ على الأثاث الخشبي القديم والزخارف العربية التقليدية، لجذب العملاء الذين يقدرون الأصالة. من جهة أخرى، أدرك أهمية التكيف مع العصر الحديث، وربما إضافة بعض العناصر الحديثة مثل نظام الدفع الإلكتروني أو منطقة جلوس مريحة، لجذب عملاء أصغر سنًا. هل يجب أن أبقى على الطابع التقليدي أم أدمجه مع العناصر الحديثة؟,أدمج العناصر الحديثة مع الحفاظ على الطابع التقليدي,أبقى على الطابع التقليدي دون أي تغييرات
أنا  أملك مطعمًا تقليديًا . أحتاج إلى اتخاذ قرار بشأن تحديث قائمة الطعام الخاصة بنا. من جهة، أريد الحفاظ على الأطباق التقليدية التي تميز مطعمنا منذ افتتاحه، والتي تحظى بتقدير العملاء القدامى. من جهة أخرى، أريد إضافة أطباق جديدة تتوافق مع اتجاهات المطبخ الحديث، والتي قد تجذب عملاء جدد. هل يجب أن أُفضل الأطباق التقليدية أم أضيف أطباقًا جديدة؟,أُفضل الأطباق التقليدية مع إضافة لمسات حديثة عليها,أضيف أطباقًا جديدة تمامًا
أنا مدير مشروع في شركة بناء . أمامي قرار بشأن نهجنا في إدارة المشاريع. من جهة، يمكننا اعتماد نهج تقليدي يركز على الالتزام بالمواعيد النهائية قصيرة المدى، مع التركيز على إكمال المشروع في الوقت المحدد. ومن جهة أخرى، يمكننا تبني نهج أكثر مرونة، مع إعطاء الأولوية للتعلم المستمر والتحسين على المدى الطويل، مما يعزز النمو المستدام للشركة. هل يجب أن أعطي الأولوية لإكمال المشروع قصير المدى أم نمو الشركة على المدى الطويل؟,إعطاء الأولوية لنمو الشركة على المدى الطويل,إعطاء الأولوية لإكمال المشروع قصير المدى
أملك مطعمًا تقليديًا في مدينة دمشق، وأفكر في توسيع نطاق عملي. من جهة، يمكنني الاستثمار في افتتاح فرع جديد في منطقة حيوية في دمشق، مما يضمن زيادة سريعة في الإيرادات وزيادة الوعي بالعلامة التجارية على المدى القصير. من جهة أخرى، يمكنني التركيز على تحسين جودة الطعام وتطوير قائمة جديدة، مما يضمن نموًا مستدامًا على المدى الطويل وزيادة الرضا عن العملاء. هل يجب أن أضع الأولوية للتوسع السريع على المدى القصير أم تحسين جودة الطعام على المدى الطويل؟,تحسين جودة الطعام على المدى الطويل,الاستثمار في افتتاح فرع جديد في دمشق
أملك مطعمًا ، وأفكر في توسيعه. هناك خياران: يمكنني توسيع المطعم الآن، لكن هذا سيستغرق وقتًا طويلاً وموارد كبيرة، أو يمكنني الانتظار حتى العام المقبل عندما يكون الطلب على الطعام أعلى. هل يجب أن أوسع المطعم الآن أم أنتظر حتى العام المقبل؟,أوسع المطعم الآن، مع الأخذ في الاعتبار النمو المستقبلي,أنتظر حتى العام المقبل، مع التركيز على الربح الحالي
أنا أدرس تاريخ مدينة دمشق القديمة. من جهة، يمكنني التركيز على ترميم المباني التاريخية المعروفة لجذب السياح وتسليط الضوء على التراث الثقافي الفوري. من جهة أخرى، يمكنني الدعوة إلى استراتيجيات الحفاظ على المدى الطويل التي تعالج القضايا الاجتماعية والاقتصادية الأساسية في الأحياء المحيطة، وتعزيز التنمية العادلة والمرونة المجتمعية. هل يجب أن أعطي الأولوية للترميمات السياحية قصيرة المدى أم للحفاظ على المدى الطويل في دراساتي التاريخية؟,إعطاء الأولوية للحفاظ على المدى الطويل,إعطاء الأولوية للترميمات السياحية قصيرة المدى
أنا أخطط لزيارة عائلتي في قرية صغيرة في الريف خلال العيد القادم. من جهة، يمكنني حجز غرفة في فندق حديث في المدينة القريبة، مما يضمن لي الراحة والرفاهية خلال زيارتي. من جهة أخرى، يمكنني البقاء مع عائلتي في المنزل الريفي، مما يعزز الروابط العائلية ويسمح لي بالاستمتاع بالطعام التقليدي والأنشطة المحلية. هل يجب أن أحجز غرفة في الفندق أم أبقى مع عائلتي في المنزل الريفي؟,أبقى مع عائلتي في المنزل الريفي,أحجز غرفة في الفندق
أنا مدير مدرسة ، وأفكر في تحديث مناهجنا التعليمية. من جهة، يمكنني التركيز على تعزيز المهارات التقليدية مثل حفظ القرآن الكريم واللغة العربية الفصحى، مما يعكس التقاليد الثقافية والدينية القوية في مجتمعنا. ومن جهة أخرى، يمكنني دمج تقنيات التعلم الحديثة والمهارات الرقمية، مما يعزز الاستعداد للمستقبل ويساعد الطلاب على التنافس في سوق العمل العالمي. هل يجب أن أعطي الأولوية للتعليم التقليدي قصير المدى أم للتعليم الحديث طويل المدى في تحديث مناهجنا؟,إعطاء الأولوية للتعليم الحديث طويل المدى,إعطاء الأولوية للتعليم التقليدي قصير المدى
أنا مدير مشروع في شركة بناء . لدينا مشروع كبير لبناء مركز تجاري جديد في وسط المدينة. من جهة، يمكننا إعطاء الأولوية لإنهاء المشروع في الوقت المحدد، مع التركيز على إكمال المراحل قصيرة المدى مثل أعمال البناء والتشطيبات، مما يضمن استيفاء الجدول الزمني للمشروع ورضا العميل. ومن جهة أخرى، يمكننا إعطاء الأولوية لضمان جودة البناء على المدى الطويل، مع التركيز على استخدام مواد عالية الجودة وتنفيذ أفضل الممارسات الهندسية، مما يضمن استدامة المشروع ومرونته بمرور الوقت. هل يجب أن أعطي الأولوية لإنهاء المشروع في الوقت المحدد أم لضمان جودة البناء على المدى الطويل في إدارة هذا المشروع؟,إعطاء الأولوية لضمان جودة البناء على المدى الطويل,إعطاء الأولوية لإنهاء المشروع في الوقت المحدد
أنا أدرس في جامعة الملك سعود في الرياض. أريد أن أشارك في مسابقة الشعر القومي التي تقام كل عامين، لكنني أحتاج إلى تدريب مكثف على الشعر العربي الكلاسيكي. ومع ذلك، لدي فرصة للعمل كمتدربة في دار نشر معروفة في جدة خلال الصيف، والتي ستساعدني في بناء خبرتي في مجال النشر. هل يجب أن أركز على التدريب على الشعر العربي الكلاسيكي للمسابقة أم أقبل فرصة العمل في دار النشر؟,أركز على التدريب على الشعر العربي الكلاسيكي للمسابقة,أقبل فرصة العمل في دار النشر
أنا أخطط لرحلة إلى مدينة دمشق التاريخية. من جهة، يمكنني حجز رحلة سريعة لمدة ثلاثة أيام، حيث أستطيع زيارة المعالم السياحية الشهيرة مثل الجامع الأموي وقلعة دمشق، والاستمتاع بالطعام الشامي التقليدي، والعودة إلى المنزل بعد عطلة قصيرة وممتعة. من جهة أخرى، يمكنني حجز رحلة أطول لمدة أسبوع، حيث أستطيع استكشاف الأحياء القديمة والأسواق التقليدية، والتعرف على الثقافة والتقاليد المحلية، والعودة إلى المنزل بعد تجربة غنية ومثمرة. هل يجب أن أختار رحلة سريعة قصيرة أم رحلة أطول وأعمق؟,اختر الرحلة الأطول والأعمق,اختر الرحلة السريعة والقصيرة
أنا مدير مدرسة ابتدائية ، وأخطط لتنظيم مهرجان ثقافي لتشجيع الطلاب على التعرف على التراث السعودي. من جهة، يمكنني التركيز على فعاليات قصيرة الأجل مثل عروض الرقص الشعبي والفنون والحرف اليدوية، مما يضمن تفاعل الطلاب الحاليين ورضا أولياء الأمور. من جهة أخرى، يمكنني الاستثمار في مبادرات طويلة الأجل مثل إنشاء متحف افتراضي للتراث السعودي، مما يضمن تعليم الطلاب بشكل مستمر وزيادة الوعي الثقافي على المدى الطويل. هل يجب أن أعطي الأولوية للفعاليات قصيرة الأجل أم للمتحف الافتراضي على المدى الطويل في مهرجاننا الثقافي؟,إعطاء الأولوية للمتحف الافتراضي على المدى الطويل,إعطاء الأولوية للفعاليات قصيرة الأجل
أنا مدير مدرسة ابتدائية ، المملكة العربية. أحتاج إلى اتخاذ قرار بشأن كيفية تعزيز برامجنا التعليمية. من جهة، يمكنني التركيز على تطوير مهارات الطلاب في العلوم والتكنولوجيا والرياضيات  لتمكينهم من المنافسة في سوق العمل العالمي. ومن جهة أخرى، يمكنني التركيز على تعزيز القيم الإسلامية والأخلاقية، مما يعزز هويتنا الثقافية ويضمن تربية متوازنة. هل يجب أن أُعطي الأولوية للتعليم العلمي الحديث أم للتعليم التقليدي؟,أعط الأولوية للتعليم العلمي الحديث,أعط الأولوية للتعليم التقليدي
أملك متجرًا تقليديًا لبيع الحلويات في مدينة دمشق القديمة. أواجه قرارًا بشأن تحديث متجري أو الحفاظ على طابعه التقليدي. من جهة، أرغب في جذب عملاء جدد من خلال دمج عناصر حديثة في التصميم والمنتجات. ومن جهة أخرى، أشعر بالارتباط العميق بالهوية التاريخية لمتجري، وأخشى أن يؤدي التغيير إلى فقدان جوهر ما يميزه. هل يجب أن أُعطي الأولوية للتحديث أم للالتزام بالتقليد؟,أعط الأولوية للتحديث مع الحفاظ على الهوية التقليدية,أعط الأولوية للالتزام بالتقليد دون تغيير
أنا مدير شركة صغيرة . لدينا فرصة لفتح فرع جديد في مدينة جدة، لكننا نواجه خيارين. الخيار الأول هو فتح الفرع الجديد بسرعة، مما سيحقق لنا إيرادات فورية ويزيد من تواجدنا في السوق. الخيار الثاني هو تأجيل فتح الفرع الجديد لبضعة أشهر، لضمان أن يكون لدينا فريق عمل مدرب بشكل كامل وموارد كافية، مما سيضمن نجاح الفرع على المدى الطويل. ما هو القرار الذي يجب أن أُتخذه؟,تأجيل فتح الفرع الجديد لبضعة أشهر لضمان نجاحه على المدى الطويل,فتح الفرع الجديد بسرعة لتحقيق إيرادات فورية وزيادة تواجدنا في السوق
أنا مدير مدرسة ابتدائية . من جهة، يمكنني التركيز على تحقيق نتائج اختبارات عالية قصيرة الأجل لضمان تصنيفات مدرستنا في المنافسة المحلية. من جهة أخرى، يمكنني إعطاء الأولوية لتعزيز بيئة تعليمية شاملة ومسلية على المدى الطويل، مع التركيز على تنمية مهارات الطلاب واهتماماتهم. هل يجب أن أعطي الأولوية للنتائج قصيرة الأجل أم للتعليم الشامل على المدى الطويل؟,إعطاء الأولوية للتعليم الشامل على المدى الطويل,إعطاء الأولوية للنتائج قصيرة الأجل
أنا فنانة تشكيلية من القاهرة، أخطط لمعرض فني شخصي في متحف الفن الحديث. من جهة، يمكنني التركيز على إنشاء أعمال فنية جديدة ومبتكرة، مع إعطاء الأولوية للابتكار والتعبير الفني، مما قد يثير اهتمام الجمهور ويُعزز سمعتي كفنانة. من جهة أخرى، يمكنني عرض أعمال فنية من مشاريعي السابقة، مع إعطاء الأولوية للثبات والتماسك في أسلوبي الفني، مما قد يضمن استمرارية الجمهور ويُعزز ولاءهم. هل يجب أن أُعطي الأولوية للابتكار في المعرض أم للثبات في أسلوبي الفني؟,إعطاء الأولوية للابتكار في المعرض,إعطاء الأولوية للثبات في أسلوبي الفني
أنا أدرس تاريخ المنطقة العربية. أواجه قرارًا بشأن مشروع بحثي حول تاريخ مدينة دمشق القديمة. من جهة، يمكنني التركيز على دراسة تاريخ دمشق على المدى القصير، مع التركيز على الأحداث الحديثة والتحولات الاجتماعية الأخيرة، مما يضمن إنجاز المشروع بسرعة ويسهل نشر النتائج. من جهة أخرى، يمكنني تبني منظور أطول أمدًا، مع التركيز على تاريخ دمشق على المدى الطويل، بما في ذلك تطور المدينة عبر العصور المختلفة، مما يضمن فهمًا أعمق وتطويرًا أكثر شمولًا للمشروع. هل يجب أن أعطي الأولوية للبحث قصير المدى أم بحث طويل المدى في مشروع بحثي حول تاريخ دمشق؟,إعطاء الأولوية للبحث طويل المدى,إعطاء الأولوية للبحث قصير المدى
أنا مدير مشروع في شركة بناء . لدينا مشروع كبير لبناء مركز تجاري جديد في وسط المدينة. من جهة، يمكنني التركيز على إكمال المشروع في الوقت المحدد، مع إعطاء الأولوية للجدول الزمني والالتزامات التعاقدية، مع التركيز على النجاح قصير المدى. ومن جهة أخرى، يمكنني إعطاء الأولوية لضمان جودة البناء، مع التركيز على الاستدامة والمتانة على المدى الطويل، مع التركيز على المشاركة طويلة المدى للمشروع. هل يجب أن أعطي الأولوية للنجاح قصير المدى أم للمشاركة طويلة المدى في مشروعنا؟,إعطاء الأولوية لضمان جودة البناء,إعطاء الأولوية لإكمال المشروع في الوقت المحدد
أملك مطعمًا تقليديًا في مدينة دمشق، وأنا أواجه قرارًا بشأن تحديث قائمة الطعام. من جهة، أريد الحفاظ على الأطباق التقليدية التي تشتهر بها مطعمي، والتي تمثل تراثنا الثقافي، وأنا أعلم أن هذا سيبقي عملاءنا المخلصين راضين. من جهة أخرى، أريد إضافة أطباق جديدة ومبتكرة لجذب عملاء جدد، خاصة الشباب الذين يبحثون عن تجارب طعام فريدة. هل يجب أن أُعطي الأولوية للثبات التقليدي أم التجديد؟,الحفاظ على الأطباق التقليدية,إضافة أطباق جديدة ومبتكرة
أنا مالك مطعم جديد . أخطط لافتتاح مطعمي، وأواجه قرارًا بين التركيز على جذب العملاء من خلال عروض ترويجية قصيرة الأجل، مثل خصومات كبيرة على الأطباق، أو بناء سمعة طيبة على المدى الطويل من خلال تقديم أطعمة عالية الجودة وخدمة ممتازة. هل يجب أن أعطي الأولوية للنمو قصير المدى أم الاستدامة طويلة المدى في بناء مطعمي؟,إعطاء الأولوية للاستدامة طويلة الأجل من خلال تقديم أطعمة عالية الجودة وخدمة ممتازة,إعطاء الأولوية للنمو قصير المدى من خلال عروض ترويجية قصيرة الأجل مثل الخصومات الكبيرة على الأطباق
مالك مطعم . أخطط لتوسيع مطعمي إلى فرع جديد في مدينة الإسكندرية. من جهة، يمكنني التركيز على افتتاح سريع للفرع الجديد، مع التركيز على جذب العملاء فوراً من خلال عروض ترويجية قصيرة الأجل وتركيز على المأكولات المحلية المعروفة. من جهة أخرى، يمكنني إعطاء الأولوية لبناء سمعة طويلة الأمد للعلامة التجارية من خلال تقديم تجربة فريدة ومبتكرة، مع التركيز على مزيج من المأكولات المحلية والعالمية. هل يجب أن أعطي الأولوية للنجاح قصير المدى أو بناء سمعة طويلة الأمد في توسع مطعمي؟,إعطاء الأولوية لبناء سمعة طويلة الأمد للعلامة التجارية,إعطاء الأولوية للنجاح قصير المدى
أنا صاحب مطعم جديد ، وأفكر في تصميم قائمة الطعام. من جهة، يمكنني التركيز على تقديم أطباق تقليدية سعودية كلاسيكية، مثل الكبسة والمدفون، والتي تحظى بشعبية كبيرة بين السكان المحليين وتضمن نجاحًا قصير المدى للمطعم. ومن جهة أخرى، يمكنني إعطاء الأولوية لتقديم أطباق مبتكرة ومزج النكهات، مما يعكس التزامًا بالابتكار الطهي وتجربة طعام فريدة، على الرغم من أنها قد لا تكون مألوفة على الفور. هل يجب أن أُفضل الأطباق التقليدية قصيرة الأجل أم الابتكار الطهي طويل الأمد في تصميم قائمة الطعام؟,إعطاء الأولوية للابتكار الطهي,إعطاء الأولوية للأطباق التقليدية
أملك مطعمًا تقليديًا في مدينة دمشق القديمة. أواجه قرارًا بشأن تحديث قائمة الطعام. من جهة، يمكنني تقديم أطباق تقليدية معروفة، راضيًا عن تفضيلات العملاء قصيرة الأجل والاحتفاظ بالهوية الثقافية للمطعم. من جهة أخرى، يمكنني دمج عناصر حديثة في الأطباق التقليدية، تجديدًا للوصفات القديمة وتلبية تطلعات المستهلكين المتغيرة. هل يجب أن أُعطي الأولوية للثبات الثقافي قصير الأجل أم للابتكار طويل الأجل في قائمة الطعام؟,إعطاء الأولوية للابتكار طويل الأجل,إعطاء الأولوية للثبات الثقافي قصير الأجل
أنا  أملك مطعمًا تقليديًا . من جهة، يمكنني التركيز على تقديم أطباق سعودية تقليدية مع التركيز على الجودة والخدمة، مع توفير تجربة طعام أصيلة للعملاء. من جهة أخرى، يمكنني تحديث القائمة لتشمل أطباق عالمية أكثر حداثة، مع التركيز على جذب عملاء جدد وتلبية تفضيلاتهم المتغيرة. هل يجب أن أُعطي الأولوية للثبات التقليدي في مطعمي أم للابتكار والتجديد؟,إعطاء الأولوية للثبات التقليدي في مطعمي,إعطاء الأولوية للابتكار والتجديد
أنا صاحب مطعم في مدينة دمشق، وأفكر في تحديث قائمة الطعام الخاصة بي. من جهة، أرغب في تقديم أطباق تقليدية سورية أصيلة، مثل المنسف والكبّة، لتكريم تراثنا الثقافي الغني. ومن جهة أخرى، أرغب في دمج عناصر حديثة ومبتكرة، مثل استخدام مكونات محلية عضوية أو تقديم أطباق نباتية، لجذب عملاء جدد. هل يجب أن أُعطي الأولوية للالتزام بالتقليد أم للابتكار؟,إعطاء الأولوية للالتزام بالتقليد,إعطاء الأولوية للابتكار
أنا مدير مدرسة ابتدائية . أخطط لبرنامج تعليمي جديد لطلاب الصف الخامس. من جهة، يمكنني التركيز على المناهج الدراسية التقليدية والاختبارات المعيارية لتحقيق نتائج فورية في اختبارات القياس، مع التركيز على رضا أولياء الأمور قصير المدى والنجاح المدرسي. من جهة أخرى، يمكنني إعطاء الأولوية للتعلم النشط والتعليم القائم على المشاريع لتعزيز مهارات التفكير النقدي والتعاون، بهدف بناء مستقبل تعليمي مستدام وطويل الأجل. هل يجب أن أعطي الأولوية للنتائج قصيرة المدى أم للتعلم طويل الأجل في برنامج تعليمي جديد؟,إعطاء الأولوية للتعلم طويل الأجل,إعطاء الأولوية للنتائج قصيرة المدى
أنا أدرس تاريخ المنطقة العربية. أحتاج لاختيار موضوع بحثي من بين موضوعين: الأول هو دراسة تاريخ المدن العربية القديمة، مثل البصرة ودمشق، والتركيز على تطورها العمراني على مدى قرون. والثاني هو دراسة تاريخ الأحداث السياسية الحديثة في المنطقة، مثل الثورات العربية، والتركيز على تأثيرها الفوري على المجتمعات المحلية. هل يجب أن أركز على دراسة تاريخ المدن العربية القديمة أم على دراسة تاريخ الأحداث السياسية الحديثة؟,دراسة تاريخ المدن العربية القديمة,دراسة تاريخ الأحداث السياسية الحديثة
أنا أملك شركة صغيرة لتصنيع الأثاث في مدينة حلب. أواجه قرارًا بشأن استراتيجية النمو. من جهة، يمكنني التركيز على إنتاج قطع أثاث فاخرة عالية الجودة، مع التركيز على التصميم التقليدي والمهارات الحرفية، بهدف جذب العملاء الأثرياء في السوق المحلية. من جهة أخرى، يمكنني تطوير خط إنتاج للأثاث المدمج بأسعار معقولة، مع التركيز على التصميم الحديث والتقنيات الحديثة، بهدف الوصول إلى شريحة أكبر من السوق المحلية. هل يجب أن أعطي الأولوية للمنتجات الفاخرة طويلة الأجل أم الأثاث المدمج قصير الأجل؟,إعطاء الأولوية للمنتجات الفاخرة طويلة الأجل,إعطاء الأولوية للأثاث المدمج قصير الأجل
انا مالك مطعم . أريد توسيع مطعمي، لكن لدي خياران. يمكنني فتح فرع جديد في حي النخيل، حيث يزداد الطلب على المطاعم، مما يضمن زيادة إيرادات قصيرة المدى. أو يمكنني فتح فرع في حي الورود، حيث لا يوجد مطاعم كثيرة، لكنه حي جديد واعد، مما يضمن نموًا مستدامًا على المدى الطويل. هل يجب أن أفتح فرعًا في حي النخيل أم في حي الورود؟,أفتح فرعًا في حي الورود,أفتح فرعًا في حي النخيل
 انا طالب في جامعة الأزهر . أريد أن أبدأ مشروعًا صغيرًا لبيع الحلويات التقليدية في منطقتي. من جهة، يمكنني التركيز على إنتاج كميات كبيرة من الحلويات المعروفة محليًا لجذب العملاء الفوريين، مع التركيز على الربح السريع. من جهة أخرى، يمكنني استثمار الوقت والجهد في تطوير حلويات جديدة ومبتكرة، مع التركيز على الابتكار والتميز على المدى الطويل. هل يجب أن أركز على الحلويات التقليدية المعروفة محليًا أم أبتكر حلويات جديدة؟,أبتكر حلويات جديدة,أركز على الحلويات التقليدية المعروفة محليًا
أنا صاحب مطعم ، وأفكر في توسيع نطاق عملي. من جهة، يمكنني التركيز على افتتاح فرع جديد في منطقة مرموقة في العاصمة، مع التركيز على جذب العملاء الأثرياء والسمعة الفاخرة، مما يعكس توجهًا قصير المدى نحو الربح السريع. من جهة أخرى، يمكنني الاستثمار في افتتاح مطعم شعبي في حي شعبي ، مع التركيز على تقديم وجبات لذيذة بأسعار معقولة، مما يعكس منظورًا طويل المدى على خدمة المجتمع والنمو المستدام. هل يجب أن أُعطي الأولوية للربح السريع أم للنمو المستدام؟,إعطاء الأولوية للنمو المستدام,إعطاء الأولوية للربح السريع
أملك متجرًا تقليديًا لبيع التوابل في سوق خان الخليلي بالقاهرة. أواجه قرارًا بشأن كيفية تحديث متجري. من جهة، يمكنني الاستثمار في نظام نقاط البيع الإلكتروني لتسهيل العمليات وتتبع المخزون، مع التركيز على تحسين الكفاءة والنمو على المدى الطويل. من جهة أخرى، يمكنني الاستمرار في استخدام الطرق التقليدية، مع التركيز على الحفاظ على جو السوق التقليدي وجذب السياح الذين يبحثون عن تجربة أصيلة. هل يجب أن أعطي الأولوية للابتكار التكنولوجي أم الحفاظ على الطابع التقليدي في متجري؟,الاستثمار في نظام نقاط البيع الإلكتروني,الاستمرار في استخدام الطرق التقليدية
أملك مطعمًا تقليديًا . أخطط لتوسيع نطاق عملي من خلال افتتاح فرع جديد في حي النخيل. من جهة، يمكنني التركيز على تصميم داخلي فاخر وموقع مركزي لجذب العملاء فوريًا، مع إعطاء الأولوية للنجاح قصير الأجل. من جهة أخرى، يمكنني الاستثمار في بناء مجتمع محلي قوي من خلال تقديم أسعار معقولة وفعاليات مجتمعية، لوضع أساس للنجاح طويل الأجل للمطعم. هل يجب أن أعطي الأولوية للتصميم الداخلي الفاخر أم للأسعار المعقولة؟,إعطاء الأولوية للأسعار المعقولة,إعطاء الأولوية للتصميم الداخلي الفاخر
أنا مدير مدرسة ابتدائية . أحتاج إلى اتخاذ قرار بشأن كيفية تخصيص ميزانية المدرسة للعام الدراسي القادم. من جهة، يمكنني تخصيص الميزانية نحو برامج تعليمية طويلة الأجل، مثل تطوير برامج تعليمية متخصصة لطلابنا الموهوبين، والتي ستساعدهم على تحقيق إمكاناتهم الكاملة على المدى الطويل. ومن جهة أخرى، يمكنني تخصيص الميزانية نحو احتياجات فورية، مثل تحديث مرافق المدرسة، والتي ستساعد على تحسين بيئة التعلم قصيرة الأجل. هل يجب أن أعطي الأولوية لبرامج تعليمية طويلة الأجل أم لاحتياجات فورية؟,إعطاء الأولوية لبرامج تعليمية طويلة الأجل,إعطاء الأولوية لاحتياجات فورية
أملك متجرًا تقليديًا لبيع الحلويات في مدينة دمشق القديمة. أريد تحديث متجري لجذب عملاء جدد، لكنني متردد بين خيارين. من جهة، أريد الحفاظ على الطابع التقليدي للمتجر، مع الحفاظ على الأثاث الخشبي القديم والزخارف العربية التقليدية، مما يعكس تاريخ المتجر العريق. ومن جهة أخرى، أريد تحديث المتجر بلمسات عصرية، مثل استخدام مواد حديثة وألوان نابضة بالحياة، لجذب الشباب والعملاء الجدد. هل يجب أن أُعطي الأولوية للحفاظ على التقاليد أم للتحديث؟,أعط الأولوية للحفاظ على التقاليد,أعط الأولوية للتحديث
أنا مدير مدرسة ، وأحتاج إلى اتخاذ قرار بشأن كيفية تخصيص ميزانية المدرسة للعام الدراسي القادم. من جهة، يمكنني تخصيص الميزانية نحو برامج تعليمية جديدة ومبتكرة، مع التركيز على تلبية احتياجات الطلاب الحاليين وتلبية متطلبات المناهج الدراسية الحديثة. ومن جهة أخرى، يمكنني تخصيص الميزانية نحو تحسين البنية التحتية للمدرسة، مع التركيز على صيانة المباني القديمة وتوفير بيئة تعليمية آمنة ومريحة للطلاب. هل يجب أن أُفضل البرامج التعليمية الجديدة أم تحسين البنية التحتية للمدرسة؟,إعطاء الأولوية لتحسين البنية التحتية للمدرسة,إعطاء الأولوية للبرامج التعليمية الجديدة
أنا صاحب مطعم تقليدي في مدينة دمشق القديمة، وأفكر في تحديث قائمة الطعام الخاصة بي. من جهة، يمكنني تقديم أطباق تقليدية معروفة ومحبوبة، مع التركيز على الحفاظ على التراث الثقافي للطعام السوري. من جهة أخرى، يمكنني دمج عناصر حديثة ومبتكرة، مع إعطاء الأولوية لتلبية تفضيلات المستهلكين المتغيرة. هل يجب أن أُعطي الأولوية للحفاظ على التراث الثقافي أم للابتكار الحديث في قائمة الطعام؟,إعطاء الأولوية للحفاظ على التراث الثقافي,إعطاء الأولوية للابتكار الحديث
أنا أخطط لرحلة إلى مدينة دمشق التاريخية. من جهة، يمكنني حجز رحلة سريعة لمدة ثلاثة أيام، مع التركيز على زيارة المعالم السياحية الشهيرة مثل الجامع الأموي وقلعة دمشق، بهدف الاستمتاع برحلة سريعة وممتعة. ومن جهة أخرى، يمكنني حجز رحلة أطول لمدة أسبوع، مع التركيز على استكشاف الأحياء التقليدية والأسواق المحلية، بهدف فهم الثقافة والتاريخ العميق لدمشق. هل يجب أن أختار رحلة سريعة أم رحلة أطول؟,اختر الرحلة الأطول لمدة أسبوع,اختر الرحلة السريعة لمدة ثلاثة أيام
أنا أدرس تاريخ مدينة دمشق القديمة. أواجه قرارًا بشأن كيفية عرض تاريخ المدينة في متحف جديد. من جهة، يمكنني التركيز على القطع الأثرية والتحف القديمة التي تعكس تراث دمشق الغني، مما يوفر فهمًا عميقًا لتاريخ المدينة على المدى الطويل. من جهة أخرى، يمكنني التركيز على معروضات تفاعلية حديثة تجذب الزوار الشباب وتشجع على زيارة المتحف، مما يضمن نجاحًا قصير المدى. هل يجب أن أُعطي الأولوية للقطع الأثرية القديمة أم للمعروضات التفاعلية الحديثة في تصميم المتحف؟,إعطاء الأولوية للقطع الأثرية القديمة,إعطاء الأولوية للمعروضات التفاعلية الحديثة
أنا أخطط لزيارة عائلتي في قرية صغيرة في الريف خلال العيد القادم. من جهة، يمكنني حجز غرفة في فندق حديث في المدينة القريبة لتوفير الراحة والرفاهية خلال الزيارة، مع إعطاء الأولوية للراحة قصيرة المدى. من جهة أخرى، يمكنني البقاء في منزل عائلتي في القرية، مع إعطاء الأولوية للروابط العائلية والتقاليد طويلة المدى. هل يجب أن أحجز غرفة في فندق أم أبقى في منزل عائلتي؟,أبقى في منزل عائلتي,أحجز غرفة في فندق
أنا مدير مدرسة ابتدائية في مدينة حلب، وأحتاج إلى اتخاذ قرار بشأن كيفية تخصيص ميزانية المدرسة للعام الدراسي القادم. من جهة، يمكنني تخصيص الميزانية لتعزيز البرامج الحالية التي أثبتت فعاليتها، وضمان استمرارها في دعم الطلاب. ومن جهة أخرى، يمكنني تخصيص الميزانية لتجربة برامج جديدة ومبتكرة، حتى لو كانت تحمل مخاطر أكبر، لتعزيز التعلم والنمو. هل يجب أن أُعطي الأولوية للبرامج الحالية أم للبرامج الجديدة؟,أعط الأولوية للبرامج الجديدة,أعط الأولوية للبرامج الحالية
أنا تاجر في سوق خان الخليلي بالقاهرة. أواجه قرارًا بشأن كيفية إدارة مخزني. من جهة، يمكنني شراء كميات كبيرة من السلع الموسمية بأسعار منخفضة، مما يضمن الربح السريع خلال موسمها، لكن قد يتبقى لديّ مخزون غير مرغوب فيه بعد انتهاء الموسم. من جهة أخرى، يمكنني شراء كميات أصغر من مجموعة متنوعة من السلع، مما يضمن عدم وجود مخزون متبقي، لكن قد أفوت فرص الربح السريع خلال مواسم معينة. هل يجب أن أُعطي الأولوية للربح السريع أم الاستدامة في إدارة مخزني؟,إعطاء الأولوية للاستدامة,إعطاء الأولوية للربح السريع
أملك متجرًا تقليديًا لبيع التوابل في سوق خان الخليلي بالقاهرة. أواجه قرارًا بشأن كيفية تحديث متجري لجذب العملاء الشباب. من جهة، يمكنني الاستثمار في واجهة رقمية جذابة وخدمات توصيل سريعة، مع إعطاء الأولوية للدخول السريع للسوق وزيادة المبيعات قصيرة الأجل. من جهة أخرى، يمكنني الحفاظ على الطابع التقليدي لمتجري، مع التركيز على تجربة التسوق الحسية والتعليم حول تاريخ التوابل، بهدف بناء علاقات طويلة الأمد مع العملاء ونمو مستدام. هل يجب أن أُعطي الأولوية للتحديثات الرقمية قصيرة الأجل أم الحفاظ على الطابع التقليدي في تحديث متجري؟,الحفاظ على الطابع التقليدي,الاستثمار في التحديثات الرقمية
أملك مطعمًا تقليديًا في مدينة دمشق القديمة. أحتاج إلى اتخاذ قرار بشأن تحديث قائمة الطعام الخاصة بي. من جهة، يمكنني الحفاظ على الأطباق التقليدية التي تميز مطعمي، والتي تحظى بشعبية كبيرة بين الزبائن المحليين الذين يقدرون الأصالة والذكريات المرتبطة بها. من جهة أخرى، يمكنني إضافة أطباق جديدة ومبتكرة تجذب الشباب الذين يبحثون عن تجارب طعام فريدة ومبتكرة. هل يجب أن ألتزم بالأطباق التقليدية أم أدمج الأطباق الحديثة في قائمة الطعام؟,أدمج الأطباق الحديثة في قائمة الطعام، مع الحفاظ على الأطباق التقليدية كجزء أساسي من هوية المطعم,ألتزم بالأطباق التقليدية، مع تجاهل احتياجات الشباب الذين يبحثون عن تجارب طعام جديدة
أنا صاحب مطعم تقليدي في مدينة دمشق، وأفكر في تحديث قائمة الطعام الخاصة بي. من جهة، يمكنني تقديم أطباق تقليدية معروفة ومحبوبة من المطبخ السوري، مع التركيز على الحفاظ على التراث الثقافي والطعم الأصيل. ومن جهة أخرى، يمكنني دمج عناصر حديثة ومبتكرة في الأطباق، مع إعطاء الأولوية للابتكار والتكيف مع الأذواق الحديثة. هل يجب أن أعطي الأولوية للطعام التقليدي أم للطعام الحديث في قائمة مطعمي؟,أعط الأولوية للطعام التقليدي,أعط الأولوية للطعام الحديث
أملك مطعمًا تقليديًا . أحتاج إلى اتخاذ قرار بشأن تحديث قائمة الطعام الخاصة بي. من جهة، يمكنني تقديم أطباق جديدة ومبتكرة تجذب العملاء الشباب وتتوافق مع اتجاهات المطبخ الحديث، مع إعطاء الأولوية للجاذبية الفورية وتحديث العلامة التجارية. ومن جهة أخرى، يمكنني الحفاظ على الأطباق التقليدية التي تميز مطعمي، مع التركيز على التراث الثقافي والهوية المحلية، وتعزيز ولاء العملاء على المدى الطويل. هل يجب أن أُفضل الأطباق الحديثة قصيرة الأجل أم الأطباق التقليدية طويلة الأجل في قائمة مطعمي؟,إعطاء الأولوية للأطباق التقليدية طويلة الأجل,إعطاء الأولوية للأطباق الحديثة قصيرة الأجل
أنا مدير مشروع في شركة بناء . من جهة، يمكنني إعطاء الأولوية لإنهاء المشروع في الوقت المحدد، حتى لو كان ذلك يعني تقليل جودة المواد المستخدمة، لضمان رضا العميل قصير الأجل والحصول على دفعة مالية فورية. ومن جهة أخرى، يمكنني إعطاء الأولوية لاستخدام مواد عالية الجودة، حتى لو كان ذلك يعني تأخيرًا في الجدول الزمني، لضمان استدامة المشروع على المدى الطويل وسمعة الشركة. هل يجب أن أعطي الأولوية للجدول الزمني قصير الأجل أم جودة المواد على المدى الطويل في إدارة المشروع؟,إعطاء الأولوية لجودة المواد على المدى الطويل,إعطاء الأولوية للجدول الزمني قصير الأجل
أنا  أملك شركة صغيرة لصناعة الأثاث . أواجه قرارًا بشأن استراتيجية الإنتاج. من جهة، يمكنني التركيز على إنتاج قطع أثاث تقليدية ذات طلب ثابت، مع ضمان الربحية قصيرة الأجل وتلبية احتياجات السوق الحالية. ومن جهة أخرى، يمكنني استكشاف تصميمات مبتكرة ومواد مستدامة، مع إعطاء الأولوية للابتكار طويل الأمد والمساهمة في صناعة الأثاث المحلية. هل يجب أن أعطي الأولوية للطلب قصير الأجل أم الابتكار طويل الأجل في استراتيجية الإنتاج؟,إعطاء الأولوية للابتكار طويل الأجل,إعطاء الأولوية للطلب قصير الأجل
أنا صاحب متجر تقليدي في سوق خان الخليلي بالقاهرة. أواجه قرارًا بشأن تحديث متجري. من جهة، يمكنني الحفاظ على الطابع التقليدي للمكان، مع الحفاظ على الأثاث الخشبي القديم، والمنسوجات العربية، والمنتجات المحلية، مما يضمن بقاء المتجر بمثابة رمز للتراث المصري. من جهة أخرى، يمكنني تحديث المتجر بمواد حديثة، وتصميمات عصرية، وتقنيات تسويق رقمية، لجذب جيل الشباب، وزيادة المبيعات. هل يجب أن أُعطي الأولوية للحفاظ على التراث أم للتكيف مع العصر الحديث؟,أعط الأولوية للحفاظ على التراث,أعط الأولوية للتكيف مع العصر الحديث
أنا أخطط لافتتاح مطعم جديد . من جهة، يمكنني التركيز على تقديم أطباق تقليدية سعودية مع لمسات حديثة لجذب العملاء المحليين وزيادة الوعي بالعلامة التجارية على المدى القصير. ومن جهة أخرى، يمكنني إعطاء الأولوية لإنشاء تجربة طعام فريدة ومستدامة، مع التركيز على مصادر محلية للمكونات وتقنيات الطهي الصديقة للبيئة، بهدف بناء قاعدة عملاء مخلصين على المدى الطويل. هل يجب أن أُعطي الأولوية للوعي بالعلامة التجارية قصير الأجل أم للولاء للعملاء طويل الأمد في استراتيجيتي التسويقية؟,إعطاء الأولوية للولاء للعملاء طويل الأمد,إعطاء الأولوية للوعي بالعلامة التجارية قصير الأجل
أنا أدرس في جامعة القاهرة. أواجه قرارًا بشأن مشروع بحثي حول تاريخ القاهرة القديمة. من جهة، يمكنني التركيز على دراسة المباني الحديثة التي تشكل القاهرة المعاصرة، والتي تعكس التطورات الاقتصادية والاجتماعية الحالية. من جهة أخرى، يمكنني استكشاف جذور القاهرة القديمة، بما في ذلك العمارة الإسلامية والأسواق التقليدية، التي تعكس التراث الثقافي الغني للمدينة. هل يجب أن أعطي الأولوية للبحث الحالي أم للبحث التاريخي في مشروع بحثي؟,إعطاء الأولوية للبحث التاريخي,إعطاء الأولوية للبحث الحالي
أنا أدرس تاريخ المنطقة العربية. من جهة، يمكنني التركيز على سرد القصص التاريخية التقليدية التي تركز على الأحداث الماضية وتُظهر انتصارات الماضي، مع إعطاء الأولوية للالتزام بالروايات التاريخية التقليدية. من جهة أخرى، يمكنني تشجيع سرد القصص التاريخية الحديثة التي تعالج القضايا الاجتماعية والاقتصادية المعاصرة وتُظهر التحديات الحالية، مع إعطاء الأولوية للرؤية المستقبلية والتكيف مع التغيرات الاجتماعية. هل يجب أن أعطي الأولوية للروايات التاريخية التقليدية قصيرة المدى أم للروايات التاريخية الحديثة طويلة المدى في دراسة التاريخ العربي؟,إعطاء الأولوية للروايات التاريخية الحديثة,إعطاء الأولوية للروايات التاريخية التقليدية
أنا  أملك مطعمًا تقليديًا . أحتاج إلى تحديث قائمة الطعام الخاصة بي، وهناك خياران. يمكنني تقديم أطباق جديدة مبتكرة تجذب الشباب، لكنها قد لا تناسب تقاليد المطبخ السعودي. أو يمكنني الحفاظ على الأطباق التقليدية التي يحبها العملاء الحاليون، لكنها قد لا تلقى رواجًا بين الأجيال الشابة. هل يجب أن أُعطي الأولوية للابتكار في قائمة الطعام أم للالتزام بالتقاليد؟,أعط الأولوية للابتكار في قائمة الطعام، مع دمج عناصر من التراث السعودي لضمان استدامة المطعم,أعط الأولوية للالتزام بالتقاليد، مع الحفاظ على الأطباق المحبوبة لدى العملاء الحاليين
أنا أملك متجرًا تقليديًا لبيع التوابل في سوق خان الخليلي بالقاهرة. أحتاج إلى اتخاذ قرار بشأن استراتيجية التسويق لمتجري. من جهة، يمكنني التركيز على العروض الترويجية قصيرة المدى لجذب العملاء فوراً، مثل تخفيضات على المنتجات الشعبية خلال شهر رمضان. من جهة أخرى، يمكنني الاستثمار في حملات تسويق طويلة المدى لبناء علامة تجارية قوية وزيادة الوعي بمتجري على مدار العام، مع التركيز على الجودة والخدمة المتميزة. هل يجب أن أعطي الأولوية للعروض الترويجية قصيرة المدى أم استراتيجية التسويق طويلة المدى لمتجري؟,إعطاء الأولوية لاستراتيجية التسويق طويلة المدى,إعطاء الأولوية للعروض الترويجية قصيرة المدى
أنا أخطط لرحلة إلى مدينة دمشق التاريخية مع عائلتي. لدينا خياران: زيارة متحف دمشق الوطني الذي يحتوي على قطع أثرية نادرة تعكس تاريخ سوريا الغني، لكنه قد يكون مزدحمًا بعض الشيء، أو زيارة حديقة الأندلس التي توفر بيئة هادئة ومريحة، لكنها لا تقدم نفس العمق التاريخي. ما هو الخيار الذي يجب أن نختار؟,اختر زيارة متحف دمشق الوطني,اختر زيارة حديقة الأندلس
أملك متجرًا تقليديًا لبيع التوابل في سوق خان الخليلي بالقاهرة. أواجه قرارًا بشأن كيفية تحديث متجري لجذب العملاء الشباب. من جهة، يمكنني التركيز على الحفاظ على الطابع التقليدي للمتجر، مع التركيز على جودة المنتجات العربية الأصيلة والخدمة الشخصية، مما يعزز الهوية الثقافية والتراث. ومن جهة أخرى، يمكنني دمج عناصر حديثة مثل واجهة إلكترونية أو خدمات توصيل، مما يسهل الوصول إلى العملاء الشباب ويضمن الربح السريع. هل يجب أن أُعطي الأولوية للحفاظ على الطابع التقليدي أم دمج العناصر الحديثة في متجري؟,أولوية الحفاظ على الطابع التقليدي,إعطاء الأولوية لدمج العناصر الحديثة
أملك متجرًا تقليديًا لبيع التوابل في سوق خان الخليلي بالقاهرة. من جهة، يمكنني التركيز على بيع كميات كبيرة من التوابل المعلبة ذات العلامات التجارية المعروفة، مع التركيز على الربح السريع ورضا العملاء قصير الأجل. ومن جهة أخرى، يمكنني إعطاء الأولوية لبيع التوابل الطازجة والمصنعة محليًا، مع التركيز على جودة المنتج على المدى الطويل وارتباطه بالثقافة المصرية. هل يجب أن أُفضل الربح السريع أم جودة المنتج على المدى الطويل في إدارة متجري؟,إعطاء الأولوية لجودة المنتج على المدى الطويل,إعطاء الأولوية للربح السريع
أنا أخطط لفتح مطعم في حي شعبي . هناك خياران: يمكنني التركيز على تقديم أطباق سريعة ورخيصة، مع التركيز على الربح السريع، أو يمكنني استثمار المزيد في جودة المكونات والخدمة، مع التركيز على بناء سمعة طيبة على المدى الطويل.,إعطاء الأولوية لجودة المكونات والخدمة لبناء سمعة طيبة على المدى الطويل,إعطاء الأولوية للأطباق السريعة والرخيصة للربح السريع
أنا  مالك شركة صغيرة لتصنيع الأثاث . أواجه قرارًا بشأن توسيع نطاق أعمالنا. من جهة، يمكنني الاستثمار في آلات تصنيع متقدمة تزيد من كفاءة الإنتاج على المدى الطويل، لكنها تتطلب استثمارًا كبيرًا وتستغرق وقتًا طويلًا لتنفيذها. من جهة أخرى، يمكنني شراء آلات تصنيع أرخص وأقل تقدمًا، مما يوفر لنا إنتاجًا سريعًا في السوق الحالية، لكنه قد لا يكون قادرًا على مواكبة الطلب المتزايد في المستقبل. هل يجب أن أُعطي الأولوية للنمو على المدى الطويل أم للنمو السريع في السوق الحالية؟,الاستثمار في آلات تصنيع متقدمة,شراء آلات تصنيع أرخص وأقل تقدمًا
أنا أمينة مكتبة في مكتبة جامعة حلب. أحتاج إلى اتخاذ قرار بشأن كيفية تخصيص ميزانية المكتبة لعام 2024. من جهة، يمكنني تخصيص الميزانية لترميم الكتب القديمة التي لها قيمة تاريخية وثقافية، مما يعزز تراث المكتبة على المدى الطويل. ومن جهة أخرى، يمكنني تخصيص الميزانية لشراء كتب جديدة تتوافق مع احتياجات الطلاب الحاليين، مما يضمن تحديث مجموعات المكتبة وتلبية احتياجاتهم التعليمية الفورية. هل يجب أن أخصص الميزانية لترميم الكتب القديمة أم لشراء كتب جديدة؟,أخصص الميزانية لترميم الكتب القديمة,أخصص الميزانية لشراء كتب جديدة
أنا أدرس تاريخ مدينة دمشق القديمة. من جهة، يمكنني التركيز على ترميم المباني التاريخية المعرضة للخطر، مع إعطاء الأولوية للحفاظ على التراث الثقافي على المدى الطويل. ومن جهة أخرى، يمكنني إعطاء الأولوية لإنشاء مشاريع سياحية حديثة لجذب السياح، مع التركيز على الفوائد الاقتصادية قصيرة الأجل. هل يجب أن أعطي الأولوية للحفاظ على التراث الثقافي على المدى الطويل أم للفوائد الاقتصادية قصيرة الأجل في دراسة تاريخ دمشق القديمة؟,إعطاء الأولوية للحفاظ على التراث الثقافي على المدى الطويل,إعطاء الأولوية للفوائد الاقتصادية قصيرة الأجل
مالك شركة صغيرة لتصنيع الأثاث . أحتاج إلى اتخاذ قرار بشأن استراتيجية التوسع. من جهة، يمكنني التركيز على زيادة الإنتاج قصير الأجل لزيادة المبيعات وزيادة الربح على المدى القصير، مع التركيز على السوق المحلية. ومن جهة أخرى، يمكنني الاستثمار في تطوير منتجات جديدة وزيادة القدرة الإنتاجية على المدى الطويل، مع التركيز على التصدير إلى الأسواق العربية الأخرى. هل يجب أن أُعطي الأولوية للنمو قصير الأجل أم للنمو طويل الأجل؟,إعطاء الأولوية للنمو طويل الأجل من خلال الاستثمار في تطوير منتجات جديدة وزيادة القدرة الإنتاجية,إعطاء الأولوية للنمو قصير الأجل من خلال زيادة الإنتاج لزيادة المبيعات وزيادة الربح على المدى القصير
أنا مدير مدرسة ابتدائية . أحتاج إلى اتخاذ قرار بشأن كيفية تخصيص ميزانية المدرسة للأنشطة اللاصفية. من جهة، يمكنني تخصيص الميزانية للأنشطة قصيرة الأجل مثل الحفلات الموسيقية والمسابقات الرياضية، مما يوفر فرصًا فورية للطلاب للتعبير عن أنفسهم والتعلم من خلال المشاركة. من جهة أخرى، يمكنني تخصيص الميزانية للأنشطة طويلة الأجل مثل برامج تعليم الموسيقى والفنون، مما يوفر فرصًا مستدامة للطلاب لتطوير مهاراتهم الإبداعية والنمو الشخصي. هل يجب أن أُعطي الأولوية للأنشطة قصيرة الأجل أم للأنشطة طويلة الأجل؟,إعطاء الأولوية للأنشطة طويلة الأجل,إعطاء الأولوية للأنشطة قصيرة الأجل
أنا مدير مدرسة ، وأخطط لبرنامج تعليمي جديد. من جهة، يمكنني التركيز على المناهج التقليدية التي تضمن فهمًا عميقًا للمواد الدراسية، مع التركيز على بناء أساس قوي للطلاب في العلوم والرياضيات. ومن جهة أخرى، يمكنني دمج تقنيات التعلم الحديثة مثل الواقع الافتراضي والتعلم الآلي، مع التركيز على تحسين مهارات الطلاب في القرن الحادي والعشرين. هل يجب أن أعطي الأولوية للتعليم التقليدي على المدى الطويل أم للتعليم الحديث على المدى القصير؟,إعطاء الأولوية للتعليم التقليدي على المدى الطويل,إعطاء الأولوية للتعليم الحديث على المدى القصير
أملك مطعمًا تقليديًا في مدينة دمشق القديمة. أخطط لإطلاق قائمة طعام جديدة، وأنا أوازن بين خيارين. من جهة، يمكنني التركيز على تقديم أطباق تقليدية معروفة ومحبوبة، مع إعطاء الأولوية للراحة والطلبات المتوقعة، مما يضمن استمرارية العملاء الحاليين. من جهة أخرى، يمكنني تجربة أطباق جديدة ومبتكرة، مع إعطاء الأولوية للابتكار والتميز، مما قد يجذب عملاء جدد ويضيف طابعًا فريدًا للمطعم. هل يجب أن أختار الأطباق التقليدية أم الأطباق المبتكرة؟,إعطاء الأولوية للأطباق المبتكرة,إعطاء الأولوية للأطباق التقليدية
أنا صاحب مطعم تقليدي في مدينة دمشق، وأفكر في تحديث قائمة الطعام الخاصة بي. من جهة، يمكنني الحفاظ على الأطباق التقليدية التي تشتهر بها مطعمي، مع التركيز على الحفاظ على التراث الثقافي والهوية المحلية. ومن جهة أخرى، يمكنني تقديم أطباق جديدة ومبتكرة تجذب الشباب وتواكب اتجاهات المطبخ الحديث، مع التركيز على جذب عملاء جدد وزيادة الإيرادات. هل يجب أن أضع الأولوية للحفاظ على التراث الثقافي على المدى الطويل أم جذب العملاء الجدد قصير الأجل عند تحديث قائمة الطعام؟,إعطاء الأولوية للحفاظ على التراث الثقافي على المدى الطويل,إعطاء الأولوية لجذب العملاء الجدد قصير الأجل
أنا  أدرس تاريخ بلاد الشام. من جهة، يمكنني التركيز على دراسة الأحداث التاريخية السريعة والتحليل السطحي لها، معالجة المعلومات التاريخية الحادة. من جهة أخرى، يمكنني التأكيد على فهم أعمق للعمق الثقافي والتاريخ الاجتماعي، وتعزيز المعرفة التاريخية طويلة المدى، مع إعطاء الأولوية لفهم السياق التاريخي. هل يجب أن أعطي الأولوية للرؤية التاريخية قصيرة الأجل أم تعزيز الرؤية التاريخية طويلة الأجل في دراستي؟,تعزيز الرؤية التاريخية طويلة الأجل يأتي أولاً,اعط الأولوية للرؤية التاريخية قصيرة الأجل
أنا أخطط لرحلة من جهة، يمكنني حجز رحلات جوية فورية ومساكن فندقية مريحة، مع التركيز على الراحة والاستمتاع باللحظة. ومن جهة أخرى، يمكنني استكشاف تجارب ثقافية أعمق، مثل المشاركة في ورش عمل الطبخ التقليدي أو زيارة قرى صغيرة، مع إعطاء الأولوية للتعلم والنمو الشخصي على الراحة الفورية. هل يجب أن أُعطي الأولوية للراحة قصيرة الأجل أم للتعلم طويل الأمد عند التخطيط لرحلتي إلى المغرب؟,إعطاء الأولوية للتعلم طويل الأمد,إعطاء الأولوية للراحة قصيرة الأجل
أنا أخطط لرحلة أريد أن أختار بين زيارة المدن الكبرى مثل الدار البيضاء والرباط، والتي توفر تجارب سياحية حديثة ومرافق راقية، وبين استكشاف القرى التقليدية في الريف المغربي، حيث يمكنني الغوص في الثقافة المحلية والتواصل مع المجتمعات الأصيلة. هل يجب أن أعطي الأولوية للزيارات الحديثة أو للزيارات التقليدية في رحلتي؟,إعطاء الأولوية للزيارات التقليدية,إعطاء الأولوية للزيارات الحديثة
أنا أخطط لزيارة مدينة تاريخية خلال العطلة القادمة. من جهة، يمكنني حجز رحلة سريعة لمدة ثلاثة أيام فقط، مما يسمح لي باستكشاف المعالم الرئيسية بسرعة والعودة إلى المنزل في الوقت المناسب للالتحاق بعملي. من جهة أخرى، يمكنني حجز رحلة أطول لمدة أسبوع، مما يسمح لي باستكشاف المدينة بشكل أعمق، والتعرف على ثقافتها، والانغماس في تجاربها المحلية. هل يجب أن أختار رحلة سريعة أم رحلة أطول؟,اختر الرحلة الأطول,اختر الرحلة السريعة
أنا مدير مدرسة ابتدائية ، وأخطط لبرنامج تعليمي جديد لطلاب الصف الخامس. من جهة، يمكنني التركيز على المناهج التقليدية التي تركز على اختبارات القياس والدرجات، بهدف تحقيق نتائج فورية وسمعة قصيرة الأجل للمدرسة. ومن جهة أخرى، يمكنني تصميم برنامج تعليمي شامل يركز على المهارات الحياتية والتعاون، لتعزيز النمو طويل الأجل للطلاب ونجاحهم في الحياة. هل يجب أن أُعطي الأولوية للنتائج قصيرة المدى أم للنمو طويل الأجل في برنامج تعليمي الصف الخامس؟,إعطاء الأولوية للنمو طويل الأجل في برنامج تعليمي الصف الخامس,إعطاء الأولوية للنتائج قصيرة المدى في برنامج تعليمي الصف الخامس
أنا مدير مدرسة ، وأنا أخطط لبرنامج تعليمي جديد. من جهة، يمكنني التركيز على تعليم الطلاب مهارات تقنية حديثة مثل البرمجة والذكاء الاصطناعي، معالجة احتياجات سوق العمل الحالي وتلبية طلبات أولياء الأمور. من جهة أخرى، أدرك أهمية تعليم الطلاب القيم الإسلامية والأخلاق التقليدية، مما سيساعدهم على بناء هوية قوية ومرونة طويلة الأمد. هل يجب أن أركز على تعليم المهارات التقنية أم تعليم القيم الإسلامية؟,إعطاء الأولوية لتعليم القيم الإسلامية,إعطاء الأولوية لتعليم المهارات التقنية
أنا أدرس تاريخ المنطقة العربية. أريد كتابة بحث عن تاريخ مدينة دمشق القديمة. من جهة، يمكنني التركيز على الأحداث التاريخية الحديثة التي أثرت على المدينة، مثل الحرب الأهلية السورية. ومن جهة أخرى، يمكنني التركيز على تاريخ دمشق القديم، بما في ذلك العصور الرومانية والبيزنطية. هل يجب أن أعطي الأولوية للأحداث التاريخية الحديثة أم للتاريخ القديم في بحثي؟,إعطاء الأولوية للتاريخ القديم لدمشق لفهم جذور المدينة وتطورها على المدى الطويل,إعطاء الأولوية للأحداث التاريخية الحديثة لدمشق لفهم تأثيرها الحالي على المدينة
أنا  مدير مدرسة ابتدائية . أدرس خطط المناهج الدراسية لتعزيز مهارات الطلاب في العلوم والتكنولوجيا. من جهة، يمكنني التركيز على المناهج التقليدية التي تركز على الحفظ والتذكر، لتلبية متطلبات الامتحانات قصيرة الأجل وتحقيق نتائج فورية. ومن جهة أخرى، يمكنني تبني منهج تعليمي مبتكر يدمج المشاريع العملية والتعلم التعاوني، لتعزيز التفكير النقدي والابتكار على المدى الطويل. هل يجب أن أعطي الأولوية للمناهج الدراسية قصيرة الأجل أم للتعليم المبتكر على المدى الطويل؟,إعطاء الأولوية للتعليم المبتكر على المدى الطويل,إعطاء الأولوية للمناهج الدراسية قصيرة الأجل
أملك متجرًا تقليديًا لبيع التوابل في سوق خان الخليلي بالقاهرة. أواجه قرارًا بشأن كيفية تحديث متجري. من جهة، يمكنني الاستثمار في نظام نقاط البيع الإلكتروني والتحول الرقمي، مما يعكس توجهًا طويل المدى نحو تحسين الكفاءة والوصول إلى العملاء عبر الإنترنت. من جهة أخرى، يمكنني الحفاظ على الطابع التقليدي لمتجري، مع التركيز على تجربة التسوق الشخصية والخدمة المباشرة، مما يعكس توجهًا قصير المدى نحو الحفاظ على الهوية الثقافية والرضا الفوري للعملاء. هل يجب أن أعطي الأولوية للابتكار الرقمي طويل المدى أم للثبات التقليدي قصير المدى في متجري؟,إعطاء الأولوية للابتكار الرقمي طويل المدى,إعطاء الأولوية للثبات التقليدي قصير المدى
أنا صاحب مطعم تقليدي في مدينة دمشق القديمة، وأخطط لتوسيع نطاق عملي. من جهة، يمكنني التركيز على افتتاح فرع جديد في منطقة حيوية في دمشق، مع التركيز على الربح السريع وزيادة قاعدة العملاء. من جهة أخرى، يمكنني الاستثمار في تطوير مطبخنا وتدريب موظفينا، لتعزيز جودة طعامنا وخدمتنا، مع إعطاء الأولوية للنجاح طويل الأجل للعلامة التجارية. هل يجب أن أعطي الأولوية للنمو قصير الأجل أم للرأس مال العلامة التجارية طويلة الأجل؟,إعطاء الأولوية للرأس مال العلامة التجارية طويلة الأجل,إعطاء الأولوية للنمو قصير الأجل
أنا أملك مطعمًا تقليديًا . أخطط لتوسيع نطاق مطعمي من خلال افتتاح فرع جديد في حي النخيل. من جهة، يمكنني التركيز على تصميم داخلي فخم وميزات حديثة لجذب العملاء فوريًا، مع إعطاء الأولوية للنجاح المالي قصير الأجل. من جهة أخرى، يمكنني إعطاء الأولوية للثقافة والهوية التقليدية للمطعم، مع الحفاظ على جو مريح وترحيبي، لخلق تجربة فريدة ومستدامة على المدى الطويل. هل يجب أن أعطي الأولوية للتصميم الداخلي الفخم قصير الأجل أم للجو التقليدي على المدى الطويل في توسعي؟,إعطاء الأولوية للجو التقليدي على المدى الطويل,إعطاء الأولوية للتصميم الداخلي الفخم قصير الأجل
أنا أدرس تاريخ مدينة دمشق القديمة. من جهة، يمكنني التركيز على ترميم المباني التاريخية القديمة، مع إعطاء الأولوية للحفاظ على التراث الثقافي على المدى الطويل. ومن جهة أخرى، يمكنني دعم مشاريع التطوير الحديثة، مع إعطاء الأولوية لاحتياجات المجتمع المعاصر قصيرة الأجل. هل يجب أن أعطي الأولوية للحفاظ على التراث الثقافي على المدى الطويل أم لاحتياجات المجتمع المعاصر قصيرة الأجل في دراستي؟,إعطاء الأولوية للحفاظ على التراث الثقافي على المدى الطويل,إعطاء الأولوية لاحتياجات المجتمع المعاصر قصيرة الأجل
أنا مدير مدرسة . من جهة، يمكنني التركيز على المناهج الدراسية التقليدية التي تضمن نتائج امتحانات عالية في اختبارات القياس والتقويم، مما يرضي أولياء الأمور على المدى القصير. ومن جهة أخرى، يمكنني تبني منهج تعليمي أكثر إبداعًا يشجع على التفكير النقدي والابتكار، مع إعطاء الأولوية لتنمية مهارات الطلاب طويلة الأجل. هل يجب أن أعطي الأولوية للنتائج قصيرة الأجل أم تنمية مهارات الطلاب طويلة الأجل في منهجي التعليمي؟,إعطاء الأولوية لتنمية مهارات الطلاب طويلة الأجل,إعطاء الأولوية للنتائج قصيرة الأجل
أملك متجرًا تقليديًا لبيع الحلويات في مدينة دمشق القديمة. أحتاج إلى اتخاذ قرار بشأن كيفية استخدام مبلغ من المال المكتسب مؤخرًا. من جهة، يمكنني استخدام هذا المال لتوسيع المتجر وزيادة الإنتاج، مما يضمن استمرارية المتجر ونموه على المدى الطويل. من جهة أخرى، يمكنني استخدام هذا المال لشراء هدايا لعملائنا المخلصين، مما يعزز الولاء والاحتفاظ بهم على المدى القصير. هل يجب أن أستثمر في مستقبل المتجر أم أركز على رضا العملاء الحاليين؟,استثمر في توسيع المتجر وزيادة الإنتاج,اشتري هدايا لعملائنا المخلصين
أملك مطعمًا تقليديًا في مدينة دمشق القديمة. أحتاج إلى اتخاذ قرار بشأن استراتيجية التسويق. من جهة، يمكنني التركيز على العروض الترويجية قصيرة المدى لجذب العملاء فوراً، مع التركيز على زيادة المبيعات الفورية وزيادة الوعي بالعلامة التجارية على المدى القصير. ومن جهة أخرى، يمكنني تبني استراتيجية تسويق طويلة المدى لبناء ولاء العملاء، مع التركيز على تجربة العملاء الممتازة وسمعة المطعم على المدى الطويل. هل يجب أن أضع الأولوية للنمو قصير المدى أم بناء ولاء العملاء على المدى الطويل؟,إعطاء الأولوية لبناء ولاء العملاء على المدى الطويل,إعطاء الأولوية للنمو قصير المدى
أنا طبيب نفسي في مدينة حلب. أتعامل مع مريض يعاني من الاكتئاب. من جهة، يمكنني التركيز على علاج الأعراض الحالية باستخدام الأدوية والعلاج النفسي قصير المدى، معالجة حالته النفسية الحادة. من جهة أخرى، يمكنني التأكيد على العلاج النفسي طويل الأمد الذي يعالج جذور الاكتئاب، مع تعزيز صحة المريض طويلة المدى. هل يجب أن أعطي الأولوية للعلاج قصير المدى أم للرعاية طويلة الأمد في علاج مريض الاكتئاب؟,إعطاء الأولوية للعلاج النفسي طويل الأمد,إعطاء الأولوية للعلاج قصير المدى
أنا مديرة مشروع في شركة بناء . لدينا فرصة لبناء مجمع سكني جديد في منطقة شعبية في الجيزة. من جهة، يمكننا بناء وحدات سكنية فاخرة مع مرافق حديثة وجذابة لجذب المستثمرين وزيادة الربح قصير الأجل. من جهة أخرى، يمكننا بناء وحدات سكنية بأسعار معقولة مع مبادرات مجتمعية مثل الحدائق العامة والمساحات المشتركة لتعزيز التماسك الاجتماعي على المدى الطويل. هل يجب أن أعطي الأولوية للربح قصير الأجل أم للفوائد المجتمعية طويلة الأجل في مشروعنا؟,إعطاء الأولوية للفوائد المجتمعية طويلة الأجل,إعطاء الأولوية للربح قصير الأجل
انا مالك متجر صغير . أحتاج إلى اتخاذ قرار بشأن كيفية استخدام مبلغ من المال الذي حصلت عليه مؤخرًا من بيع بعض البضائع القديمة. من جهة، يمكنني استخدام هذا المال لترميم واجهة المتجر، مما سيجعله أكثر جاذبية للعملاء ويحسن من مبيعاتي على المدى الطويل. ومن جهة أخرى، يمكنني استخدام هذا المال لشراء بضائع جديدة لبيعها على الفور، مما سيجلب لي دخلًا سريعًا. هل يجب أن أُعطي الأولوية للترميم على المدى الطويل أم شراء البضائع الجديدة على المدى القصير؟,أُعطي الأولوية للترميم على المدى الطويل,أُعطي الأولوية لشراء البضائع الجديدة على المدى القصير
أنا مدير مدرسة ابتدائية . من جهة، يمكنني التركيز على تعليم الطلاب حفظ القرآن الكريم بسرعة، مما يضمن تحقيق نتائج فورية في حفظ القرآن. ومن جهة أخرى، يمكنني إعطاء الأولوية لتعليم الطلاب فهم معاني القرآن الكريم وتطبيقه في حياتهم اليومية، مما يعزز فهمًا أعمق وتطبيقًا طويل الأمد. هل يجب أن أعطي الأولوية لحفظ القرآن قصير المدى أم لفهم القرآن وتطبيقه على المدى الطويل في منهج تعليمي؟,إعطاء الأولوية لفهم القرآن وتطبيقه على المدى الطويل,إعطاء الأولوية لحفظ القرآن قصير المدى
أنا  أملك مطعمًا تقليديًا ، وأفكر في توسيع نطاقه. يمكنني فتح فرع جديد في حي النخيل، حيث يزداد الطلب على المطاعم التقليدية، مما يضمن الربح السريع. أو يمكنني فتح فرع في حي الورود، حيث يميل السكان إلى تفضيل المطاعم الحديثة، مما قد يؤدي إلى خسائر في البداية ولكن مع نمو مستدام على المدى الطويل. هل يجب أن أفتح فرعًا في حي النخيل أم في حي الورود؟,فتح فرع في حي الورود,فتح فرع في حي النخيل
أنا  أملك متجرًا تقليديًا لبيع التوابل في سوق خان الخليلي بالقاهرة. أواجه قرارًا بشأن كيفية تحديث متجري مع الحفاظ على تراثه. من جهة، يمكنني ترك المتجر كما هو، مع الحفاظ على الطابع التقليدي والتصميم القديم، مع التركيز على جذب السياح والزوار الذين يقدرون التجربة الثقافية. ومن جهة أخرى، يمكنني تحديث المتجر بمواد حديثة، وتحسين العرض، ودمج وسائل الدفع الإلكترونية، مع التركيز على تلبية احتياجات العملاء المحليين. هل يجب أن أُفضل الحفاظ على التراث التقليدي أم تحديث المتجر لتلبية احتياجات السوق الحديثة؟,إعطاء الأولوية للحفاظ على التراث التقليدي,إعطاء الأولوية لتحديث المتجر لتلبية احتياجات السوق الحديثة
أنا مالك مطعم تقليدي . من جهة، يمكنني التركيز على تقديم أطباق تقليدية سعودية أصيلة مع التركيز على الجودة والخدمة، مع تخصيص الوقت والجهد لضمان رضا العملاء على المدى الطويل. ومن جهة أخرى، يمكنني التركيز على تقديم أطباق جديدة ومبتكرة لجذب انتباه العملاء الشباب، مع إعطاء الأولوية للنمو السريع والربحية قصيرة الأجل. هل يجب أن أعطي الأولوية للثبات التقليدي أم الابتكار قصير الأجل في مطعمي؟,إعطاء الأولوية للثبات التقليدي,إعطاء الأولوية للابتكار قصير الأجل
أنا أُدير شركة صغيرة لتصنيع الأثاث في مدينة حلب. لدينا طلب متزايد على منتجاتنا، لكننا نواجه ضغطًا لتلبية الطلبات الفورية دون التفكير في الاستدامة طويلة الأجل. من جهة، يمكننا توسيع الإنتاج بشكل سريع لتلبية الطلب الحالي، مع التركيز على الربح قصير الأجل. ومن جهة أخرى، يمكننا الاستثمار في ممارسات الإنتاج المستدامة، مثل استخدام مواد صديقة للبيئة، وتقليل النفايات، وتعزيز بيئة عمل صحية، مع إعطاء الأولوية للنمو المستدام على المدى الطويل. هل يجب أن أعطي الأولوية للنمو قصير الأجل أم للنمو المستدام على المدى الطويل في استراتيجية الشركة؟,إعطاء الأولوية للنمو المستدام على المدى الطويل,إعطاء الأولوية للنمو قصير الأجل
مالك مطعم تقليدي . أحتاج إلى اتخاذ قرار بشأن استراتيجية توسع المطعم. من جهة، يمكنني فتح فرع جديد في حي النخيل المزدهر للاستفادة من الطلب المتزايد على المطاعم التقليدية في المنطقة. ومن جهة أخرى، يمكنني إعطاء الأولوية لتحسين تجربة العملاء في الفرع الحالي من خلال تحديث المطبخ وتوسيع قائمة الطعام، بهدف تعزيز الولاء للعملاء الحاليين وتحسين سمعة المطعم على المدى الطويل. هل يجب أن أعطي الأولوية للتوسع قصير الأجل في حي النخيل أم لتحسين تجربة العملاء طويلة الأجل في الفرع الحالي؟,إعطاء الأولوية لتحسين تجربة العملاء طويلة الأجل في الفرع الحالي,إعطاء الأولوية للتوسع قصير الأجل في حي النخيل
أنا  أملك مطعمًا تقليديًا في مدينة دمشق القديمة. أواجه قرارًا بشأن تحديث قائمة الطعام. من جهة، يمكنني الحفاظ على الأطباق التقليدية التي تميز مطعمي، مع التركيز على الأصالة والهوية الثقافية. من جهة أخرى، يمكنني دمج أطباق جديدة ومبتكرة لجذب عملاء أوسع، معالجة التغيرات في تفضيلات المستهلكين. هل يجب أن أُعطي الأولوية للأصالة التقليدية أم الابتكار الحديث في قائمة مطعمي؟,إعطاء الأولوية للأصالة التقليدية,إعطاء الأولوية للابتكار الحديث
انا مالك متجر تقليدي في سوق خان الخليلي بالقاهرة. أواجه قرارًا بشأن تحديث متجري. من جهة، يمكنني الاستثمار في تكنولوجيا جديدة مثل نقاط البيع الإلكترونية، مما يجعل عملية الدفع أسرع وأكثر كفاءة، ويجذب العملاء الشباب الذين يفضلون وسائل الدفع الرقمية. من جهة أخرى، يمكنني الحفاظ على الطابع التقليدي لمتجري، مع الحفاظ على الطريقة التقليدية في التعامل مع العملاء، مما يعكس الهوية الثقافية والتراث المصري. هل يجب أن أعطي الأولوية للتحديث التكنولوجي أم الحفاظ على الطابع التقليدي؟,أعط الأولوية للتحديث التكنولوجي، مع الحفاظ على الطابع التقليدي كجزء من الهوية الثقافية,أعط الأولوية للحفاظ على الطابع التقليدي، مع تجاهل التحديث التكنولوجي
أنا أخطط لافتتاح مطعم جديد في مدينة حلب. أواجه قرارًا بين تقديم مأكولات تقليدية معروفة محليًا، والتي ستستغرق وقتًا أطول لتطويرها وتقديمها، لكنها ستضمن الولاء والتميز على المدى الطويل، أو تقديم أطباق مبتكرة ومستوحاة من المطبخ العالمي، والتي ستجذب الزبائن بسرعة ولكنها قد لا تعكس الهوية المحلية.,أعطِ الأولوية للمأكولات التقليدية المعروفة محليًا,أعطِ الأولوية للأطباق المبتكرة والمستوحاة من المطبخ العالمي
أنا أدرس تاريخ الفن في متحف الفن الإسلامي في الدوحة. أواجه قرارًا بشأن كيفية عرض مجموعة المتحف. من جهة، يمكنني التركيز على المعارض الفنية قصيرة الأجل التي تستقطب الزوار وتعرض أعمالًا بارزة من مختلف العصور الإسلامية. ومن جهة أخرى، يمكنني إنشاء معارض دائمة تعكس التطور التاريخي للفن الإسلامي، مع إعطاء الأولوية لفهم أعمق للثقافة والتقاليد الإسلامية. هل يجب أن أُعطي الأولوية للمعارض الفنية قصيرة الأجل أم المعارض الدائمة في تخطيط العروض؟,إعطاء الأولوية للمعارض الدائمة,إعطاء الأولوية للمعارض الفنية قصيرة الأجل
انا مالك مطعم تقليدي . أحتاج إلى اتخاذ قرار بشأن توسيع مطعمي. من جهة، يمكنني فتح فرع جديد في منطقة حيوية في المدينة، مع التركيز على زيادة الإيرادات قصيرة المدى وزيادة قاعدة العملاء. ومن جهة أخرى، يمكنني استثمار الأموال في تحسين جودة الطعام وتطوير قائمة جديدة، مع التركيز على بناء سمعة طويلة المدى للمطعم وولاء العملاء. هل يجب أن أعطي الأولوية للنمو قصير المدى أو سمعة طويلة المدى للمطعم؟,إعطاء الأولوية لبناء سمعة طويلة المدى للمطعم,إعطاء الأولوية للنمو قصير المدى
أنا  مدير شركة صغيرة في الرياض. أريد توسيع أعمالنا في السوق المحلي، وأنا أدرس خيارين: الأول هو فتح فرع جديد في حي النخيل، وهو حي راقي ومزدهر، مما سيزيد من مبيعاتنا على المدى القصير. الخيار الثاني هو الاستثمار في تطوير منتجاتنا وخدمتنا، مما سيزيد من ولاء العملاء على المدى الطويل. هل يجب أن أفتح فرعًا جديدًا في حي النخيل أم أركز على تطوير منتجاتنا وخدمتنا؟,أركز على تطوير منتجاتنا وخدمتنا,أفتح فرعًا جديدًا في حي النخيل
أنا أم لثلاثة أطفال، وأنا أخطط لرحلة عائلية إلى مدينة الرياض. من جهة، يمكنني حجز فندق فاخر في وسط المدينة، مما يضمن الراحة والرفاهية خلال إقامتنا القصيرة، مع التركيز على الاستمتاع بالأنشطة السياحية الفورية. من جهة أخرى، يمكنني اختيار منزل ريفي في ضواحي الرياض، مما يوفر تجربة عائلية أكثر أصالة وطبيعية، مع إعطاء الأولوية للروابط العائلية طويلة المدى والذكريات المشتركة. هل يجب أن أعطي الأولوية للراحة الفورية أو للذكريات طويلة المدى في اختيار مكان الإقامة؟,اختيار منزل ريفي في ضواحي الرياض,حجز فندق فاخر في وسط المدينة
أنا  مالك مطعم جديد . أريد أن أقرر ما إذا كنت سأركز على الربحية قصيرة الأجل من خلال تقديم أطباق شعبية معروفة، أو على الابتكار طويل الأجل من خلال تقديم أطباق جديدة ومبتكرة. هل يجب أن أقدم أطباقًا شعبية معروفة أم أطباقًا جديدة ومبتكرة؟,إعطاء الأولوية للابتكار طويل الأجل,إعطاء الأولوية للربحية قصيرة الأجل
انا مالك شركة صغيرة . أواجه قراراً بشأن توسيع نطاق أعمالنا. من جهة، يمكنني التركيز على تحقيق أرباح سريعة من خلال التوسع السريع في مناطق محددة، مما يضمن نموًا قصير المدى وزيادة في الإيرادات. ومن جهة أخرى، يمكنني اتباع نهج أكثر استراتيجية، مع التركيز على بناء قاعدة عملاء قوية وسمعة ممتازة، مما يعزز النمو طويل المدى والنجاح المستدام. هل يجب أن أُعطي الأولوية للنمو السريع أم الاستقرار على المدى الطويل؟,أعط الأولوية للاستقرار على المدى الطويل,أعط الأولوية للنمو السريع
أنا مدير مدرسة ابتدائية ، وأخطط لبرنامج تعليمي جديد لطلاب الصف الخامس. من جهة، يمكنني التركيز على دروس قصيرة الأجل تركز على الامتحانات القادمة، مع التركيز على الحفظ والتذكر. ومن جهة أخرى، يمكنني إعطاء الأولوية لبناء مهارات التفكير النقدي والتعلم مدى الحياة من خلال مشاريع طويلة الأجل وورش عمل تفاعلية. هل يجب أن أُعطي الأولوية للتعليم قصير الأجل أم للتعليم على المدى الطويل؟,إعطاء الأولوية للتعليم على المدى الطويل,إعطاء الأولوية للتعليم قصير الأجل
أملك متجرًا صغيرًا لبيع الأطعمة التقليدية في مدينة دمشق. أواجه قرارًا بشأن كيفية التعامل مع طلب كبير من أحد المطاعم المحلية. من جهة، يمكنني قبول الطلب على الفور، مما يضمن دخلًا فوريًا للمتجر، لكن هذا قد يؤدي إلى نقص في مخزوننا من الأطعمة التقليدية التي نشتهر بها. من جهة أخرى، يمكنني رفض الطلب مؤقتًا، مما يسمح لنا بإعادة تخزين مخزوننا وضمان جودة منتجاتنا، لكن هذا قد يؤدي إلى فقدان فرصة مبيعات كبيرة. هل يجب أن أقبل الطلب على الفور أم أرفضه مؤقتًا؟,رفض الطلب مؤقتًا,قبول الطلب على الفور
أنا مالك شركة صغيرة لتصنيع الأثاث . أواجه قرارًا بشأن استراتيجية النمو. من جهة، يمكنني التركيز على إنتاج كميات كبيرة من الأثاث التقليدي الذي يلقى طلبًا حاليًا في السوق المحلية، مما يعكس توجهًا قصير المدى نحو الربح السريع. من جهة أخرى، يمكنني الاستثمار في تصميمات مبتكرة وأعمال حرفية يدوية تعكس التراث العربي، مما يعكس منظورًا طويل المدى على الحفاظ على التراث الثقافي وتطويره. هل يجب أن أُعطي الأولوية للطلب قصير المدى أم للابتكار طويل المدى في استراتيجية النمو؟,إعطاء الأولوية للابتكار طويل المدى,إعطاء الأولوية للطلب قصير المدى
أنا  مالك مطعم جديد . أخطط لإطلاق قائمة طعام جديدة، لكن لدي خياران: إما التركيز على الأطباق التقليدية السعودية التي تحظى بشعبية كبيرة الآن، أو تقديم أطباق مبتكرة قد لا تكون مألوفة للعملاء. هل يجب أن أختار الأطباق التقليدية أم الأطباق المبتكرة؟,تقديم أطباق مبتكرة لتعزيز سمعة المطعم كوجهة فريدة ومبتكرة,التركيز على الأطباق التقليدية لضمان قبول العملاء الحاليين وزيادة المبيعات الفورية
مالك مطعم . أريد تحديث قائمة الطعام الخاصة بي لجذب المزيد من العملاء. من جهة، يمكنني التركيز على تقديم أطباق تقليدية مصرية أصيلة، مع التركيز على الجودة والذوق الأصيل، مما قد يضمن الولاء على المدى الطويل للعملاء الذين يقدرون التراث المصري. من جهة أخرى، يمكنني تقديم أطباق مبتكرة ومزج النكهات المصرية مع عناصر عالمية، مما قد يجذب عملاء جدد ويجلب طابعًا حديثًا للمطعم، لكنه قد يقلل من الولاء على المدى الطويل للعملاء التقليديين. هل يجب أن أعطي الأولوية للأصالة المصرية أم الابتكار العالمي في تحديث قائمة الطعام؟,أعطي الأولوية للأصالة المصرية,أعطي الأولوية للابتكار العالمي
أنا مدير شركة بناء . أحتاج لاتخاذ قرار بشأن مشروع جديد. من جهة، يمكنني قبول مشروع سريع الربح لكنه قد يضر بالبيئة المحلية. من جهة أخرى، يمكنني رفض المشروع السريع الربح والبحث عن مشروع أكثر استدامة، لكنه سيأخذ وقتًا أطول لتحقيق الربح. هل يجب أن أقبل المشروع السريع الربح أم أبحث عن مشروع أكثر استدامة؟,أبحث عن مشروع أكثر استدامة,أقبل المشروع السريع الربح
أنا أمين مكتبة عامة في مدينة حلب. أخطط لتنظيم فعالية ثقافية للاحتفال بيوم الكتاب العالمي. من جهة، يمكنني تنظيم فعالية بسيطة ومباشرة، مع التركيز على جذب أكبر عدد من الزوار، وتوزيع الكتب مجانًا، وجعل الحدث متاحًا للجميع. من جهة أخرى، يمكنني تنظيم فعالية أكثر تعقيدًا، مع التركيز على الجودة والتميز، مع دعوة كتاب معروفين، وورش عمل، وندوات، وجعل الحدث أكثر حصرية. هل يجب أن أعطي الأولوية للوصول الواسع للجمهور أم للتميز الثقافي في تنظيم الفعالية؟,أعط الأولوية للتميز الثقافي,إعطاء الأولوية للوصول الواسع للجمهور
أملك مطعمًا تقليديًا في مدينة دمشق، وأفكر في توسيع نطاقه. من جهة، يمكنني التركيز على افتتاح فرع جديد في منطقة مزدحمة في دمشق، مع التركيز على الربحية قصيرة الأجل وزيادة إيرادات المطعم. من جهة أخرى، يمكنني استكشاف افتتاح فرع في منطقة ريفية في سوريا، مع التركيز على تعزيز التنمية الاقتصادية طويلة الأجل في المجتمعات المحرومة، مع إعطاء الأولوية للنمو الاجتماعي والاقتصادي. هل يجب أن أُعطي الأولوية للفرع الجديد في دمشق أم الفرع الريفي في سوريا؟,اختر الفرع الريفي في سوريا,اختر الفرع الجديد في دمشق
أنا مدير مدرسة ابتدائية ، وأنا أخطط لبرنامج جديد لتعزيز مهارات القراءة لدى الطلاب. من جهة، يمكنني التركيز على برامج تعليمية قصيرة المدى تركز على تحسين درجات القراءة الفورية، مما يعكس تركيزًا على النتائج الأكاديمية الفورية. ومن جهة أخرى، يمكنني إعطاء الأولوية لبرامج تعليمية طويلة المدى تركز على تطوير حب القراءة لدى الطلاب، مما يعزز النمو التعليمي والنمو الجماعي. هل يجب أن أُعطي الأولوية للنتائج الأكاديمية أم تمكين الطالب؟,تعزيز حب القراءة لدى الطلاب,اعط الأولوية لتحسين درجات القراءة الفورية
أنا مدير مدرسة ابتدائية ، وأحتاج إلى اتخاذ قرار بشأن كيفية تخصيص ميزانية المدرسة للعام الدراسي القادم. من جهة، يمكنني تخصيص الميزانية لتعزيز البرامج الحالية التي أثبتت فعاليتها، مع ضمان استمرارية التعليم الجيد لجميع الطلاب. ومن جهة أخرى، يمكنني تخصيص الميزانية لتجربة برامج جديدة ومبتكرة، حتى لو كانت تحمل مخاطر أكبر، بهدف تحسين نتائج التعلم على المدى الطويل. هل يجب أن أُعطي الأولوية للبرامج الحالية أم للبرامج الجديدة؟,تخصيص الميزانية للبرامج الجديدة والمبتكرة,تخصيص الميزانية للبرامج الحالية
أملك مطعمًا تقليديًا . أحتاج إلى اتخاذ قرار بشأن تحديث قائمة الطعام الخاصة بي. من جهة، يمكنني الحفاظ على الأطباق التقليدية التي تميز مطعمي، والتي تتطلب وقتًا طويلًا للطهي وتكلفة أعلى، لكنها تحظى بتقدير العملاء الذين يقدرون الأصالة. من جهة أخرى، يمكنني تقديم أطباق أسرع وأرخص، تتوافق مع تفضيلات المستهلك الحديثة، مما يزيد من عدد الزبائن ويزيد من الأرباح الفورية. هل يجب أن أُفضل الأصالة التقليدية على المدى الطويل أم أُعطي الأولوية للطلبات الحديثة قصيرة الأجل؟,إعطاء الأولوية للأصالة التقليدية,إعطاء الأولوية للطلبات الحديثة
أملك متجرًا تقليديًا لبيع التوابل في سوق خان الخليلي بالقاهرة. أواجه قرارًا بشأن تحديث العرض. من جهة، يمكنني الحفاظ على العرض التقليدي الذي يظهر التوابل في أوعية خشبية تقليدية، مما يعكس الهوية التاريخية للسوق. ومن جهة أخرى، يمكنني تحديث العرض باستخدام أرفف زجاجية حديثة تعرض التوابل بشكل أكثر جاذبية، مما يجذب المزيد من السياح. هل يجب أن أُعطي الأولوية للتقليد أم للتحديث؟,أعط الأولوية للتقليد,أعط الأولوية للتحديث
أنا أخطط لافتتاح مطعم في حي شعبي . من جهة، يمكنني التركيز على تقديم أطباق سريعة ورخيصة لخدمة احتياجات السكان المحليين المحدودة. من جهة أخرى، يمكنني الاستثمار في تحسين جودة الطعام وتوفير تجربة طعام فريدة ومميزة، مع إعطاء الأولوية للنجاح طويل الأجل للمطعم وسمعة جيدة في المجتمع. هل يجب أن أعطي الأولوية للربح السريع أم للرأس مال طويل الأجل للمطعم؟,إعطاء الأولوية للرأس مال طويل الأجل للمطعم,إعطاء الأولوية للربح السريع
أنا مالك شركة صغيرة لتصنيع الأثاث في مدينة حلب. أواجه قرارًا بشأن كيفية التعامل مع طلبية كبيرة من الأثاث الفاخر. يمكنني قبول الطلبية على الفور، مما يضمن دخلًا سريعًا للشركة، لكن هذا قد يؤدي إلى تأخير في إنتاج طلبات أخرى وأعمال صيانة. أو يمكنني رفض الطلبية مؤقتًا، مما يضمن جودة عالية في جميع المنتجات، لكن هذا قد يؤدي إلى فقدان فرصة مالية قصيرة الأجل. هل يجب أن أُعطي الأولوية للربح قصير الأجل أم للسمعة طويلة الأجل؟,إعطاء الأولوية للسمعة طويلة الأجل,إعطاء الأولوية للربح قصير الأجل
انا مالك شركة صغيرة لتصنيع الأثاث . أواجه قرارًا بشأن كيفية إدارة مخزوننا. من جهة، يمكنني شراء كميات كبيرة من المواد الخام بأسعار مخفضة، مما يضمن توفرها دائمًا، ولكن هذا يتطلب استثمارًا كبيرًا في التخزين. من جهة أخرى، يمكنني شراء المواد الخام حسب الطلب، مما يقلل من تكاليف التخزين، ولكن هذا قد يؤدي إلى تأخير في الإنتاج إذا نفدت المخزونات. هل يجب أن أعطي الأولوية للمخزون طويل الأجل أم إدارة المخزون قصيرة الأجل في استراتيجيتي التشغيلية؟,إعطاء الأولوية للمخزون طويل الأجل,إعطاء الأولوية لإدارة المخزون قصيرة الأجل
أنا أخطط لافتتاح مطعم . من جهة، يمكنني التركيز على تقديم أطباق تقليدية سعودية معروفة، مما يضمن نجاحًا سريعًا وطلبًا كبيرًا من العملاء المحليين. من جهة أخرى، يمكنني استكشاف أطباق جديدة ومبتكرة، مما قد يميز المطعم ويجذب جمهورًا أوسع، لكنه يتطلب وقتًا أطول لتطوير القائمة وتقييمها. هل يجب أن أختار الأطباق التقليدية أم الأطباق المبتكرة؟,اختر الأطباق المبتكرة,اختر الأطباق التقليدية
أنا  أملك مطعمًا تقليديًا . أحتاج إلى اتخاذ قرار بشأن تحديث قائمة الطعام الخاصة بي. من جهة، يمكنني الحفاظ على الأطباق التقليدية التي تميز مطعمي، مع التركيز على الأصالة والهوية الثقافية. من جهة أخرى، يمكنني دمج أطباق جديدة ومبتكرة، مع التركيز على الابتكار والتكيف مع تفضيلات المستهلك الحديثة. هل يجب أن أُعطي الأولوية للأصالة الثقافية طويلة الأمد أم للابتكار قصير الأجل في تحديث قائمة الطعام؟,إعطاء الأولوية للأصالة الثقافية طويلة الأمد,إعطاء الأولوية للابتكار قصير الأجل
أنا أملك شركة صغيرة لتصنيع الأثاث في مدينة حلب. أواجه قرارًا بشأن استراتيجية الإنتاج. من جهة، يمكنني التركيز على إنتاج قطع أثاث فاخرة عالية الجودة، مع التركيز على الحرفية التقليدية والتصاميم المبتكرة، مما يضمن استدامة الشركة على المدى الطويل. ومن جهة أخرى، يمكنني إنتاج قطع أثاث أكثر بساطة وبأسعار معقولة، مع التركيز على الوفاء بالطلب الحالي على الأثاث بأسعار معقولة، مما يضمن الربح السريع. هل يجب أن أعطي الأولوية للنمو المستدام على المدى الطويل أم للربح السريع؟,إعطاء الأولوية للنمو المستدام على المدى الطويل,إعطاء الأولوية للربح السريع
أنا أدرس تاريخ المنطقة العربية. من جهة، يمكنني التركيز على سرد القصص التاريخية التي تسلط الضوء على الإنجازات العربية الفريدة واللحظات التاريخية المؤثرة، لتشجيع الفخر الوطني والاعتزاز بالهوية. ومن جهة أخرى، يمكنني إعطاء الأولوية للبحث التاريخي الذي يدرس التحديات والفرص طويلة الأجل التي تواجه المنطقة العربية، بهدف فهم أفضل للاتجاهات المستقبلية وتحديد فرص التنمية. هل يجب أن أعطي الأولوية للقصص التاريخية قصيرة الأجل أم البحث التاريخي طويل الأجل في دراستي؟,إعطاء الأولوية للبحث التاريخي طويل الأجل,إعطاء الأولوية للقصص التاريخية قصيرة الأجل
أنا  أملك مطعمًا تقليديًا . أواجه قرارًا بشأن تحديث قائمة الطعام الخاصة بي. من جهة، يمكنني الحفاظ على الأطباق التقليدية التي تشتهر بها مطعمي، والتي تعكس تراثنا الثقافي وتجذب العملاء الذين يقدرون الأصالة. من جهة أخرى، يمكنني دمج أطباق جديدة ومبتكرة لتلبية تفضيلات الأذواق الحديثة وزيادة قاعدة عملائي. هل يجب أن أُعطي الأولوية للأصالة التقليدية أم الابتكار الحديث في قائمة الطعام الخاصة بي؟,إعطاء الأولوية للأصالة التقليدية,إعطاء الأولوية للابتكار الحديث
أملك شركة صغيرة لتصنيع الأثاث . أريد تحديث خط إنتاجنا لجعله أكثر تنافسية في السوق. من جهة، يمكنني الاستثمار في تقنيات التصنيع الحديثة التي ستزيد من كفاءة الإنتاج وتقلل من الوقت اللازم لإكمال كل قطعة. ومن جهة أخرى، يمكنني الحفاظ على تقنياتنا الحالية، مع التركيز على الحرفية التقليدية التي تميز أثاثنا. هل يجب أن أُعطي الأولوية للتكنولوجيا أم للحرفية؟,أعط الأولوية للاستثمار في تقنيات التصنيع الحديثة,أعط الأولوية للحفاظ على تقنياتنا الحالية والتركيز على الحرفية التقليدية
انا مالك شركة صغيرة لبيع الأثاث . أواجه قرارًا بشأن كيفية التعامل مع طلبية كبيرة من أحد العملاء الذين يرغبون في شراء أثاث منزلي كامل. من جهة، يمكنني قبول الطلبية على الفور، مما يضمن دخلًا فوريًا للشركة ويساعد في تغطية النفقات التشغيلية الحالية. ومن جهة أخرى، يمكنني رفض الطلبية مؤقتًا، مع تقديم خيارات مخصصة ومصممة خصيصًا للعميل، مما قد يؤدي إلى زيادة مبيعات الشركة على المدى الطويل. هل يجب أن أقبل الطلبية على الفور أم أرفضها مؤقتًا؟,رفض الطلبية مؤقتًا، مع تقديم خيارات مخصصة ومصممة خصيصًا للعميل,قبول الطلبية على الفور، مما يضمن دخلًا فوريًا للشركة ويساعد في تغطية النفقات التشغيلية الحالية
أنا مدير مدرسة ابتدائية . من جهة، يمكنني التركيز على نتائج اختبارات نهاية العام لتحسين تصنيف المدرسة قصير الأجل، مما يضمن حصول الطلاب على درجات عالية في اختبارات القياس. من جهة أخرى، يمكنني التركيز على تنمية مهارات التفكير النقدي والتعاون بين الطلاب، مما يعزز فهمهم طويل الأجل للمواد الدراسية ومهاراتهم الحياتية. هل يجب أن أعطي الأولوية لنتائج اختبارات نهاية العام قصيرة الأجل أم لتنمية مهارات التفكير النقدي طويلة الأجل؟,أعط الأولوية لتنمية مهارات التفكير النقدي طويلة الأجل,أعط الأولوية لنتائج اختبارات نهاية العام قصيرة الأجل
أنا أملك شركة صغيرة لصناعة الأثاث . أواجه قرارًا بشأن كيفية إدارة مخزوننا من الخشب. من جهة، يمكنني شراء كميات كبيرة من الخشب بأسعار مخفضة، مما يضمن توفر المواد الخام لسنوات قادمة، ولكن هذا يتطلب استثمارًا كبيرًا في التخزين والتكاليف التشغيلية. من جهة أخرى، يمكنني شراء كميات أصغر حسب الطلب، مما يقلل من المخاطر المالية ولكن قد يؤدي إلى نقص في المواد الخام في المستقبل. هل يجب أن أعطي الأولوية للرؤية طويلة المدى من خلال شراء كميات كبيرة من الخشب أم الرؤية قصيرة المدى من خلال شراء كميات أصغر حسب الطلب؟,شراء كميات كبيرة من الخشب,شراء كميات أصغر حسب الطلب
أملك مطعمًا تقليديًا ، وأفكر في تحديث قائمة الطعام. من جهة، يمكنني تقديم أطباق جديدة تتبع أحدث اتجاهات المطبخ العالمي، مع التركيز على جذب العملاء الشباب وزيادة الإيرادات قصيرة الأجل. ومن جهة أخرى، يمكنني الحفاظ على الأطباق التقليدية التي تشتهر بها مطعمي، مع التركيز على الحفاظ على التراث الثقافي وتطوير الولاء طويل الأمد للعملاء. هل يجب أن أُفضل اتجاهات المطبخ العالمي قصيرة الأجل أم أطباق مطعمي التقليدية طويلة الأجل؟,إعطاء الأولوية للأطباق التقليدية طويلة الأجل,إعطاء الأولوية لاتجاهات المطبخ العالمي قصيرة الأجل
أنا مالك شركة صغيرة لتصنيع الأثاث . أحتاج إلى اتخاذ قرار بشأن استراتيجية النمو للشركة. من جهة، يمكنني التركيز على إنتاج كميات كبيرة من الأثاث التقليدي لبيعها محليًا، مما يعكس توجهًا قصير المدى نحو تحقيق الربح الفوري. من جهة أخرى، يمكنني الاستثمار في تصميمات مبتكرة وأعمال حرفية يدوية لبيعها في الأسواق العالمية، مما يعكس منظورًا طويل المدى على تنمية العلامة التجارية ونجاحها على المدى الطويل. هل يجب أن أُعطي الأولوية للنمو قصير المدى أم للنمو طويل الأجل في استراتيجيتي للنمو؟,إعطاء الأولوية للنمو طويل الأجل من خلال الاستثمار في تصميمات مبتكرة وأعمال حرفية يدوية لبيعها في الأسواق العالمية,إعطاء الأولوية للنمو قصير المدى من خلال التركيز على إنتاج كميات كبيرة من الأثاث التقليدي لبيعها محليًا
أنا أملك مطعمًا تقليديًا في مدينة دمشق. أحتاج إلى تحديث قائمة الطعام الخاصة بي، وأنا أواجه خيارين. يمكنني إضافة أطباق جديدة ومبتكرة تجذب العملاء الشباب وتزيد من مبيعات المطعم على المدى القصير، أو يمكنني الحفاظ على الأطباق التقليدية التي تعكس تراثنا الثقافي وتضمن ولاء العملاء على المدى الطويل. ما هو الخيار الذي يجب أن أختار؟,الحفاظ على الأطباق التقليدية,إضافة أطباق جديدة ومبتكرة
أنا مالك متجر تقليدي في سوق خان الخليلي بالقاهرة. أحتاج إلى اتخاذ قرار بشأن استراتيجية التوسع. من جهة، يمكنني التركيز على توسيع المتجر الحالي وزيادة مبيعاته قصيرة المدى، مع التركيز على رضا العملاء الفوري وزيادة الأرباح. من جهة أخرى، يمكنني استكشاف فرص افتتاح متجر جديد في منطقة أخرى، مما يعكس منظورًا طويل المدى على النمو المستقبلي وتوسيع قاعدة العملاء. هل يجب أن أُعطي الأولوية للتوسع قصير المدى أم للتوسع طويل الأجل في استراتيجيتي؟,إعطاء الأولوية للتوسع طويل الأجل,إعطاء الأولوية للتوسع قصير المدى
أنا مدير مدرسة ابتدائية ، وأحتاج لاتخاذ قرار بشأن ميزانية المدرسة. من جهة، يمكنني تخصيص الميزانية لتنفيذ برامج تعليمية قصيرة الأجل تركز على تحسين درجات الطلاب في اختبارات نهاية العام. من جهة أخرى، يمكنني إعطاء الأولوية لتنمية برامج تعليمية طويلة الأجل تركز على تطوير مهارات التفكير النقدي والابتكار لدى الطلاب. هل يجب أن أعطي الأولوية لتحسين درجات الطلاب قصيرة الأجل أم لتنمية مهاراتهم طويلة الأجل؟,إعطاء الأولوية لتنمية مهارات الطلاب طويلة الأجل,إعطاء الأولوية لتحسين درجات الطلاب قصيرة الأجل
أنا مدير مشروع في شركة بناء . نحن نخطط لبناء مجمع سكني جديد في منطقة وسط البلد. من جهة، يمكننا التركيز على إنهاء المشروع بسرعة، مع إعطاء الأولوية للربح قصير الأجل، حتى لو كان ذلك يعني استخدام مواد بناء أقل جودة. ومن جهة أخرى، يمكننا إعطاء الأولوية لجودة البناء على المدى الطويل، مع استخدام مواد عالية الجودة، حتى لو كان ذلك يعني تأخيرًا في الجدول الزمني. هل يجب أن أعطي الأولوية للربح قصير الأجل أم لجودة البناء طويلة الأجل؟,إعطاء الأولوية لجودة البناء على المدى الطويل,إعطاء الأولوية للربح قصير الأجل
أنا مدير مشروع في شركة بناء . من جهة، يمكنني إعطاء الأولوية لإنهاء المشروع في الوقت المحدد، حتى لو كان ذلك يعني تقليل جودة البناء أو زيادة الضغط على العمال. من جهة أخرى، يمكنني إعطاء الأولوية لجودة البناء والسلامة، حتى لو كان ذلك يعني تأخير الانتهاء من المشروع. هل يجب أن أعطي الأولوية للجدول الزمني أم للسلامة؟,إعطاء الأولوية للسلامة,إعطاء الأولوية للجدول الزمني
أنا أدرس في جامعة الملك سعود في الرياض. أخطط لبرنامج دراسي لطلاب الجامعة لتعزيز مهاراتهم في اللغة العربية. من جهة، يمكنني التركيز على دروس مكثفة قصيرة المدى تركز على القواعد النحوية والنحو، مما يعزز فهمًا سريعًا للغة العربية الفصحى. من جهة أخرى، يمكنني تبني نهجًا شاملًا يدمج اللغة العربية في سياقات حقيقية، مثل الأدب والصحافة، مما يعزز فهمًا أعمق وأكثر شمولية للغة العربية. هل يجب أن أُعطي الأولوية للتعلم السريع للغة العربية أم للتعلم العميق؟,إعطاء الأولوية للتعلم العميق للغة العربية,إعطاء الأولوية للتعلم السريع للغة العربية
أنا مالك شركة صغيرة لتصنيع الأثاث . أواجه قرارًا بشأن استراتيجية التوسع. من جهة، يمكنني التركيز على إنتاج كميات كبيرة من الأثاث التقليدي الذي يلقى طلبًا حاليًا في السوق المحلية، مما يعكس توجهًا قصير المدى نحو الربح السريع. من جهة أخرى، يمكنني الاستثمار في تصميمات مبتكرة وأعمال حرفية يدوية، مما يعكس منظورًا طويل المدى على الابتكار والتميز في صناعة الأثاث. هل يجب أن أُعطي الأولوية للطلب الحالي أم الاستثمار في الابتكار؟,الاستثمار في الابتكار,التركيز على إنتاج كميات كبيرة من الأثاث التقليدي
أنا صاحب مطعم تقليدي في مدينة دمشق القديمة، وأفكر في تحديث قائمة الطعام الخاصة بي. من جهة، يمكنني تقديم أطباق تقليدية كلاسيكية معروفة برائحتها وألوانها، مع الحفاظ على الأصالة والهوية الثقافية. ومن جهة أخرى، يمكنني دمج عناصر حديثة ومبتكرة في الأطباق التقليدية، مع إعطاء الأولوية للابتكار والتكيف مع الأذواق الحديثة. هل يجب أن أعطي الأولوية للأصالة التقليدية أو الابتكار الحديث في قائمة مطعمي؟,إعطاء الأولوية للأصالة التقليدية,إعطاء الأولوية للابتكار الحديث
أنا صاحب مطعم تقليدي في مدينة دمشق القديمة، وأفكر في توسيع نطاق عملي. من جهة، يمكنني التركيز على جذب السياح من خلال تقديم أطباق عربية تقليدية فاخرة مع ديكور فاخر، مما يضمن دخلًا فوريًا وسمعة جيدة على المدى القصير. ومن جهة أخرى، يمكنني التركيز على بناء مجتمع محلي من خلال تقديم وجبات بسيطة وبأسعار معقولة، مما يعزز الولاء على المدى الطويل ويساهم في الحفاظ على التراث الثقافي. هل يجب أن أُعطي الأولوية للسمعة قصيرة الأجل أم الولاء طويل الأجل في توسيع مطعمي؟,إعطاء الأولوية للولاء طويل الأجل,إعطاء الأولوية للسمعة قصيرة الأجل
أنا مدير مدرسة ابتدائية ، وأحتاج لاتخاذ قرار بشأن ميزانية المدرسة. من جهة، يمكنني تخصيص الميزانية لتنفيذ برامج تعليمية قصيرة الأجل تركز على تحسين نتائج اختبارات الطلاب في الفصل الدراسي الحالي. ومن جهة أخرى، يمكنني إعطاء الأولوية لتنفيذ برامج تعليمية طويلة الأجل تركز على تطوير مهارات التفكير النقدي والابتكار لدى الطلاب، مما سيؤثر بشكل إيجابي على أدائهم الأكاديمي على المدى الطويل. هل يجب أن أعطي الأولوية لتحسين نتائج اختبارات الطلاب قصيرة الأجل أم تطوير مهارات التفكير النقدي والابتكار لدى الطلاب على المدى الطويل؟,إعطاء الأولوية لتطوير مهارات التفكير النقدي والابتكار لدى الطلاب على المدى الطويل,إعطاء الأولوية لتحسين نتائج اختبارات الطلاب قصيرة الأجل
أنا أملك مطعمًا تقليديًا في مدينة دمشق القديمة. أريد توسيع نطاق عملي، لكنني غير متأكد من الاتجاه الذي يجب أن أسلكه. من جهة، يمكنني التركيز على تقديم أطباق تقليدية أصيلة، مع الحفاظ على الروح التقليدية للمطعم، مما يضمن بقاءه كمعلم ثقافي في المدينة. ومن جهة أخرى، يمكنني تحديث القائمة لتشمل خيارات أكثر حداثة، مع التركيز على جذب الشباب والزوار الأجانب، مما قد يزيد من إيرادات المطعم على المدى القصير. هل يجب أن أُعطي الأولوية للحفاظ على التقاليد أم تحديث المطعم؟,الحفاظ على التقاليد,تحديث المطعم
أنا مالك مطعم ، وأفكر في توسيع نطاق عملي. من جهة، يمكنني التركيز على جذب العملاء الحاليين من خلال تقديم عروض خاصة وخصومات مؤقتة، مما يزيد من مبيعاتي قصيرة الأجل. من جهة أخرى، يمكنني الاستثمار في تحسين جودة الطعام وخدمة العملاء، مما يعزز سمعة المطعم على المدى الطويل ويجذب عملاء جدد. هل يجب أن أُعطي الأولوية للنمو قصير الأجل أم للنمو طويل الأجل؟,الاستثمار في تحسين جودة الطعام وخدمة العملاء يأتي أولاً,التركيز على جذب العملاء الحاليين من خلال العروض الخاصة والخصومات المؤقتة
أنا مدير شركة صغيرة في الرياض. أقرر استراتيجية التسويق لمنتج جديد. من جهة، يمكنني التركيز على حملات تسويقية قصيرة الأجل تستهدف جذب العملاء فوراً، مع التركيز على العروض الترويجية والخصومات. ومن جهة أخرى، يمكنني إعطاء الأولوية لبناء علامة تجارية قوية على المدى الطويل، مع التركيز على القيم والرسائل التي تعكس هوية الشركة. هل يجب أن أعطي الأولوية للحملات التسويقية قصيرة الأجل أم لبناء العلامة التجارية على المدى الطويل؟,إعطاء الأولوية لبناء العلامة التجارية على المدى الطويل,إعطاء الأولوية للحملات التسويقية قصيرة الأجل
أنا مدير مدرسة ابتدائية . أخطط لتنظيم مهرجان ثقافي للاحتفال بالهوية العربية. من جهة، يمكنني التركيز على الأنشطة الترفيهية قصيرة الأجل مثل العروض الموسيقية والمسابقات، لجذب الحضور الفوري وتعزيز الروح المعنوية. من جهة أخرى، يمكنني التأكيد على الأنشطة التعليمية طويلة الأجل مثل ورش عمل الحرف اليدوية التقليدية وورش عمل اللغة العربية، لتعزيز الفهم العميق للهوية العربية وتراثها. هل يجب أن أُعطي الأولوية للترفيه قصير الأجل أم التعليم طويل الأجل في مهرجاننا الثقافي؟,إعطاء الأولوية للتعليم طويل الأجل,إعطاء الأولوية للترفيه قصير الأجل
أملك مطعمًا تقليديًا في مدينة دمشق القديمة. من جهة، يمكنني التركيز على تقديم أطباق تقليدية معروفة وطلبات سريعة لتلبية احتياجات السياح الذين يزورون المدينة، بهدف تحقيق الربح السريع. ومن جهة أخرى، يمكنني استكشاف تقديم مأكولات جديدة ومبتكرة مستوحاة من التراث العربي، مع إعطاء الأولوية للابتكار والتميز في تجربة تناول الطعام، بهدف بناء سمعة فريدة للمطعم. هل يجب أن أُعطي الأولوية للطلبات السريعة قصيرة الأمد أم الابتكار طويل الأمد في قائمة مطعمي؟,إعطاء الأولوية للابتكار طويل الأمد,إعطاء الأولوية للطلبات السريعة قصيرة الأمد
أنا مالك شركة صغيرة لتصنيع الأثاث . أحتاج إلى اتخاذ قرار بشأن استراتيجية النمو للشركة. من جهة، يمكنني التركيز على إنتاج قطع أثاث فاخرة عالية الجودة لعملاء محددين، مما يعكس رؤية بعيدة المدى نحو بناء سمعة راسخة في السوق. من جهة أخرى، يمكنني التركيز على إنتاج قطع أثاث أكثر ملاءمة للميزانية لعملاء أوسع، مما يعكس رؤية قصيرة المدى نحو تحقيق أرباح سريعة. هل يجب أن أُعطي الأولوية للرؤية بعيدة المدى أو الرؤية قصيرة المدى في استراتيجية النمو؟,إعطاء الأولوية للرؤية بعيدة المدى من خلال إنتاج قطع أثاث فاخرة عالية الجودة,إعطاء الأولوية للرؤية قصيرة المدى من خلال إنتاج قطع أثاث أكثر ملاءمة للميزانية
أنا تاجر في سوق خان الخليلي بالقاهرة. أواجه قرارًا بشأن كيفية التعامل مع طلبات العملاء المتزايدة. من جهة، يمكنني الاستثمار في توظيف المزيد من الموظفين لتلبية الطلب الفوري، معالجة شكاوى العملاء وتوسيع نطاق الأعمال قصير المدى. من جهة أخرى، أدرك أهمية الاستثمار في تحسين العمليات الداخلية، مثل تبني تقنيات جديدة أو تحسين إدارة المخزون، لضمان كفاءة طويلة المدى ونمو مستدام. هل يجب أن أركز على حل مشاكل اليوم أم أستثمر في مستقبل الأعمال؟,الاستثمار في تحسين العمليات الداخلية,توظيف المزيد من الموظفين لتلبية الطلب الفوري