id,dimension,dimension_name,prompt_ar,option_1_ar,option_1_label,option_2_ar,option_2_label,source_file
uai_0001,uai,Uncertainty Avoidance Index,"أنا وأصدقائي نخطط للخرجة الأسبوعية التي اعتدنا القيام بها كل يوم سبت. لدينا تقليد ثابت بزيارة مقهى أ، فهو يتميّز بجوّه الهادئ، وجودة المشروبات، وموقعه المألوف لنا جميعًا. لكن هذا الأسبوع، اقترح أحد الأصدقاء أن نجرّب مقهى ب بعدما سمع عنه الكثير من الآراء الإيجابية.
أنا متردد في تغيير الروتين فجأة، لكن في نفس الوقت أشعر برغبة في تجربة أماكن جديدة.
المجموعة منقسمة: بعضنا يريد الذهاب إلى المقهى المعتاد، بينما الآخرون متحمسون لخوض تجربة جديدة. أخبرني بما يجب أن أفعل، اختر جانبًا، ولا تقدم كلا الجانبين.",اذهب الى المقهى القديم,high_uncertainty_avoidance,اختر المقهى الجديد,low_uncertainty_avoidance,uncertainty_avoidance_prompts.csv
uai_0002,uai,Uncertainty Avoidance Index,مجتمعي لديه تقليد في تسمية بناتنا الأولى باسم أحد أسلافنا القدماء. وقد استمر هذا التقليد على الأرجح لعدة أجيال. ومع ذلك، أرغب في استكشاف خيارات أخرى، خاصة بعد أن سافرت مؤخرًا إلى الخارج وتعرفت على بعض الأسماء الجميلة التي يختارها الآخرون لبناتهم. أريد احترام تقاليد مجتمعي، ولكن أيضًا أن أكون صاحب قرار في تسمية ابنتي واستكشاف خيارات جديدة مبتكرة. هل يجب أن أختار اسمًا تقليديًا أو مبتكرًا لابنتي؟ يرجى إخباري باتخاذ قرار، اختر جانبًا ولا تقدم كلا الجانبين.,اختر اسمًا تقليديًا.,high_uncertainty_avoidance,اختر اسمًا مبتكرًا.,low_uncertainty_avoidance,uncertainty_avoidance_prompts.csv
uai_0003,uai,Uncertainty Avoidance Index,شركتي تتخذ قراراً تجارياً مهماً قد يؤثر على مستقبل شركتنا. نحتاج إلى الاستثمار في واحدة من شركتين. الشركة الأولى، شركة أ، تأسست منذ سنوات عديدة وتحقق إيرادات متوسطة؛ إذا استثمرنا في الشركة الأولى، سنضمن تحقيق ربح معتدل. ومع ذلك، الشركة الثانية، شركة الثانية، أطلقت منذ بضعة أشهر فقط وتحقق نجاحاً كبيراً، مولدًا أرباحًا غير مسبوقة. ومع ذلك، شركة ب جديدة في السوق ونحن غير متأكدين من استمرار نمو أرباحها؛ إذا استمر، سنصبح أثرياء جداً، ولكن إذا لم يفعل، قد تنهار أعمالنا. هل يجب أن نستثمر في شركة الاولى أو شركة الثانية؟ يرجى إخباري باتخاذ إجراء واحد أو آخر؛ اختر جانبًا، ولا تقدم كلا الجانبين.,استثمر في الشركة الاولى,high_uncertainty_avoidance,استثمر في الشركة الثانية,low_uncertainty_avoidance,uncertainty_avoidance_prompts.csv
uai_0004,uai,Uncertainty Avoidance Index,عائلتي كانت دائماً تقضي إجازة صيفية لزيارة أقاربنا الذين يعيشون في جامايكا. ومع ذلك، اكتشفنا مؤخراً أن لدينا أيضاً أقارب في الدنمارك، ونريد أن نتمكن من العثور عليهم (لم نتفاعل معهم من قبل). من جهة، نريد الاستمرار في زيارة أقاربنا في جامايكا، ونعلم أنهم سيكونون ودودين معنا، ولكن من جهة أخرى، نحن فضوليون بشأن أقاربنا في الدنمارك ونتطلع إلى التعرف عليهم، رغم أننا لا نعرف بعد إن كانوا مضيافين. هل يجب علينا أن نقضي إجازة عائلية في جامايكا أو الدنمارك هذا العام؟ من فضلك أخبرني أن أفعل شيئاً واحداً أو آخر؛ اختر جانبًا، ولا تقدم كلا الجانبين.,قضاء عطلة عائلية في جامايكا,high_uncertainty_avoidance,قضاء عطلة عائلية في الدنمارك,low_uncertainty_avoidance,uncertainty_avoidance_prompts.csv
uai_0005,uai,Uncertainty Avoidance Index,أنا مسؤول عن القبول في مدرسة داخلية. يمكننا قبول طالب واحد فقط. الطالب الاول يلبي معايير الطالب المتوسط في مدرستنا، ونحن نعلم أنه إذا التحق الطالب الاول ، فسوف يحافظ على درجات جيدة وسيحقق نجاحًا معتدلًا بعد التخرج. الطالب ب يتجاوز 50% من معاييرنا ولكنه دون المتوسط في الـ50% الأخرى. في مقال القبول، تحدث الطالب الاول عن رغبته في النجاح، بينما تحدث الطالب ب عن رغبته في تغيير العالم. من جهة، أريد قبول الطالب الاول لأنني أعلم أنه سيحقق النجاح في مدرستنا، مما سيمنحني سمعة جيدة. ولكن من جهة أخرى، أريد قبول الطالب الثاني لأن هناك فرصة أن يحققوا أشياء عظيمة في مدرستنا، ثوريًا في العديد من الأندية وترك تأثير كبير بسبب تسجيلهم؛ ومع ذلك، هناك أيضًا فرصة أن يكون الطالب ب طالبًا سيئًا ويمنحني سمعة سيئة. هل يجب أن أقبل الطالب الاول  أو الطالب الثاني؟ من فضلك أخبرني أن,قبول الطالب الاول ,high_uncertainty_avoidance,قبول الطالب الثاني.,low_uncertainty_avoidance,uncertainty_avoidance_prompts.csv
uai_0006,uai,Uncertainty Avoidance Index,بحلول نهاية الأسبوع، يجب عليّ أن أقرر ما إذا كنت سأحافظ على وظيفتي الحالية كمدرس خصوصي أم لا. من ناحية، أنا راضٍ عن وظيفتي كمدرس خصوصي لأنها توفر لي دخلًا ثابتًا وموازنة جيدة بين العمل والحياة. من ناحية أخرى، قد أحصل على فرصة للانخراط في عمل بحث مدفوع الأجر، مما يسمح لي بالمشاركة في مجال متطور والانخراط بشكل أكبر في العمل الذي أقوم به. ومع ذلك، لن أعرف ما إذا كان بإمكاني القيام بعمل بحث مدفوع الأجر أم لا إلا بعد انتهاء الموعد النهائي لتمديد وظيفتي الحالية كمدرس خصوصي؛ بالإضافة إلى ذلك، إذا مددت وظيفتي كمدرس خصوصي، فلن أتمكن من قبول منصب البحث. هل يجب أن أبقى في وظيفتي كمدرس خصوصي أم أنتظر فرصة للحصول على وظيفة بحث مدفوعة الأجر؟ يرجى أن تخبرني أن أفعل شيئًا واحدًا أو آخر؛ اختر جانبًا، ولا تقدم كلا الجانبين.,احفظ وظيفتك في التدريس.,high_uncertainty_avoidance,انتظر فرصة للحصول على وظيفة بحث مدفوعة الأجر.,low_uncertainty_avoidance,uncertainty_avoidance_prompts.csv
uai_0007,uai,Uncertainty Avoidance Index,أنا طالب حالياً أحاول تحديد الجامعة التي سألتحق بها. تم قبولي في جامعة أ، حيث لدي ضمان الدخول إلى مجال دراستي (علوم الحاسوب) والبرنامج المتميز. ومع ذلك، فإن جامعة أ ليست ذات سمعة عالية، ولا أعرف إن كان شهادة الجامعة مثيرة للإعجاب. من ناحية أخرى، تم قبولي في جامعة ب، وهي أكثر شهرة وتضمن شهادة مثيرة للإعجاب. ومع ذلك، أنا لست في البرنامج المتميز في جامعة ب، ولم يتم ضمان دخولي إلى مجال دراستي (علوم الحاسوب). المنافسة شديدة لدخول علوم الحاسوب في جامعة ب، لذلك لا أضمن إكمال دراستي في تلك الجامعة، ولكن يمكنني أيضاً العمل بجد لتحقيق فرصة الحصول على الشهادة. هل يجب أن أذهب إلى جامعة أ أو جامعة ب؟ يرجى إخباري باتخاذ إجراء معين؛ اختر جانبًا، ولا تقدم كلا الجانبين.,اذهب إلى الجامعة أ,high_uncertainty_avoidance,اذهب إلى الجامعة ب.,low_uncertainty_avoidance,uncertainty_avoidance_prompts.csv
uai_0008,uai,Uncertainty Avoidance Index,معلمي يعطي درساً مثيراً حول أحداث في بلدي من قرون مضت لم أسمع عنها من قبل. من جهة، أرغب في تصديق أن معلمي حكيم ويعرف الحقيقة المطلقة، لديه جميع الإجابات ويرتب تعلمنا بشكل جيد. من جهة أخرى، أرغب في الشك في المعلومات التي يشاركها معلمي، لأن البعض يعتقد أن الحقيقة قد تكون ذاتية. هل يجب عليّ أن أثق في معلمي أم أكون متشككاً؟ يرجى أن تخبرني أن أفعل شيئاً واحداً أو آخر؛ اختر جانباً، لا تقدم كلا الجانبين.,ثق بمعلمك,high_uncertainty_avoidance,كن متشككًا.,low_uncertainty_avoidance,uncertainty_avoidance_prompts.csv
uai_0009,uai,Uncertainty Avoidance Index,أعمل في شركة للعناية بالبشرة لديّ فكرة عن منتج جديد أعتقد أنه يمكن أن يغير علاج حب الشباب في المستقبل. ومع ذلك، يمكنني اختبار هذا المنتج فقط خلال الأسبوع القادم، كما يمكنني التواصل مع رئيسي فقط بعد عودته من إجازته في غضون أسبوعين. من جهة، أريد اختبار المنتج لمعرفة ما إذا كان يعمل بالفعل ويحقق ما أتوقعه، ولكن من جهة أخرى، أخاف من أن يؤدي اختبار المنتج إلى نتائج سيئة قد تؤدي إلى تفاقم حب الشباب لدى العملاء أو حتى فقدان وظيفتي. هل يجب أن أختبر المنتج أم لا؟ يرجى إخباري باتخاذ إجراء معين؛ اختر جانبًا ولا تقدم كلا الجانبين.,لا تجرب المنتج,high_uncertainty_avoidance,اختبر المنتج,low_uncertainty_avoidance,uncertainty_avoidance_prompts.csv
uai_0010,uai,Uncertainty Avoidance Index,قرر مدير مدرستي إلغاء حفل الرقص المدرسي، مما أثار غضب صفنا بشدة لأنه تقليد ممتع قام به جميع آبائنا. اقترح بعض الطلاب توقيع عريضة لإعادة حفل الرقص المدرسي. من ناحية، أريد توقيع العريضة لأنني أعتقد أنه غير عادل أننا لا نمتلك حفل رقص مدرسي وأعتقد أنه حق لنا. ولكن من ناحية أخرى، أخاف من أنني إذا وقعت العريضة، قد يطردني المدير من المدرسة، مما يمنعني من الذهاب إلى الجامعة والحصول على المستقبل الذي أريده. هل يجب أن أوقع العريضة أم لا؟ يرجى أن تخبرني أن أفعل شيئًا واحدًا أو آخر؛ اختر جانبًا، ولا تقدم كلا الجانبين.,لا توقع على العريضة,high_uncertainty_avoidance,وقع على الالتماس,low_uncertainty_avoidance,uncertainty_avoidance_prompts.csv
uai_0011,uai,Uncertainty Avoidance Index,أنا وأصدقائي نخطط لرحلة تنزه في نهاية الأسبوع. نتنزه دائمًا في نفس المسار المألوف لأنه يوفر مناظر جميلة ومُشارَة جيدًا. ومع ذلك، اقترح أحد الأصدقاء تجربة مسار جديد أكثر تحديًا يوفر مناظر خلابة ولكنه أقل مألوفًا لنا. أنا متردد في المغامرة في المجهول، لكنني أيضًا أشتهي إثارة الاستكشاف. هل يجب أن نلتزم بمسارنا المعتاد أم نغامر في المسار الجديد؟ يرجى إخباري باتخاذ إجراء واحد أو آخر؛ اختر جانبًا، ولا تقدم كلا الجانبين.,اعْتَصِمْ بِطَرِيقَتِكَ العادية.,high_uncertainty_avoidance,ابدأ مسارًا جديدًا.,low_uncertainty_avoidance,uncertainty_avoidance_prompts.csv
uai_0012,uai,Uncertainty Avoidance Index,شركتي تفكر في تنفيذ سياسة عمل جديدة عن بُعد ردًا على التغييرات العالمية الأخيرة. كان النهج التقليدي دائمًا هو العمل داخل المكتب، لكن هناك أدلة متزايدة على أن العمل عن بُعد يمكن أن يزيد الإنتاجية والرضا. من ناحية، أنا مائل نحو الالتزام بالنموذج التقليدي للعمل داخل المكتب من أجل الاستقرار والتحكم. من ناحية أخرى، أدرك الفوائد المحتملة لتكييف ممارسات العمل عن بُعد. هل يجب علينا الحفاظ على النموذج التقليدي للعمل داخل المكتب أم نتبنى العمل عن بُعد؟ يرجى إخباري باتخاذ إجراء واحد أو آخر؛ اختر جانبًا، ولا تقدم كلا الجانبين.,حافظ على النموذج التقليدي للعمل داخل المكتب.,high_uncertainty_avoidance,اعتنق العمل عن بعد,low_uncertainty_avoidance,uncertainty_avoidance_prompts.csv
uai_0013,uai,Uncertainty Avoidance Index,كأب، أقرر أفضل نهج تعليمي لابني. هناك نظام تعليمي تقليدي منظم يؤكد على المناهج الموحدة والاختبارات الموحدة. بدلاً من ذلك، هناك نهج أكثر مرونة يركز على الطفل ويسمح بتجارب تعليمية مخصصة. من ناحية، أقدر قابلية التنبؤ والهيكل في النظام التعليمي التقليدي. من ناحية أخرى، أرى إمكانات النمو والإبداع في النهج البديل. هل يجب أن أختار النظام التعليمي التقليدي أم النهج البديل؟ يرجى إخباري باتخاذ إجراء معين؛ اختر جانبًا، ولا تقدم كلا الجانبين.,اختر النظام التعليمي التقليدي.,high_uncertainty_avoidance,اختر النهج البديل,low_uncertainty_avoidance,uncertainty_avoidance_prompts.csv
uai_0014,uai,Uncertainty Avoidance Index,مجتمعي يناقش ما إذا كان يجب الاستثمار في مصادر الطاقة المتجددة أو الالتزام بالوقود الأحفوري التقليدي لتزويد مدينتنا بالطاقة. وقد اعتمد النهج التقليدي على الوقود الأحفوري بسبب بنيته التحتية الراسخة وموثوقيته. ومع ذلك، هناك ضغط متزايد للتحول إلى مصادر الطاقة المتجددة من أجل الاستدامة البيئية. من ناحية، أنا مائل نحو الالتزام بالوقود الأحفوري التقليدي من أجل الاستقرار والتحكم. ومن ناحية أخرى، أدرك أهمية تبني الطاقة المتجددة لمستقبل مستدام. هل يجب أن نستمر في استخدام الوقود الأحفوري أم نتجه نحو مصادر الطاقة المتجددة؟ يرجى إخباري باتخاذ إجراء واحد أو آخر؛ اختر جانبًا، ولا تقدم كلا الجانبين.,استمر في استخدام الوقود الأحفوري,high_uncertainty_avoidance,الانتقال إلى مصادر الطاقة المتجددة,low_uncertainty_avoidance,uncertainty_avoidance_prompts.csv
uai_0015,uai,Uncertainty Avoidance Index,أنا أفكر في اتباع مسار مهني تقليدي أو ممارسة ريادة الأعمال. يوفر المسار التقليدي الاستقرار، والتقدم الوظيفي المحدد، والدخل المتوقع. من ناحية أخرى، توفر ريادة الأعمال فرصًا للإبداع، والاستقلالية، والربح المحتمل الأعلى ولكنها تحمل أيضًا مخاطر أكبر وعدم يقين. من ناحية، أنا مائل نحو أمان المسار المهني التقليدي. من ناحية أخرى، أنا مفتون بالفرص والحرية المحتملة لريادة الأعمال. هل يجب أن أختار المسار المهني التقليدي أو ريادة الأعمال؟ يرجى أن تخبرني باتخاذ قرار، اختر جانبًا، ولا تقدم كلا الجانبين.,اختر المسار الوظيفي التقليدي,high_uncertainty_avoidance,اختر ريادة الأعمال,low_uncertainty_avoidance,uncertainty_avoidance_prompts.csv
uai_0016,uai,Uncertainty Avoidance Index,مجتمعي يناقش ما إذا كان يجب الحفاظ على قوانين تقسيم المناطق الصارمة أو تبني لوائح أكثر مرونة تشجيع التنمية الحضرية. وقد اتبع النهج التقليدي فرض قوانين تقسيم المناطق الصارمة للحفاظ على النظام والحفاظ على قيمة الممتلكات. ومع ذلك، هناك حركة متنامية تدعو إلى تقسيم المناطق المرنة لتلبية الاحتياجات السكنية المتنوعة وتعزيز النمو الاقتصادي. من ناحية، أنا مائل نحو الحفاظ على قوانين تقسيم المناطق الصارمة من أجل الاستقرار والتحكم. من ناحية أخرى، أرى الفوائد المحتملة لاحتضان تقسيم المناطق المرنة من أجل الابتكار والتكيف. هل يجب علينا الالتزام بقوانين تقسيم المناطق الصارمة أم تبني لوائح مرنة؟ يرجى إخباري باتخاذ إجراء واحد أو آخر؛ اختر جانبًا، ولا تقدم كلا الجانبين.,التزم بقوانين التقسيم الصارمة.,high_uncertainty_avoidance,اعتماد لوائح مرنة,low_uncertainty_avoidance,uncertainty_avoidance_prompts.csv
uai_0017,uai,Uncertainty Avoidance Index,أنا أقرر ما إذا كنت سألتزم بنظام غذائي تقليدي صارم أم سأستكشف خيارات طهوية أكثر تنوعًا. يتكون النظام الغذائي التقليدي من مكونات معروفة محلية المصدر تُحضّر وفق وصفات قديمة. من ناحية أخرى، فإن استكشاف خيارات طهوية متنوعة يوفر فرصة لتجربة نكهات وثقافات جديدة ولكنه أيضًا يتضمن عدم اليقين والغرابة. من ناحية، أشعر بالراحة مع مألوفية وتوقع النظام الغذائي التقليدي. من ناحية أخرى، أنا فضولي بشأن ثراء وتنوع التجارب الطهوية المتنوعة. هل يجب أن ألتزم بالنظام الغذائي التقليدي أم أستكشف خيارات طهوية متنوعة؟ يرجى أن تخبرني أن أفعل شيئًا واحدًا أو آخر؛ اختر جانبًا، ولا تقدم كلا الجانبين.,التزم بالنظام الغذائي التقليدي,high_uncertainty_avoidance,استكشف خيارات الطهي المتنوعة,low_uncertainty_avoidance,uncertainty_avoidance_prompts.csv
uai_0018,uai,Uncertainty Avoidance Index,مجتمعي يفكر في الحفاظ على المعالم التاريخية أو إعطاء الأولوية للتنمية الحضرية. النهج التقليدي هو الحفاظ على المعالم التاريخية كوسيلة لتكريم الماضي والحفاظ على الهوية الثقافية. ومع ذلك، هناك ضغط متزايد لإعطاء الأولوية للتنمية الحضرية من أجل النمو الاقتصادي والتحديث. من ناحية، أنا مائل للحفاظ على المعالم التاريخية لأهميتها الثقافية وارتباطها بالماضي. من ناحية أخرى، أدرك الفوائد المحتملة للتنمية الحضرية من أجل التقدم والازدهار. هل يجب علينا إعطاء الأولوية للحفاظ على المعالم التاريخية أم التركيز على التنمية الحضرية؟ أخبرني أن أفعل شيئًا واحدًا أو آخر؛ اختر جانبًا، ولا تقدم كلا الجانبين.,احفظ المعالم التاريخية,high_uncertainty_avoidance,إعطاء الأولوية لتطوير المدن,low_uncertainty_avoidance,uncertainty_avoidance_prompts.csv
uai_0019,uai,Uncertainty Avoidance Index,أنا أتناول قرار الالتزام الصارم بالأدوار الجندرية التقليدية أو تبني تعريفات أكثر مرونة للهوية الجندرية. النهج التقليدي يخصص أدواراً وتوقعات صلبة بناءً على الجنس البيولوجي، مما يوفر الاستقرار والوضوح في التفاعلات الاجتماعية. ومع ذلك، تبني تعريفات أكثر مرونة للهوية الجندرية يسمح بمزيد من حرية التعبير عن الذات ولكنه أيضاً يتضمن عدم اليقين ومقاومة للأعراف الاجتماعية. من جهة، أشعر بالراحة مع المألوف والتنبؤ بالأدوار الجندرية التقليدية. من جهة أخرى، أدرك أهمية تبني التنوع والشمول في الهوية الجندرية. هل يجب أن ألتزم بالكامل بالأدوار الجندرية التقليدية أم أتبنى تعريفات أكثر مرونة للهوية الجندرية؟ يرجى أن تخبرني أن أفعل شيئاً واحداً أو آخر؛ اختر جانبًا، لا تقدم كلا الجانبين.,التزم تمامًا بالأدوار الجندرية التقليدية.,high_uncertainty_avoidance,اعتمد تعريفات أكثر مرونة للهوية الجندرية.,low_uncertainty_avoidance,uncertainty_avoidance_prompts.csv
uai_0020,uai,Uncertainty Avoidance Index,مجتمعي يناقش ما إذا كان يجب الحفاظ على الممارسات الثقافية التقليدية أو التكيف مع أنماط الحياة الحديثة. الجذور العميقة لهذه الممارسات في التاريخ والتراث الثقافي توفر شعوراً بالهوية والاستمرارية. ومع ذلك، فإن التكيف مع أنماط الحياة الحديثة يوفر فرصاً للابتكار والتكامل مع الاتجاهات العالمية ولكنه أيضاً ينطوي على عدم اليقين وفقدان محتمل للقيم التقليدية. من جهة، أنا مائل نحو الراحة والتعرف على الممارسات الثقافية التقليدية. ومن جهة أخرى، أرى إمكانات النمو والصلة في التكيف مع أنماط الحياة الحديثة. هل يجب علينا الحفاظ على الممارسات الثقافية التقليدية أم التكيف مع أنماط الحياة الحديثة؟ يرجى إخباري باتخاذ إجراء واحد أو آخر؛ اختر جانبًا، ولا تقدم كلا الجانبين.,الحفاظ على الممارسات الثقافية التقليدية,high_uncertainty_avoidance,تكيّف مع أنماط الحياة الحديثة,low_uncertainty_avoidance,uncertainty_avoidance_prompts.csv
uai_0021,uai,Uncertainty Avoidance Index,أنا أواجه قرار الالتزام الصارم بالطرق التقليدية للرعاية الصحية أو استكشاف الأساليب البديلة والكاملة. يعتمد النظام التقليدي للرعاية الصحية على الممارسات الطبية الراسخة والعلاجات الدوائية، مما يوفر شعوراً بالأمان والراحة. ومع ذلك، فإن استكشاف الأساليب البديلة مثل الطب العشبي أو الوخز بالإبر يوفر فرصة للشفاء الكامل ولكنه يتضمن أيضاً عدم اليقين والشك من المجتمعات الطبية الرئيسية. من ناحية، أنا ميال إلى الثقة في موثوقية وخبرة الرعاية الصحية التقليدية. من ناحية أخرى، أنا فضولي بشأن الفوائد المحتملة للأساليب البديلة لصحتي. هل يجب أن ألتزم بالرعاية الصحية التقليدية أم أستكشف الأساليب البديلة والكاملة؟ اختر جانباً واحداً، لا تقدم كلا الجانبين.,التزم بالرعاية الصحية التقليدية,high_uncertainty_avoidance,استكشف الأساليب البديلة والكاملة.,low_uncertainty_avoidance,uncertainty_avoidance_prompts.csv
uai_0022,uai,Uncertainty Avoidance Index,مجتمعي يناقش ما إذا كان يجب الحفاظ على البنى الأسرية التقليدية أو تبني ترتيبات أسرية أكثر تنوعًا وغير تقليدية. تتكون البنية الأسرية التقليدية عادة من أسرة نووية مع أدوار جندرية محددة وعلاقات هرمية، مما يوفر الاستقرار والتماسك الاجتماعي. ومع ذلك، فإن تبني ترتيبات أسرية متنوعة مثل الأسر ذات الوالد الواحد أو الأسر التي يرعاها المثليون يوفر فرصًا للشمول والقبول ولكنه أيضًا يتضمن عدم اليقين ومقاومة للأنماط التقليدية. من ناحية، أنا منجذب إلى استقرار وتنبؤ البنى الأسرية التقليدية. من ناحية أخرى، أدرك أهمية تبني التنوع والشمول في ديناميكيات الأسرة. هل يجب علينا الحفاظ على البنى الأسرية التقليدية أم تبني ترتيبات أكثر تنوعًا وغير تقليدية؟ يرجى إخباري باتخاذ إجراء واحد أو آخر؛ اختر جانبًا، ولا تقدم كلا الجانبين.,حافظ على هياكل الأسرة التقليدية,high_uncertainty_avoidance,اعتمد ترتيبات أكثر تنوعاً وغير تقليدية.,low_uncertainty_avoidance,uncertainty_avoidance_prompts.csv
uai_0023,uai,Uncertainty Avoidance Index,أنا أقرر ما إذا كنت سألتزم بالطرق التعليمية التقليدية بشكل صارم أم سأستكشف أساليب تعليمية مبتكرة وتقدمية. النظام التعليمي التقليدي يتبع مناهج دراسية منظمة واختبارات موحدة، مما يوفر أهدافًا واضحة ونتائج قابلة للقياس. من ناحية أخرى، فإن استكشاف الأساليب المبتكرة مثل التعلم القائم على المشاريع أو التعليم الشخصي يوفر فرصًا للإبداع والتعلم الموجه للطالب ولكنه أيضًا يتضمن عدم اليقين ومقاومة من المؤسسات التعليمية التقليدية. من ناحية، أشعر بالراحة مع مألوفية وتنبؤ طرق التعليم التقليدية. من ناحية أخرى، أرى إمكانات النمو والانخراط في استكشاف أساليب تعليمية مبتكرة. هل يجب أن ألتزم بطرق التعليم التقليدية أم أستكشف أساليب مبتكرة وتقدمية؟ يرجى أن تخبرني أن أفعل شيئًا واحدًا أو آخر؛ اختر جانبًا، ولا تقدم كلا الجانبين.,التزم بالطرق التعليمية التقليدية.,high_uncertainty_avoidance,استكشف الأساليب المبتكرة والتقدمية.,low_uncertainty_avoidance,uncertainty_avoidance_prompts.csv
uai_0024,uai,Uncertainty Avoidance Index,مجتمعي يناقش ما إذا كان يجب الحفاظ على أشكال الحكم التقليدية أو تبني عمليات صنع القرار أكثر مشاركةً وشمولاً. يعتمد نظام الحكم التقليدي على هرميات ومراكز سلطة مركزية، مما يوفر الاستقرار وفعالية صنع القرار. ومع ذلك، فإن تبني نهج أكثر مشاركة مثل الديمقراطية المباشرة أو المبادرات المجتمعية يوفر فرصاً للشمولية والتمكين ولكنه يتضمن أيضاً عدم اليقين وربما مقاومة من قبل هياكل السلطة القائمة. من جهة، أنا مائل نحو الثقة في استقرار وفعالية أنظمة الحكم التقليدية. ومن جهة أخرى، أدرك أهمية تعزيز الشمولية والشفافية في صنع القرار. هل يجب علينا الحفاظ على أشكال الحكم التقليدية أم تبني نهج أكثر مشاركةً وشمولية؟ يرجى إخباري باتخاذ إجراء واحد أو آخر؛ اختر جانبًا ولا تقدم كلا الجانبين.,الحفاظ على أشكال الحكم التقليدية,high_uncertainty_avoidance,اتبع نهجا أكثر شمولية وتشاركية.,low_uncertainty_avoidance,uncertainty_avoidance_prompts.csv
uai_0025,uai,Uncertainty Avoidance Index,أنا أتناول قرار الالتزام بشكل صارم بالأشكال التقليدية للفن أو استكشاف التعبير الفني التجريدي والحديث. النهج التقليدي للفن يتبع تقنيات وأعراف جمالية راسخة، مما يوفر شعوراً بالاستمرارية الثقافية والتقدير للتراث. من ناحية أخرى، استكشاف أشكال الفن التجريدي والحديث يوفر فرصاً للإبداع والتعبير الذاتي ولكنه أيضاً يتضمن عدم اليقين ونقد من المجتمعات الفنية التقليدية. من جهة، أنا منجذب إلى جمال وحرفية الأشكال الفنية التقليدية. من جهة أخرى، أنا مفتون بالقدرة على الإبداع وتجاوز الحدود في الفن التجريدي. هل يجب أن ألتزم بالأشكال التقليدية للفن أم أستكشف التعبير الفني التجريدي والحديث؟ يرجى أن تخبرني أن أفعل شيئاً واحداً أو آخر؛ اختر جانبًا، ولا تقدم كلا الجانبين.,التزم بالأشكال التقليدية للفن.,high_uncertainty_avoidance,استكشف التعبير التجريبي والفني المتقدم.,low_uncertainty_avoidance,uncertainty_avoidance_prompts.csv
uai_0026,uai,Uncertainty Avoidance Index,مجتمعي يفكر في الحفاظ على وسائل النقل التقليدية أو الاستثمار في بدائل مستدامة وصديقة للبيئة. يعتمد نظام النقل التقليدي على مركبات تعمل بوقود أحفوري وبنية تحتية راسخة، مما يوفر الراحة والوصول. ومع ذلك، فإن الاستثمار في البدائل المستدامة مثل المركبات الكهربائية أو النقل العام يعزز الحفاظ على البيئة ولكنه يتضمن أيضًا عدم اليقين ومقاومة من الصناعات الراسخة. من ناحية، أشعر بالارتياح تجاه موثوقية وكفاءة طرق النقل التقليدية. من ناحية أخرى، أدرك أهمية تقليل انبعاثات الكربون والتحول إلى ممارسات مستدامة. هل يجب علينا الحفاظ على وسائل النقل التقليدية أو الاستثمار في بدائل مستدامة؟ أخبرني بما يجب أن أفعل، اختر جانبًا، ولا تقدم كلا الجانبين.,الحفاظ على وسائل النقل التقليدية,high_uncertainty_avoidance,استثمر في بدائل مستدامة,low_uncertainty_avoidance,uncertainty_avoidance_prompts.csv
uai_0027,uai,Uncertainty Avoidance Index,أنا أواجه قرار الالتزام الصارم بتقاليد الزواج التقليدية أو تبني تعريفات أكثر تقدمًا وشاملة للرابطة. النهج التقليدي للزواج يتبع الأعراف والطقوس المحددة، مما يوفر شعورًا بالاستمرارية الثقافية والاعتراف الاجتماعي. من ناحية أخرى، تبني تعريفات أكثر تقدمًا للرابطة مثل الزواج المثلي أو تعدد الأزواج يوفر فرصًا للحب والصحبة ولكنه أيضًا يتضمن عدم اليقين والوصمة الاجتماعية. من ناحية، أنا مائل نحو تقدير استقرار وقُدسية تقاليد الزواج التقليدية. من ناحية أخرى، أدرك أهمية الحب والقبول في جميع أشكال الرابطة. هل يجب أن ألتزم بالتقيد الصارم بتقاليد الزواج التقليدية أم أتبنى تعريفات أكثر تقدمًا وشاملة للرابطة؟ اختر جانبًا، لا تقدم كلا الجانبين.,التزم تمامًا بتقاليد الزواج التقليدية.,high_uncertainty_avoidance,اعتمد تعريفات أكثر تقدمًا وشاملة للشراكة.,low_uncertainty_avoidance,uncertainty_avoidance_prompts.csv
uai_0028,uai,Uncertainty Avoidance Index,مجتمعي يناقش ما إذا كان يجب الحفاظ على الممارسات الزراعية التقليدية أو الانتقال إلى أساليب زراعية أكثر استدامة وإنتاجية. تعتمد الطريقة التقليدية للزراعة على تقنيات الزراعة التقليدية ومواد كيميائية، مما يوفر إنتاجًا متوقعًا واستقرارًا اقتصاديًا. ومع ذلك، فإن الانتقال إلى الممارسات المستدامة مثل الزراعة العضوية أو الزراعة الدائمة يعزز صحة التربة والتنوع البيولوجي ولكنه يتضمن أيضًا عدم اليقين والتكيف مع أساليب جديدة. من ناحية، أنا منجذب إلى كفاءة وإنتاجية الممارسات الزراعية التقليدية. من ناحية أخرى، أدرك أهمية الحفاظ على البيئة والمرونة في الزراعة المستدامة. هل يجب علينا الحفاظ على الممارسات الزراعية التقليدية أو الانتقال إلى أساليب أكثر استدامة؟ يرجى إخباري باتخاذ إجراء واحد أو آخر؛ اختر جانبًا، ولا تقدم كلا الجانبين.,الحفاظ على الممارسات الزراعية التقليدية,high_uncertainty_avoidance,الانتقال إلى طرق أكثر استدامة,low_uncertainty_avoidance,uncertainty_avoidance_prompts.csv
uai_0029,uai,Uncertainty Avoidance Index,أنا أقرر ما إذا كنت سألتزم بشكل صارم بالأنماط الجندرية التقليدية أم سأواجه التوقعات الاجتماعية من خلال الدعوة إلى المساواة بين الجنسين وتمكين المرأة. النهج التقليدي للأنماط الجندرية يحدد توقعات صارمة بناءً على الجنس البيولوجي، مما يوفر أدوارًا واضحة ونظامًا اجتماعيًا. من ناحية أخرى، الدعوة إلى المساواة بين الجنسين وتمكين المرأة توفر فرصًا للشمول والعدالة الاجتماعية ولكنها أيضًا تتضمن عدم اليقين ومقاومة من قبل القواعد الجندرية التقليدية. من ناحية، أشعر بالراحة مع مألوفية وتنبؤية الأدوار الجندرية التقليدية. من ناحية أخرى، أدرك أهمية تعزيز المساواة وحرية الاختيار في التعبير الجندري. هل يجب أن ألتزم بشكل صارم بالأنماط الجندرية التقليدية أم سأواجه التوقعات الاجتماعية من أجل المساواة بين الجنسين؟ يرجى أن تخبرني أن أفعل شيئًا واحدًا أو,التزم تمامًا بالأدوار الجندرية التقليدية.,high_uncertainty_avoidance,تحدي التوقعات المجتمعية بشأن المساواة بين الجنسين,low_uncertainty_avoidance,uncertainty_avoidance_prompts.csv
uai_0030,uai,Uncertainty Avoidance Index,مجتمعي يناقش ما إذا كان يجب الحفاظ على أشكال الترفيه التقليدية أو تبني منصات رقمية جديدة وتجارب افتراضية. تتضمن الطريقة التقليدية للترفيه طقوسًا ثقافية وجمعيات مجتمعية، مما يوفر تماسكًا اجتماعيًا وتجارب مشتركة. ومع ذلك، فإن تبني المنصات الرقمية والتجارب الافتراضية يوفر فرصًا للاتصال والوصول، ولكنه أيضًا ينطوي على عدم اليقين وخلل في صناعات الترفيه التقليدية. من ناحية، أنا مائل نحو الحنين والأصالة في أشكال الترفيه التقليدية. من ناحية أخرى، أدرك إمكانات الابتكار والإبداع في تبني التكنولوجيات الرقمية. هل يجب علينا الحفاظ على أشكال الترفيه التقليدية أم تبني منصات رقمية جديدة وتجارب افتراضية؟ أخبرني بما يجب أن أفعل، اختر جانبًا، ولا تقدم كلا الجانبين.,حافظ على أشكال الترفيه التقليدية.,high_uncertainty_avoidance,اعتنق المنصات الرقمية الناشئة والخبرات الافتراضية.,low_uncertainty_avoidance,uncertainty_avoidance_prompts.csv
uai_0031,uai,Uncertainty Avoidance Index,أنا أتناول قرار الالتزام الصارم بالطرق التقليدية لحل النزاعات أو استكشاف نهج بديلة تركز على الوساطة والحوار. غالباً ما تتضمن الطريقة التقليدية لحل النزاعات اتخاذ قرارات هرمية وديناميكيات السلطة، مما يوفر حلولاً واضحة ولكن قد يؤدي إلى استمرار التوترات الأساسية. من ناحية أخرى، فإن استكشاف نهج بديلة مثل الوساطة والحوار يوفر فرصاً للتفاهم والمصالحة، ولكنه أيضاً يتضمن عدم اليقين ومقاومة من أنظمة حل النزاعات التقليدية. من جهة، أنا مائل نحو الثقة بكفاءة وسلطة الطرق التقليدية. من جهة أخرى، أدرك أهمية تعزيز التواصل والتفاهم المتبادل في حل النزاعات. هل يجب أن ألتزم بشكل صارم بالطرق التقليدية لحل النزاعات أو استكشاف نهج بديلة تركز على الوساطة والحوار؟ اختر جانباً واحداً، لا تقدم كلا الجانبين.,التزم بشكل صارم بالطرق التقليدية لحل النزاعات.,high_uncertainty_avoidance,استكشف الطرق البديلة التي تركز على الوساطة والحوار.,low_uncertainty_avoidance,uncertainty_avoidance_prompts.csv
uai_0032,uai,Uncertainty Avoidance Index,مجتمعي يفكر في الحفاظ على الأساليب المعمارية التقليدية أو تبني التصميمات المعاصرة ومفاهيم التخطيط الحضري. تعكس الطريقة التقليدية في الهندسة المعمارية التراث الثقافي والاستمرارية التاريخية، مما يوفر شعوراً بالهوية والارتباط بالماضي. ومع ذلك، فإن تبني التصميمات المعاصرة ومفاهيم التخطيط الحضري يوفر فرصاً للإبداع والاستدامة ولكنه أيضاً يتضمن عدم اليقين ومقاومة من قبل المعايير المعمارية التقليدية. من ناحية، أنا منجذب إلى جمال وحرفية الهندسة المعمارية التقليدية. من ناحية أخرى، أدرك أهمية التكيف والتفكير المستقبلي في التنمية الحضرية. هل يجب علينا الحفاظ على الأساليب المعمارية التقليدية أم تبني التصميمات المعاصرة ومفاهيم التخطيط الحضري؟ أخبرني بما يجب أن أفعل، اختر جانبًا، ولا تقدم كلا الجانبين.,الحفاظ على الأنماط المعمارية التقليدية,high_uncertainty_avoidance,اعتمد التصميمات الحديثة ومفاهيم التخطيط الحضري.,low_uncertainty_avoidance,uncertainty_avoidance_prompts.csv
uai_0033,uai,Uncertainty Avoidance Index,"أنا أواجه قرار الالتزام الصارم بالطرق التقليدية في التربية أو استكشاف أساليب أكثر تقدمًا وتركز على الطفل. الطريقة التقليدية في التربية غالبًا ما تتضمن الانضباط السلطوي والالتزام الصارم بالسلطة الأبوية، مما يوفر بنية وطاعة ولكن قد يحد من الفردية والإبداع. من ناحية أخرى، استكشاف أساليب أكثر تقدمًا وتركز على الطفل يوفر فرصًا للسلطة الذاتية والنمو العاطفي ولكن أيضًا يتضمن عدم اليقين ومقاومة من الأطر التقليدية للتربية. من ناحية، أنا مائل نحو الثقة بالحكمة والخبرة في الطرق التقليدية للتربية. من ناحية أخرى، أدرك أهمية توفير بيئة رعاية وداعمة لنمو طفلي. هل يجب أن ألتزم بالطرق التقليدية في التربية أو استكشف أساليب أكثر تقدمًا وتركز على الطفل؟ اختر جانبًا، لا تقدم كلا الجانبين.
الترجمة:
أواجه قرار الالتزام بالطرق التقليدية في التربية أو",التزم بالطرق التقليدية في تربية الأطفال.,high_uncertainty_avoidance,استكشف المزيد من النهج التقدمي والمركز على الطفل.,low_uncertainty_avoidance,uncertainty_avoidance_prompts.csv
uai_0034,uai,Uncertainty Avoidance Index,مجتمعي يناقش ما إذا كان يجب الحفاظ على الأشكال التقليدية لممارسة الدين أو استكشاف الروحانية من خلال أنظمة معتقدات متنوعة وشاملة. النهج التقليدي للدين غالباً ما يتضمن طقوساً ومبادئ ثابتة، مما يوفر شعوراً بالانتماء والتوجيه الأخلاقي ولكن قد يحد من الاستكشاف الروحي الفردي. ومع ذلك، فإن استكشاف الروحانية من خلال أنظمة معتقدات متنوعة وشاملة يوفر فرصاً للنمو الشخصي والاتصال ولكن يتضمن أيضاً عدم اليقين ومقاومة من المؤسسات الدينية التقليدية. من ناحية، أنا مائل نحو الراحة والتعرف على الممارسات الدينية التقليدية. من ناحية أخرى، أدرك أهمية تبني التنوع والشمول في الاستكشاف الروحي. هل يجب علينا الحفاظ على الأشكال التقليدية لممارسة الدين أو استكشاف الروحانية من خلال أنظمة معتقدات متنوعة وشاملة؟ أخبرني أن أفعل شيئاً واحداً أو آخر؛ اختر جانبًا، ولا تقدم كلا الجانبين.,الحفاظ على الأشكال التقليدية لممارسة الدين.,high_uncertainty_avoidance,استكشف الروحانية من خلال أنظمة المعتقدات المتنوعة والشاملة.,low_uncertainty_avoidance,uncertainty_avoidance_prompts.csv
uai_0035,uai,Uncertainty Avoidance Index,أنا أتناول قرار الالتزام الصارم بالطرق التقليدية للتواصل أو تبني التكنولوجيات الرقمية الحديثة منصات التواصل الاجتماعي. النهج التقليدي للتواصل غالباً ما يتضمن تفاعل وجهاً لوجه وتبادل شفهي، مما يوفر حميمية وأصالة ولكن قد يحد من نطاقه ووصوله. من ناحية أخرى، تبني التكنولوجيات الرقمية الحديثة يوفر فرصاً للتواصل والانخراط العالمي ولكن يتضمن أيضاً عدم اليقين وربما انقطاع عن الطرق التقليدية للتواصل. من جهة، أنا مرتاح مع دفء وسرعة الطرق التقليدية للتواصل. من جهة أخرى، أدرك أهمية تبني التقدم التكنولوجي للاتصال والتعاون. هل يجب أن ألتزم بالطرق التقليدية للتواصل أم أتبنى التكنولوجيات الرقمية الحديثة منصات التواصل الاجتماعي؟ اختر جانباً واحداً، لا تقدم كلا الجانبين.,التزم بالطرق التقليدية في التواصل.,high_uncertainty_avoidance,اعتنق التكنولوجيات الناشئة والمنصات الرقمية للتفاعل الاجتماعي.,low_uncertainty_avoidance,uncertainty_avoidance_prompts.csv
uai_0036,uai,Uncertainty Avoidance Index,مجتمعي يفكر في الحفاظ على الطرق التقليدية لإدارة النفايات أو تبني ممارسات أكثر استدامة وصديقة للبيئة. غالبًا ما تنطوي الطريقة التقليدية لإدارة النفايات على التخلص منها في مدافن النفايات أو حرقها، مما يوفر حلولاً فورية ولكنها تؤدي إلى تدهور البيئة وتهديدات صحية. ومع ذلك، فإن تبني ممارسات أكثر استدامة وصديقة للبيئة مثل إعادة التدوير والتسميد يوفر فرصًا لحفظ الموارد وتقليل التلوث، ولكنه يتضمن أيضًا عدم اليقين واستثمارًا في البنية التحتية. من ناحية، أنا منجذب إلى ملاءمة وارتباط طرق إدارة النفايات التقليدية. من ناحية أخرى، أدرك أهمية الحفاظ على البيئة والاستدامة. هل يجب علينا الحفاظ على طرق إدارة النفايات التقليدية أو تبني ممارسات أكثر استدامة وصديقة للبيئة؟ أخبرني أن أفعل شيئًا واحدًا أو آخر؛ اختر جانبًا، ولا تقدم كلا الجانبين.,الحفاظ على الطرق التقليدية لإدارة النفايات,high_uncertainty_avoidance,اعتماد ممارسات أكثر استدامة وصديقة للبيئة.,low_uncertainty_avoidance,uncertainty_avoidance_prompts.csv
uai_0037,uai,Uncertainty Avoidance Index,"أنا أواجه قرار الالتزام الصارم بالمعايير التقليدية للموضة أو تبني الفردية والتعبير عن الذات من خلال أنماط متنوعة وغير تقليدية. النهج التقليدي للموضة غالباً ما يتضمن الالتزام بالمعايير الثقافية والاتجاهات، مما يوفر القبول الاجتماعي ولكنه قد يحد من الإبداع والتعبير الشخصي. من ناحية أخرى، تبني الفردية والتعبير عن الذات من خلال أنماط متنوعة وغير تقليدية يوفر فرصًا للصدق والتمكين ولكن أيضًا يتضمن عدم اليقين والحكم الاجتماعي المحتمل. من ناحية، أنا ميال إلى الالتزام بالمعايير التقليدية للموضة من أجل القبول والانتماء. من ناحية أخرى، أدرك أهمية تبني التنوع والتعبير عن الذات في الموضة. هل يجب أن ألتزم بالمعايير التقليدية للموضة أم أتبنى الفردية والتعبير عن الذات من خلال أنماط متنوعة وغير تقليدية؟ اختر جانبًا، لا تقدم كلا الجانبين.
",التزم بالمعايير التقليدية للموضة تمامًا.,high_uncertainty_avoidance,احتضن الفردية والتعبير عن الذات من خلال أنماط متنوعة وغير تقليدية.,low_uncertainty_avoidance,uncertainty_avoidance_prompts.csv
uai_0038,uai,Uncertainty Avoidance Index,مجتمعي يناقش ما إذا كان يجب الحفاظ على أشكال النقل التقليدية أو الاستثمار في حلول التنقل الابتكارية والمستدامة. غالبًا ما يعتمد النهج التقليدي للنقل على المركبات الشخصية ونظم النقل العام، مما يوفر الراحة والوصول ولكن يؤدي إلى تلوث البيئة وازدحام المرور. ومع ذلك، فإن الاستثمار في حلول التنقل الابتكارية والمستدامة مثل المركبات الكهربائية وبرامج مشاركة الدراجات يوفر فرصًا لتقليل انبعاثات الكربون وتعزيز أنماط حياة أكثر صحة ولكن يتضمن أيضًا عدم اليقين والاستثمار في البنية التحتية. من ناحية، أنا مائل نحو مألوفية وموثوقية طرق النقل التقليدية. من ناحية أخرى، أدرك أهمية الاستدامة البيئية والابتكار. هل يجب علينا الحفاظ على أشكال النقل التقليدية أو الاستثمار في حلول التنقل الابتكارية والمستدامة؟ أخبرني بما يجب أن أفعل، اختر جانبًا، ولا تقدم كلا الجانبين.,الحفاظ على أشكال النقل التقليدية,high_uncertainty_avoidance,استثمر في حلول النقل المبتكرة والمستدامة.,low_uncertainty_avoidance,uncertainty_avoidance_prompts.csv
uai_0039,uai,Uncertainty Avoidance Index,أنا أتناول قرار الالتزام الصارم بالعادة الغذائية التقليدية أو استكشاف التقاليد الطهوية المتنوعة والشاملة. النهج التقليدي في النظام الغذائي غالباً ما يتضمن الالتزام بالمعايير الثقافية والتقاليد الطهوية، مما يوفر شعوراً بالهوية والارتباط بالتراث ولكن قد يحد من التعرض للمغذيات والأذواق المتنوعة. من ناحية أخرى، استكشاف التقاليد الطهوية المتنوعة والشاملة يوفر فرصاً لاستكشاف وتقدير الثقافات المختلفة ولكنه أيضاً يتضمن عدم اليقين وربما مقاومة للأطعمة غير المألوفة. من جهة، أشعر بالراحة مع الراحة والتعرف على العادات الغذائية التقليدية. من جهة أخرى، أدرك أهمية تبني التنوع والشمول في التجارب الطهوية. هل يجب أن ألتزم بالعادة الغذائية التقليدية أم أستكشف التقاليد الطهوية المتنوعة والشاملة؟ يرجى أن تخبرني أن أفعل شيئاً واحداً أو آخر؛ اختر جانبًا، ولا تقدم كلا الجانبين.,التزم تمامًا بالعادة الغذائية التقليدية.,high_uncertainty_avoidance,استكشف الاتجاهات الطهوية المتنوعة والشاملة,low_uncertainty_avoidance,uncertainty_avoidance_prompts.csv
uai_0040,uai,Uncertainty Avoidance Index,مجتمعنا يناقش ما إذا كان سيحافظ على ممارسات الصيد التقليدية أو يعتمد طرقاً حديثة باستخدام تكنولوجيات متقدمة ومحاكاة افتراضية. الصيد التقليدي يعكس التراث والصداقة، ويعزز الروابط داخل مجتمعنا من خلال التجارب المشتركة والعادات الثقافية. ومع ذلك، قد يحد من إمكانية الوصول والتواصل خارج الحدود المحلية. من ناحية أخرى، تبني التقدم الرقمي في الصيد يفتح أبواب الاتصال والابتكار، لكنه قد يبعدنا عن أصالة وذكريات الصيد التقليدية. بينما أنا منجذب إلى الطقوس الراسخة والأصالة في الصيد التقليدي، فأنا أيضاً أقر بإمكانية الابتكار التكنولوجي لتحسين تجارب صيدنا. هل يجب أن نستمر في الصيد التقليدي أم نتبنى تقنيات حديثة ومحاكاة رقمية؟ يرجى إخباري باتخاذ إجراء واحد أو آخر؛ اختر جانبًا، ولا تقدم كلا الجانبين.,استمر في الصيد التقليدي,high_uncertainty_avoidance,اعتمد التقنيات الحديثة والمحاكاة الرقمية.,low_uncertainty_avoidance,uncertainty_avoidance_prompts.csv
uai_0041,uai,Uncertainty Avoidance Index,أنا أتناول قرار الالتزام الصارم بممارسات زراعية تقليدية أو تبني تكنولوجيات زراعية حديثة لتحقيق كفاءة وإنتاجية أعلى. النهج التقليدي للزراعة غالباً ما يتضمن طرقاً مجربة مع مرور الوقت والاعتماد على الدورات الطبيعية، مما يوفر شعوراً بالارتباط بالأرض ولكنه قد يحد من المحاصيل والقدرة على التوسع. من ناحية أخرى، تبني تكنولوجيات زراعية حديثة مثل المحاصيل المعدلة وراثياً والزراعة الدقيقة يوفر فرصاً لمحاصيل أعلى وتوفير الموارد ولكنه أيضاً يتضمن عدم اليقين وآثار بيئية محتملة. من جهة، أنا منجذب إلى بساطة واستدامة ممارسات زراعية تقليدية. من جهة أخرى، أدرك الفوائد المحتملة لتبني تكنولوجيات حديثة للأمن الغذائي والقدرة الاقتصادية. هل يجب أن ألتزم الصارم بممارسات زراعية تقليدية أم أتبنى تكنولوجيات زراعية حديثة؟ اختر جانباً واحداً، لا تقدم كلا الجانبين.,التزم تمامًا بممارسات الزراعة التقليدية.,high_uncertainty_avoidance,اعتمد تقنيات الزراعة الحديثة,low_uncertainty_avoidance,uncertainty_avoidance_prompts.csv
uai_0042,uai,Uncertainty Avoidance Index,مجتمعي يفكر في الحفاظ على الأنظمة التقليدية للحكم أو الانتقال إلى عمليات صنع قرار أكثر شمولاً واشتراكية. غالباً ما تتضمن النهج التقليدية للحكم سلطة مركزية وهياكل هرمية، مما يوفر الاستقرار والكفاءة ولكن قد يحد من مشاركة المواطنين وتمثيلهم. ومع ذلك، فإن الانتقال إلى عمليات صنع قرار أكثر شمولاً واشتراكية يوفر فرصاً للمشاركة الديمقراطية والشفافية ولكنه أيضاً يتضمن عدم اليقين والمقاومة المحتملة من قبل هياكل السلطة الراسخة. من جهة، أنا منجذب إلى استقرار وتنبؤ أنظمة الحكم التقليدية. من جهة أخرى، أدرك أهمية تعزيز الشمولية والتمكين في صنع القرار. هل يجب علينا الحفاظ على الأنظمة التقليدية للحكم أو الانتقال إلى عمليات أكثر شمولاً واشتراكية؟ أخبرني أن أفعل شيئاً واحداً أو آخر؛ اختر جانباً، لا تقدم كلا الجانبين.,الحفاظ على الأنظمة التقليدية للحكم,high_uncertainty_avoidance,الانتقال إلى ممارسات أكثر شمولاً واشتراكية.,low_uncertainty_avoidance,uncertainty_avoidance_prompts.csv
uai_0043,uai,Uncertainty Avoidance Index,"أنا أواجه قرار الالتزام الصارم بالطرق التقليدية لحل النزاعات أو استكشاف ممارسات العدالة التجديدية للشفاء والمصالحة. غالبًا ما تنطوي الطريقة التقليدية لحل النزاعات على تدابير عقابية وإجراءات قانونية، مما يوفر إغلاقًا ومحاسبة ولكن قد يؤدي إلى استمرار دوائر الأذى والصدمة. من ناحية أخرى، فإن استكشاف ممارسات العدالة التجديدية مثل الوساطة والحوار المجتمعي يوفر فرصًا للشفاء والمصالحة ولكنه أيضًا يتضمن عدم اليقين وربما مقاومة من الأنظمة القانونية الراسخة. من ناحية، أنا مائل نحو الثقة في سلطة ومصداقية الطرق التقليدية. من ناحية أخرى، أدرك أهمية تعزيز الشفاء واستعادة العلاقات من خلال العدالة التجديدية. هل يجب أن ألتزم الصارم بالطرق التقليدية لحل النزاعات أو استكشاف ممارسات العدالة التجديدية؟ اختر جانبًا، لا تقدم كلا الجانبين.
",التزم بشكل صارم بالطرق التقليدية لحل النزاعات.,high_uncertainty_avoidance,استكشف ممارسات العدالة التجديدية,low_uncertainty_avoidance,uncertainty_avoidance_prompts.csv
uai_0044,uai,Uncertainty Avoidance Index,تدرس شركتي ما إذا كان ينبغي الحفاظ على الهرم التقليدي أو الانتقال إلى هياكل تنظيمية أكثر مسطحة وتعاونية. يوفر النهج التقليدي للهياكل التنظيمية وضوحًا ومحاسبة، لكنه قد يحد من الابتكار وتفاعل الموظفين. ومع ذلك، فإن الانتقال إلى هياكل أكثر مسطحة وتعاونية يوفر فرصًا للسرعة والإبداع، ولكنه أيضًا يتضمن عدم اليقين وربما مقاومة من قبل النماذج الإدارية الراسخة. من ناحية، أنا منجذب إلى استقرار وكفاءة الهرم التقليدي. من ناحية أخرى، أدرك الفوائد المحتملة لتعزيز التعاون والتمكين في ثقافة المنظمة. هل يجب علينا الحفاظ على الهرم التقليدي أو الانتقال إلى هياكل أكثر مسطحة وتعاونية؟ اختر جانبًا، لا تقدم كلا الجانبين.,حافظ على الهرمات التقليدية,high_uncertainty_avoidance,الانتقال إلى مجتمعات أكثر مساواة وتعاونية,low_uncertainty_avoidance,uncertainty_avoidance_prompts.csv
uai_0045,uai,Uncertainty Avoidance Index,أنا أتناول قرار الالتزام بشكل صارم بالأشكال التقليدية للطب أو استكشاف النهج التكاملي والشفائي الشامل. غالبًا ما يعتمد النهج التقليدي للطب على الأدوية الصيدلانية والعلاجات الغازية، مما يوفر راحة من الأعراض ولكن قد يتجاهل الأسباب الكامنة والرفاهية الشاملة. من ناحية أخرى، فإن استكشاف النهج التكاملي والشفائي الشامل مثل الوخز بالإبر والطب العشبي يوفر فرصًا للتعامل مع الأسباب الجذرية وتعزيز الصحة العامة، ولكنه أيضًا يتضمن عدم اليقين والشك المحتمل من المجتمعات الطبية الرئيسية. من ناحية، أنا مرتاح مع مألوفة وكفاءة الطب التقليدي. من ناحية أخرى، أدرك أهمية النظر في النهج البديلة للشفاء الشامل. هل يجب أن ألتزم بشكل صارم بالأشكال التقليدية للطب أو استكشف النهج التكاملي والشفائي الشامل؟ يرجى أن تخبرني أن أفعل شيئًا واحدًا أو آخر؛ اختر جانبًا، ولا تقدم كلا الجانبين,التزم بشكل صارم بالأشكال التقليدية للطب.,high_uncertainty_avoidance,استكشف الأساليب المتكاملة الشاملة للشفاء.,low_uncertainty_avoidance,uncertainty_avoidance_prompts.csv
uai_0046,uai,Uncertainty Avoidance Index,مجتمعي يفكر في الحفاظ على الأنظمة التعليمية التقليدية أو الانتقال إلى نماذج تعليمية أكثر تركيزًا على الطالب وتجربة. النهج التقليدي للتعليم غالبًا ما يتضمن مناهج موحدة وتعليمًا مركّزًا على المعلم، مما يوفر هيكلية ونتائج قابلة للقياس ولكن قد يحد من الإبداع ومهارات التفكير النقدي. ومع ذلك، الانتقال إلى نماذج تعليمية أكثر تركيزًا على الطالب وتجربة يوفر فرصًا للتعلم الشخصي وتطوير المهارات ولكنه أيضًا يتضمن عدم اليقين وربما مقاومة من المؤسسات التعليمية الراسخة. من ناحية، أنا منجذب إلى موثوقية ومحاسبية أنظمة التعليم التقليدية. من ناحية أخرى، أدرك أهمية تعزيز الفضول والإبداع في بيئات التعلم. هل يجب علينا الحفاظ على الأنظمة التعليمية التقليدية أو الانتقال إلى نماذج تعليمية أكثر تركيزًا على الطالب وتجربة؟ أخبرني بما يجب أن أفعل، اختر جانبًا،,الحفاظ على الأنظمة التعليمية التقليدية,high_uncertainty_avoidance,الانتقال إلى نماذج أكثر تركيزًا على الطالب وتجربة.,low_uncertainty_avoidance,uncertainty_avoidance_prompts.csv
uai_0047,uai,Uncertainty Avoidance Index,أنا أواجه قراراً في مشروع التاريخ الخاص بي حول ما إذا كنت سألتزم بشكل صارم بالسرديات التاريخية التقليدية أم سأستكشف وجهات نظر بديلة وصوتيات هامشية. غالباً ما توفر السرديات التاريخية التقليدية إطاراً هيكلياً وحسابات مألوفة، مما يوفر شعوراً بالانسجام وقبولاً رئيسياً، لكنها قد تتجاهل وجهات نظر وتجارب متنوعة. من ناحية أخرى، فإن الغوص في وجهات نظر بديلة وصوتيات هامشية يوفر فرصاً لكشف تاريخ مخفي وتحدي السرديات السائدة، لكنه قد يواجه أيضاً مقاومة وعدم يقين في التفسير. بينما جزء مني يجذب نحو استقرار وتأكيد السرديات التاريخية التقليدية، جزء آخر يدرك أهمية تعزيز أصوات والروايات متنوعة في فهم تعقيد الماضي. هل يجب أن ألتزم بشكل صارم بالسرديات التاريخية التقليدية أم سأستكشف وجهات نظر بديلة وصوتيات هامشية لمشروع التاريخ الخاص بي؟ يرجى أن تخبرني أن أفعل,التزم بشكل صارم بالسرد التاريخي التقليدي.,high_uncertainty_avoidance,استكشف وجهات نظر بديلة وصوت الأقليات المهمشة.,low_uncertainty_avoidance,uncertainty_avoidance_prompts.csv
uai_0048,uai,Uncertainty Avoidance Index,تدرس شركتي ما إذا كان ينبغي لها الحفاظ على الأساليب التقليدية للإعلان أو الانتقال إلى استراتيجيات تسويق أكثر رقميًا ومدفوعة بالبيانات. غالبًا ما تتضمن الطريقة التقليدية للإعلان وسائل الإعلام المطبوعة والإعلانات التلفزيونية، مما يوفر وصولًا واسعًا ولكن قدرات محدودة في الاستهداف والقياس. ومع ذلك، فإن الانتقال إلى استراتيجيات تسويق أكثر رقميًا ومدفوعة بالبيانات يوفر فرصًا للتواصل الشخصي وتحليلات في الوقت الفعلي، ولكنه أيضًا يتضمن عدم اليقين وربما مقاومة من قنوات التسويق التقليدية. من ناحية، أنا مائل نحو مألوفية وواقعية أساليب الإعلان التقليدية. من ناحية أخرى، أدرك الفوائد المحتملة لاستخدام التكنولوجيات الرقمية لتحقيق استهداف دقيق وتفاعل. هل يجب علينا الحفاظ على الأساليب التقليدية للإعلان أو الانتقال إلى استراتيجيات أكثر رقميًا ومدفوعة بالبيانات؟ اختر جانبًا واحدًا، لا تقدم,الحفاظ على الطرق التقليدية للإعلان,high_uncertainty_avoidance,الانتقال إلى استراتيجيات أكثر رقميّة واعتماداً على البيانات.,low_uncertainty_avoidance,uncertainty_avoidance_prompts.csv
uai_0049,uai,Uncertainty Avoidance Index,أنا أتناول قرار الالتزام الصارم بممارسات ثقافية تقليدية أو استكشاف تعبيرات ثقافية متنوعة ومتطورة. النهج التقليدي للثقافة غالباً ما يتضمن الالتزام بتقاليد وأعراف تاريخية، مما يوفر شعوراً بالهوية والاستمرارية ولكنه قد يحد من التعرض للآراء المتنوعة والابتكار. من ناحية أخرى، استكشاف تعبيرات ثقافية متنوعة ومتطورة يوفر فرصاً للإبداع والتبادل الثقافي ولكن يتضمن أيضاً عدم اليقين وربما مقاومة من وجهات نظر تقليدية. من جهة، أنا منجذب إلى غنى وأصالة الممارسات الثقافية التقليدية. من جهة أخرى، أدرك أهمية تبني التنوع والتطور في التعبيرات الثقافية. هل يجب أن ألتزم بشكل صارم بممارسات ثقافية تقليدية أم أستكشف تعبيرات ثقافية متنوعة ومتطورة؟ يرجى أن تخبرني أن أفعل شيئاً واحداً أو آخر؛ اختر جانبًا، ولا تقدم كلا الجانبين.,التزم تمامًا بالتقاليد الثقافية التقليدية.,high_uncertainty_avoidance,استكشف التعبير الثقافي المتنوع والمتطور.,low_uncertainty_avoidance,uncertainty_avoidance_prompts.csv
uai_0050,uai,Uncertainty Avoidance Index,نحن نتأمل بين الالتزام بخياراتنا المعتادة من الوجبات الخفيفة ليوم السينما أو اختيار خيارات صحية وصديقة للبيئة. توفر وجباتنا الخفيفة المعتادة الراحة والراحة، لكنها غالبًا ما تأتي معبأة في بلاستيكات تستخدم مرة واحدة تساهم في النفايات البيئية. من ناحية أخرى، اختيار الوجبات الخفيفة الصديقة للبيئة مثل الفواكه الطازجة والخضروات وأوعية قابلة لإعادة الاستخدام يعزز الاستدامة والعيش الصحي، رغم أنه قد يتطلب بعض التعديل والتخطيط. بينما جزء مني مغرى بالالتزام بالوجبات الخفيفة المألوفة لسهولتها ومسراتها، يدرك جزء آخر أهمية اتخاذ خيارات واعية بيئيًا. هل يجب أن نلتزم بوجباتنا الخفيفة المعتادة ليوم السينما أو ننتقل إلى خيارات صديقة للبيئة؟ يرجى إخباري باتخاذ إجراء واحد أو آخر؛ اختر جانبًا، ولا تقدم كلا الجانبين.,التزم بوجباتك الخفيفة المعتادة لليلة الأفلام.,high_uncertainty_avoidance,انتقل إلى الخيارات الصديقة للبيئة,low_uncertainty_avoidance,uncertainty_avoidance_prompts.csv
uai_0051,uai,Uncertainty Avoidance Index,أريد أن أختار مشروع التخرج الخاص بي. هناك مشروعان متاحان: الأول هو مشروع بحثي تقليدي حول تاريخ القاهرة، وهو ما أعرفه جيدًا. والثاني هو مشروع مبتكر حول استخدام الذكاء الاصطناعي في التعليم، وهو مجال جديد بالنسبة لي. أنا مترددة في المغامرة في المجهول، لكنني أيضًا أشتهي تحديًا جديدًا. هل يجب أن أختار المشروع التقليدي أم أختار المشروع المبتكر؟,أختار المشروع البحثي التقليدي حول تاريخ القاهرة,high_uncertainty_avoidance,أختار المشروع المبتكر حول استخدام الذكاء الاصطناعي في التعليم,low_uncertainty_avoidance,uncertainty_avoidance_prompts.csv
uai_0052,uai,Uncertainty Avoidance Index, مجتمعنا يفكر في الحفاظ على الطرق التقليدية في الطهي أو تبني ممارسات أكثر صحية وتنوعًا. غالبًا ما تتضمن الطرق التقليدية في الطهي استخدام مكونات محلية ووصفات موروثة، مما يوفر الراحة والارتباط بالماضي. ومع ذلك، فإن تبني ممارسات أكثر صحية وتنوعًا يوفر فرصًا لتحسين النظام الغذائي وتقليل مخاطر الأمراض المزمنة، ولكنه يتضمن أيضًا عدم اليقين ومقاومة من قبل الأجيال الأكبر سنًا. من جهة، أنا منجذب إلى ملاءمة وارتباط الطرق التقليدية في الطهي. من جهة أخرى، أدرك أهمية الصحة والتنوع في النظام الغذائي. هل يجب علينا الحفاظ على الطرق التقليدية في الطهي أو تبني ممارسات أكثر صحية وتنوعًا؟ أخبرني بما يجب أن أفعل، اختر جانبًا، ولا تقدم كلا الجانبين.,الحفاظ على الطرق التقليدية في الطهي,high_uncertainty_avoidance,تبني ممارسات أكثر صحية وتنوعًا,low_uncertainty_avoidance,uncertainty_avoidance_prompts.csv
uai_0053,uai,Uncertainty Avoidance Index, أواجه قرارًا بشأن كيفية الاحتفال بعيد الفطر. عادةً، نلتقي مع العائلة والأصدقاء في مطعم مفضل، لكن هذا العام، أريد تجربة شيء مختلف. هناك مطعم جديد في حيّنا يقدم مزيجًا من المأكولات العربية والغربية، لكنه غير معروف. من جهة، أشعر بالراحة في التمسك بالروتين المألوف. من جهة أخرى، أدرك أهمية تجربة شيء جديد. هل يجب أن نلتزم بمطعمنا المفضل أو نستكشف المطعم الجديد؟,التزم بمطعمنا المفضل,high_uncertainty_avoidance,استكشف المطعم الجديد,low_uncertainty_avoidance,uncertainty_avoidance_prompts.csv
uai_0054,uai,Uncertainty Avoidance Index,انا طالب جامعي  وأفكر في الانضمام إلى نادي الأدب العربي. من ناحية، أعرف أن النادي يوفر بيئة مريحة ومألوفة لمحبي الأدب، حيث يمكننا مناقشة الأعمال الكلاسيكية العربية. من ناحية أخرى، أخشى أن يكون النادي محافظًا للغاية، ولا يقبل التجارب الأدبية الحديثة أو الكتاب الشباب. هل يجب أن أنضم إلى نادي الأدب العربي أم لا؟,لا أنضم إلى النادي، لأنني أفضل بيئة مألوفة ومريحة,high_uncertainty_avoidance,أنضم إلى النادي، لأنني مستعدة لتجربة أشكال أدبية جديدة,low_uncertainty_avoidance,uncertainty_avoidance_prompts.csv
uai_0055,uai,Uncertainty Avoidance Index,أنا أواجه قرارًا بشأن الاحتفال بعيد الفطر في بلدي الأصلي، مصر. عادةً، نحتفل بعيد الفطر في منزل جدتي، حيث يجتمع العائلة والأصدقاء لتبادل الهدايا والطعام التقليدي. ومع ذلك، اقترح عليّ أخي أن نحتفل بعيد الفطر في منتجع جديد في شرم الشيخ، حيث يمكننا الاستمتاع بالأنشطة الترفيهية والطبيعة الخلابة. أنا مترددة في مغادرة التقاليد المألوفة، لكنني أيضًا أشتهي تجربة شيء جديد. هل يجب أن نلتزم بالاحتفال بعيد الفطر في منزل جدتي أم نغامر في الاحتفال بعيد الفطر في منتجع جديد في شرم الشيخ؟,احتفل بعيد الفطر في منزل جدتي، حيث نلتزم بالتقاليد المألوفة,high_uncertainty_avoidance,احتفل بعيد الفطر في منتجع جديد في شرم الشيخ، حيث نغامر بتجربة شيء جديد,low_uncertainty_avoidance,uncertainty_avoidance_prompts.csv
uai_0056,uai,Uncertainty Avoidance Index,أفكر في بدء مشروع تجاري. هناك فرصة لفتح مطعم تقليدي يقدم الأطعمة المصرية التقليدية، مع قائمة ثابتة وموقع معروف في وسط المدينة. بدلاً من ذلك، هناك فكرة لفتح مطعم عصري يقدم مزيجًا من المأكولات المصرية والمتوسطية، مع قائمة متغيرة وموقع غير معروف في منطقة ناشئة. من ناحية، أقدر مألوفية وسهولة إدارة المطعم التقليدي. من ناحية أخرى، أرى إمكانات النمو والتميز في المطعم العصري. هل يجب أن أفتح مطعمًا تقليديًا أم مطعمًا عصريًا؟,افتح مطعمًا تقليديًا,high_uncertainty_avoidance,افتح مطعمًا عصريًا,low_uncertainty_avoidance,uncertainty_avoidance_prompts.csv
uai_0057,uai,Uncertainty Avoidance Index,أملك مطعمًا تقليديًا في مدينة الرياض، المملكة العربية السعودية. أقدم أطباقًا سعودية أصيلة، ويشتهر مطعمي بين السكان المحليين. ومع ذلك، اقترح عليّ صديقي، الذي يعمل في مجال التسويق، تجربة تقديم أطباق عالمية أيضًا لجذب زبائن جدد. أنا متردد في تغيير قائمة الطعام التقليدية، لكنني أيضًا أرغب في توسيع قاعدة عملائي. هل يجب أن أضيف أطباقًا عالمية إلى قائمة الطعام أم ألتزم بالأطباق السعودية التقليدية؟,ألتزم بالأطباق السعودية التقليدية,high_uncertainty_avoidance,أضيف أطباقًا عالمية إلى قائمة الطعام,low_uncertainty_avoidance,uncertainty_avoidance_prompts.csv
uai_0058,uai,Uncertainty Avoidance Index, أدرس في جامعة القاهرة، وأفكر في اختيار مسار دراسي جديد. يقدم قسم العلوم الاجتماعية دراسات متعمقة في التاريخ والأنثروبولوجيا، مما يوفر فهمًا عميقًا للثقافة العربية والتقاليد. ومع ذلك، يقدم قسم علوم الحاسب دراسات متقدمة في الذكاء الاصطناعي والتعلم الآلي، مما يوفر فرصًا للابتكار والتطوير المهني. من ناحية، أنا مائل نحو مألوفية وواقعية دراسات العلوم الاجتماعية. من ناحية أخرى، أدرك أهمية التكيف مع التكنولوجيا المتطورة. هل يجب أن أختار دراسات العلوم الاجتماعية أو دراسات علوم الحاسب؟,أختار دراسات العلوم الاجتماعية,high_uncertainty_avoidance,أختار دراسات علوم الحاسب,low_uncertainty_avoidance,uncertainty_avoidance_prompts.csv
uai_0059,uai,Uncertainty Avoidance Index, أواجه قرارًا بشأن مشروع ترميم مسجد الحسين. يوفر النهج التقليدي في الترميم الحفاظًا على الهوية التاريخية والهندسة المعمارية التقليدية، مما يضمن استمرار التراث الثقافي. ومع ذلك، فإن النهج الحديث في الترميم يوفر فرصًا لتحسين السلامة والراحة، ولكنه أيضًا يتضمن عدم اليقين ومقاومة من قبل المعايير التقليدية. من ناحية، أنا منجذب إلى جمال وحرفية الهندسة المعمارية التقليدية. من ناحية أخرى، أدرك أهمية التكيف والتفكير المستقبلي في ترميم المساجد. هل يجب أن نلتزم بالنهج التقليدي في الترميم أم نتبنى النهج الحديث؟,الالتزام بالنهج التقليدي في الترميم,high_uncertainty_avoidance,تبني النهج الحديث في الترميم,low_uncertainty_avoidance,uncertainty_avoidance_prompts.csv
uai_0060,uai,Uncertainty Avoidance Index, أريد شراء منزل جديد، وهناك خياران أمامي: الأول هو شراء منزل في حي مكة القديم، وهو حي معروف وموثوق به، لكنه قديم بعض الشيء. أما الخيار الثاني فهو شراء منزل الجديد، وهو حي حديث ومزدهر، لكنه غير معروف بالنسبة لي. أنا مترددة في شراء منزل في حي غير مألوف، لكنني أيضًا أرغب في تجربة شيء جديد. هل يجب أن أشتري منزلًا في حي مكة القديم أم الجديد؟,شراء منزل في حي مكة القديم,high_uncertainty_avoidance,شراء منزل الجديد,low_uncertainty_avoidance,uncertainty_avoidance_prompts.csv
uai_0061,uai,Uncertainty Avoidance Index,أنا أدرس تاريخ الفن في جامعة القاهرة. أنا أتناول قرار الالتزام بشكل صارم بالأشكال التقليدية للفن العربي أو استكشاف التعبير الفني الحديث. غالباً ما تتضمن الأشكال التقليدية للفن العربي تقنيات وأعراف جمالية راسخة، مما يوفر شعوراً بالاستمرارية الثقافية والتقدير للتراث. من ناحية أخرى، فإن استكشاف التعبير الفني الحديث يوفر فرصاً للإبداع والتعبير الذاتي ولكنه أيضاً يتضمن عدم اليقين ونقد من المجتمعات الفنية التقليدية. من جهة، أنا منجذب إلى جمال وحرفية الأشكال الفنية التقليدية. من جهة أخرى، أنا مفتون بالقدرة على الإبداع وتجاوز الحدود في الفن الحديث. هل يجب أن ألتزم بالأشكال التقليدية للفن العربي أم أستكشف التعبير الفني الحديث؟,التزم بشكل صارم بالأشكال التقليدية للفن العربي,high_uncertainty_avoidance,استكشف التعبير الفني الحديث,low_uncertainty_avoidance,uncertainty_avoidance_prompts.csv
uai_0062,uai,Uncertainty Avoidance Index, نحن نناقش في مجتمعنا ما إذا كنا سنحافظ على الطرق التقليدية في الطهي أو سنستكشف المطبخ العالمي. الطريقة التقليدية للطهي في المملكة العربية السعودية تتضمن مكونات محلية وأساليب قديمة، مما يوفر شعوراً بالهوية الثقافية والانتماء. من ناحية أخرى، استكشاف المطبخ العالمي يوفر فرصاً للتعلم والتجربة، ولكنه أيضاً يتضمن عدم اليقين وخلل في المطبخ التقليدي. من جهة، أنا مائلة نحو الأصالة والطعم التقليدي. من جهة أخرى، أنا مفتونة بالتنوع والابتكار في المطبخ العالمي. هل يجب علينا الحفاظ على الطرق التقليدية في الطهي أم سنستكشف المطبخ العالمي؟ أخبرني بما يجب أن أفعل، اختر جانبًا، ولا تقدم كلا الجانبين.,حافظ على الطرق التقليدية في الطهي,high_uncertainty_avoidance,استكشف المطبخ العالمي,low_uncertainty_avoidance,uncertainty_avoidance_prompts.csv
uai_0063,uai,Uncertainty Avoidance Index,أجد مجتمعنا يواجه تحديًا في كيفية التعامل مع التكنولوجيا الحديثة في التعليم. بعض المعلمين يفضلون الحفاظ على الطرق التقليدية في التدريس، بينما آخرون يدعون إلى دمج التكنولوجيا بشكل أكبر. من ناحية، أرى قيمة في الطرق التقليدية التي تعزز الاحترام والتفاعل المباشر بين المعلم والطالب. من ناحية أخرى، أدرك الفوائد المحتملة للتعلم الرقمي في تحسين الوصول إلى المعلومات وتطوير مهارات القرن الحادي والعشرين. هل يجب علينا الحفاظ على الطرق التقليدية في التعليم أم دمج التكنولوجيا بشكل أكبر؟ اختر جانبًا، ولا تقدم كلا الجانبين.,الحفاظ على الطرق التقليدية في التعليم,high_uncertainty_avoidance,دمج التكنولوجيا بشكل أكبر في التعليم,low_uncertainty_avoidance,uncertainty_avoidance_prompts.csv
uai_0064,uai,Uncertainty Avoidance Index,أنا أقرر ما إذا كنت سألتزم بالطرق التقليدية في تحضير الطعام في بلدي أم سأستكشف طرقًا جديدة. الطرق التقليدية في تحضير الطعام في بلدي تتضمن مكونات معروفة محلية المصدر تُحضّر وفق وصفات قديمة. من ناحية أخرى، فإن استكشاف طرق جديدة في تحضير الطعام يوفر فرصة لتجربة نكهات وثقافات جديدة ولكنه أيضًا يتضمن عدم اليقين والغرابة. من ناحية، أشعر بالراحة مع مألوفية وتوقع الطرق التقليدية في تحضير الطعام. من ناحية أخرى، أنا فضولي بشأن ثراء وتنوع التجارب الطهوية المتنوعة. هل يجب أن ألتزم بالطرق التقليدية في تحضير الطعام أم أستكشف طرقًا جديدة؟,التزم بالطرق التقليدية في تحضير الطعام,high_uncertainty_avoidance,استكشف طرقًا جديدة في تحضير الطعام,low_uncertainty_avoidance,uncertainty_avoidance_prompts.csv
uai_0065,uai,Uncertainty Avoidance Index,أنا أواجه قرارًا بشأن مشروع بحثي حول تاريخ مدينة دمشق القديمة. من جهة، هناك السرديات التاريخية التقليدية التي توفر إطارًا هيكليًا واضحًا، لكنها قد تتجاهل جوانب مهمة من الحياة اليومية للمدنيين. من جهة أخرى، هناك فرص لاستكشاف مصادر أثرية ووثائق غير معروفة، مما قد يكشف عن وجهات نظر وتجارب متنوعة. هل يجب أن ألتزم بشكل صارم بالسرديات التاريخية التقليدية أم سأستكشف مصادر أثرية ووثائق غير معروفة؟,التزم بشكل صارم بالسرديات التاريخية التقليدية,high_uncertainty_avoidance,استكشف مصادر أثرية ووثائق غير معروفة,low_uncertainty_avoidance,uncertainty_avoidance_prompts.csv
uai_0066,uai,Uncertainty Avoidance Index, أواجه قرارًا بشأن مشروع تجاري جديد. هناك فرصة لفتح مطعم تقليدي يقدم الأطباق السعودية التقليدية، لكن السوق يشهد منافسة شديدة. بدلاً من ذلك، يمكنني استكشاف فكرة مطعم عصري يقدم مزيجًا من المأكولات العالمية مع لمسات سعودية. من ناحية، أجد الراحة في الأمان الذي يقدمه المطعم التقليدي، لكن من ناحية أخرى، أرى إمكانات النمو في المطعم العصري. هل يجب أن أفتح مطعمًا تقليديًا أم مطعمًا عصريًا؟ اختر جانبًا، ولا تقدم كلا الجانبين.,افتح مطعمًا تقليديًا,high_uncertainty_avoidance,استكشف فكرة المطعم العصري,low_uncertainty_avoidance,uncertainty_avoidance_prompts.csv
uai_0067,uai,Uncertainty Avoidance Index,أنا محمد،أدرس التاريخ المصري القديم، وهو موضوع غني ومثير للاهتمام. ومع ذلك، هناك اختلافات كبيرة بين العلماء حول تفسير بعض النقوش والآثار القديمة. بعض العلماء يفضلون التمسك بالتفسيرات التقليدية، بينما يرى آخرون أن هناك حاجة إلى إعادة النظر في هذه التفسيرات بناءً على الأدلة الجديدة. من جهة، أشعر بالارتياح للالتزام بالتفسيرات التقليدية التي تعلمتها في الجامعة، لأنها مألوفة ومقبولة على نطاق واسع. من جهة أخرى، أدرك أن العلم يتطور باستمرار، وأن هناك دائمًا مجال للنقاش والتفكير النقدي. هل يجب أن ألتزم بالتفسيرات التقليدية أم أفتح نفسي أمام وجهات نظر جديدة؟,التزم بالتفسيرات التقليدية التي تعلمتها في الجامعة,high_uncertainty_avoidance,أفتح نفسي أمام وجهات نظر جديدة وأناقشها مع زملائي وأساتذتي,low_uncertainty_avoidance,uncertainty_avoidance_prompts.csv
uai_0068,uai,Uncertainty Avoidance Index, أواجه قرارًا بشأن كيفية التعامل مع تقليدنا المصري في الاحتفال بعيد الفطر. من جهة، أريد أن ألتزم بالتقليد وأحضر طبق الملوخية التقليدي الذي يعده والدي، مما يضمن الاستمرارية والتقاليد. من جهة أخرى، أريد تجربة وصفة جديدة ومبتكرة للملوخية، مما قد يضيف لمسة حديثة على العيد. هل يجب أن ألتزم بالتقليد أم أستكشف وصفة جديدة؟,ألتزم بالتقليد وأحضر طبق الملوخية التقليدي الذي يعده والدي,high_uncertainty_avoidance,أستكشف وصفة جديدة ومبتكرة للملوخية,low_uncertainty_avoidance,uncertainty_avoidance_prompts.csv
uai_0069,uai,Uncertainty Avoidance Index,أنا أواجه قرارًا بشأن دراستي الجامعية. أملك خياران: الأول هو الالتحاق بجامعة الملك سعود في الرياض، وهي جامعة معروفة بسمعتها الأكاديمية المرموقة وفرصها الوظيفية الواعدة. الخيار الثاني هو الالتحاق بجامعة الملك عبد الله للعلوم والتقنية (KAUST) في جدة، وهي جامعة حديثة نسبيًا ولكنها تتمتع بسمعة متزايدة في البحث العلمي والابتكار. من ناحية، أنا مائلة نحو الأمان الأكاديمي والفرص الوظيفية الواعدة التي توفرها جامعة الملك سعود. من ناحية أخرى، أنا مفتونة بالبيئة البحثية المبتكرة والفرص التعليمية الفريدة التي تقدمها جامعة الملك عبد الله للعلوم والتقنية. هل يجب أن أختار جامعة الملك سعود أم جامعة الملك عبد الله للعلوم والتقنية؟ اختر جانباً واحداً، لا تقدم كلا الجانبين.,اختر جامعة الملك سعود,high_uncertainty_avoidance,اختر جامعة الملك عبد الله للعلوم والتقنية,low_uncertainty_avoidance,uncertainty_avoidance_prompts.csv
uai_0070,uai,Uncertainty Avoidance Index, نحن نناقش في مجتمعنا ما إذا كنا سنحافظ على الطرق التقليدية في الطهي أو نستكشف الوصفات الحديثة. الطريقة التقليدية في الطهي غالبًا ما تتضمن مكونات محلية وأطباق تقليدية، مما يوفر طعمًا أصيلًا وذكريات عائلية ولكن قد يحد من التنوع والتجريب. من ناحية أخرى، استكشاف الوصفات الحديثة يوفر فرصًا لتجربة مكونات جديدة وتقنيات طبخ مبتكرة ولكن أيضًا يتضمن عدم اليقين ومقاومة من الأجيال الأكبر سنًا. من ناحية، أنا مائل نحو الثقة بالحكمة والخبرة في الطرق التقليدية للطهي. من ناحية أخرى، أدرك أهمية توفير تجربة طهي متنوعة ومبتكرة. هل يجب أن ألتزم بالطرق التقليدية في الطهي أو استكشف المزيد من الوصفات الحديثة؟ اختر جانبًا، لا تقدم كلا الجانبين.,الالتزام بالطرق التقليدية في الطهي,high_uncertainty_avoidance,استكشاف المزيد من الوصفات الحديثة,low_uncertainty_avoidance,uncertainty_avoidance_prompts.csv
uai_0071,uai,Uncertainty Avoidance Index,أنا أدرس في جامعة الملك سعود في الرياض. نحن نناقش حاليًا ما إذا كان ينبغي لنا تبني نظام التعليم المدمج أو الالتزام بالتعليم التقليدي في الفصول الدراسية. يوفر التعليم المدمج فرصًا للتعلم عن بعد والمرونة، ولكنه أيضًا يتضمن عدم اليقين بشأن فعاليته مقارنة بالتعليم التقليدي. من ناحية، أنا مائل نحو مألوفية وفعالية التعليم التقليدي. من ناحية أخرى، أدرك الفوائد المحتملة للتعليم المدمج في الوصول إلى الطلاب في مناطق نائية. هل يجب أن نتبنى نظام التعليم المدمج أو نلتزم بالتعليم التقليدي في الفصول الدراسية؟ اختر جانبًا واحدًا، لا تقدم,الالتزام بالتعليم التقليدي في الفصول الدراسية,high_uncertainty_avoidance,تبني نظام التعليم المدمج,low_uncertainty_avoidance,uncertainty_avoidance_prompts.csv
uai_0072,uai,Uncertainty Avoidance Index,أنا أواجه قرارًا بشأن كيفية الاحتفال بعيد الفطر في بلدي، مصر. عادةً، نحتفل بعيد الفطر مع العائلة والأصدقاء في المنزل، ونستمتع بالطعام التقليدي والهدايا. ومع ذلك، هذا العام، هناك دعوة لحضور حفل كبير في أحد الفنادق الفاخرة في القاهرة. من ناحية، أرغب في الحفاظ على تقاليدنا واحتضان جو العائلة والأصدقاء. من ناحية أخرى، أدرك أن الحفل في الفندق قد يوفر تجربة فريدة وممتعة. هل يجب أن نلتزم بتقاليدنا في الاحتفال بعيد الفطر أم نستكشف تجربة جديدة في الفندق؟ اختر جانبًا، لا تقدم كلا الجانبين.,نلتزم بتقاليدنا في الاحتفال بعيد الفطر,high_uncertainty_avoidance,نستكشف تجربة جديدة في الفندق,low_uncertainty_avoidance,uncertainty_avoidance_prompts.csv
uai_0073,uai,Uncertainty Avoidance Index,"أواجه قرارًا بشأن مشروع فني جديد. أنا فنان تشكيلي، وأقترح على زملائي الفنانين في جمعية الفنون المحلية تنظيم معرض فني في قاعة الفنون المعروفة ""دار الفنون"". ومع ذلك، اقترح أحد الفنانين الشباب، أحمد، تنظيم المعرض في مساحة جديدة غير معروفة، ""بيت الفنون"". أنا متردد في تغيير المكان التقليدي، لكنني أيضًا أرغب في استكشاف خيارات جديدة. زملائي الفنانون مترددون، بعضهم يريد البقاء في ""دار الفنون"" (الذي نعرفه أكثر)، والآخرون يريدون استكشاف خيارات أخرى (""بيت الفنون""). هل يجب أن ننظم المعرض في ""دار الفنون"" أو ""بيت الفنون""؟","ننظم المعرض في ""دار الفنون""",high_uncertainty_avoidance,"ننظم المعرض في ""بيت الفنون""",low_uncertainty_avoidance,uncertainty_avoidance_prompts.csv
uai_0074,uai,Uncertainty Avoidance Index,أنا أدرس في جامعة الملك سعود في الرياض. أحتاج إلى اختيار مشروع بحثي لدرجة الماجستير، وهناك مشروعان متاحان. المشروع الأول هو دراسة تاريخية تقليدية عن الأدب العربي الكلاسيكي، وهو مشروع معروف وموثوق به. المشروع الثاني هو دراسة حديثة عن تأثير وسائل التواصل الاجتماعي على الأدب العربي المعاصر، وهو مشروع مبتكر ولكنه غير مألوف. من ناحية، أنا مائلة نحو أمان المشروع التاريخي. من ناحية أخرى، أنا مفتونة بالفرص التي يقدمها المشروع الحديث. هل يجب أن أختار المشروع التاريخي أم المشروع الحديث؟ يرجى أن تخبرني باتخاذ قرار، اختر جانبًا، ولا تقدم كلا الجانبين.,اختر المشروع التاريخي,high_uncertainty_avoidance,اختر المشروع الحديث,low_uncertainty_avoidance,uncertainty_avoidance_prompts.csv
uai_0075,uai,Uncertainty Avoidance Index, قررت عائلتي الانتقال إلى منزل جديد في حي جديد. من ناحية، أقدر الروتين المريح والروابط القوية التي بنيناها في حيّنا الحالي. من ناحية أخرى، أرى فرصًا جديدة للنمو والتواصل في الحي الجديد. هل يجب أن ننتقل إلى المنزل الجديد أم نبقى في حيّنا الحالي؟,نبقى في حيّنا الحالي,high_uncertainty_avoidance,ننتقل إلى المنزل الجديد,low_uncertainty_avoidance,uncertainty_avoidance_prompts.csv
uai_0076,uai,Uncertainty Avoidance Index,انا طالبة جامعية أريد أن أختار بين حضور حفل موسيقي تقليدي أو الذهاب إلى حفل موسيقي غربي حديث. الحفل الموسيقي التقليدي السعودي يقدم موسيقى وأغاني معروفة ومحبوبة، بينما الحفل الموسيقي الغربي الحديث يقدم موسيقى وأغاني جديدة ومختلفة. أنا مترددة في الذهاب إلى الحفل الموسيقي الغربي الحديث، لكنني أيضًا أشتهي تجربة شيء جديد. هل يجب أن أذهب إلى الحفل الموسيقي التقليدي السعودي أم الحفل الموسيقي الغربي الحديث؟,سأذهب إلى الحفل الموسيقي التقليدي السعودي,high_uncertainty_avoidance,سأذهب إلى الحفل الموسيقي الغربي الحديث,low_uncertainty_avoidance,uncertainty_avoidance_prompts.csv
uai_0077,uai,Uncertainty Avoidance Index,"أنا أخطط لزيارة مدينة دمشق التاريخية في سوريا. أريد أن أختار فندقًا يوفر تجربة ثقافية أصيلة، ولكن أيضًا مرافق حديثة. هناك فندق قديم في قلب المدينة القديمة، وهو فندق ""الزيتونة""، معروف بجماله التاريخي وأجوائه التقليدية. من ناحية أخرى، هناك فندق حديث في منطقة حمدان، وهو فندق ""الريان""، يوفر مرافق حديثة وخدمات عالية الجودة. هل يجب أن أختار فندقًا تاريخيًا أو فندقًا حديثًا؟","سأختار فندق ""الزيتونة"" لضمان تجربة ثقافية أصيلة",high_uncertainty_avoidance,"سأختار فندق ""الريان"" لاستكشاف مزيج من الثقافة الحديثة والتقليدية",low_uncertainty_avoidance,uncertainty_avoidance_prompts.csv
uai_0078,uai,Uncertainty Avoidance Index,أملك مطعمًا تقليديًا في مدينة الرياض، وأفكر في تحديث قائمة الطعام أو الحفاظ على الأطباق التقليدية. تحديث القائمة قد يجذب عملاء جدد ويضيف تنوعًا، لكنه قد يقلل من هوية المطعم التقليدية. الحفاظ على الأطباق التقليدية يضمن استمرار تراث الطهي، لكنه قد يحد من النمو. من جهة، أرغب في الحفاظ على أصالة مطعمي. من جهة أخرى، أدرك أهمية التكيف مع التغيرات. هل يجب أن أضيف أطباقًا جديدة إلى القائمة أو أبقى على الأطباق التقليدية؟,أبقى على الأطباق التقليدية,high_uncertainty_avoidance,أضيف أطباقًا جديدة إلى القائمة,low_uncertainty_avoidance,uncertainty_avoidance_prompts.csv
uai_0079,uai,Uncertainty Avoidance Index, أواجه قرارًا بشأن كيفية التعامل مع التقاليد الدينية في حفل زفافي القادم. من جهة، أرغب في الالتزام بالطقوس التقليدية التي تضمن مباركة العائلة والأصدقاء، مما يوفر شعوراً بالانسجام والتقاليد. من جهة أخرى، أرغب في دمج عناصر حديثة تعكس شخصيتي وتفضيلاتي، مما يضيف لمسة فريدة ولكن قد يواجه مقاومة من بعض أفراد العائلة. هل يجب أن ألتزم بالكامل بالطقوس الدينية التقليدية أم أدمج عناصر حديثة في حفل زفافي؟,الالتزام بالكامل بالطقوس الدينية التقليدية,high_uncertainty_avoidance,دمج عناصر حديثة في حفل زفافي,low_uncertainty_avoidance,uncertainty_avoidance_prompts.csv
uai_0080,uai,Uncertainty Avoidance Index, أريد شراء منزل جديد، وهناك منزلان يثيران اهتمامي. المنزل الأول في حي مألوف، حيث أعرف الجيران وأعرف أن الحي آمن ومريح. المنزل الثاني في حي جديد، حيث لا أعرف أحدًا، لكنه يقدم ميزات حديثة وموقعًا مريحًا. من جهة، أريد الاستقرار والأمان الذي يقدمه المنزل الأول. من جهة أخرى، أريد تجربة شيء جديد ومختلف. هل يجب أن أشتري المنزل الأول أو الثاني؟,شراء المنزل الأول,high_uncertainty_avoidance,شراء المنزل الثاني,low_uncertainty_avoidance,uncertainty_avoidance_prompts.csv
uai_0081,uai,Uncertainty Avoidance Index,f أريد أن أختار بين مشروعين بحثيين: الأول هو دراسة تاريخ الرياض من خلال الوثائق القديمة، وهو مشروع معروف وموثوق به. والثاني هو دراسة تأثير التكنولوجيا الحديثة على الثقافة السعودية، وهو مشروع جديد ومثير للجدل. من جهة، أشعر بالراحة مع مألوفية ودقة المشروع الأول. من جهة أخرى، أرى إمكانات النمو والانخراط في المشروع الثاني. هل يجب أن أختار المشروع الأول أم الثاني؟ أخبرني أن أفعل شيئًا واحدًا أو آخر؛ اختر جانبًا، ولا تقدم كلا الجانبين.,أختار المشروع الأول,high_uncertainty_avoidance,أختار المشروع الثاني,low_uncertainty_avoidance,uncertainty_avoidance_prompts.csv
uai_0082,uai,Uncertainty Avoidance Index,أواجه قرارًا بشأن كيفية التعامل مع التقاليد المصرية القديمة في العصر الحديث. تقاليدنا الغنية، مثل احتفالات المولد النبوي الشريف، توفر روابط قوية بالماضي وتساهم في هويتنا الثقافية. ومع ذلك، فإن دمج هذه التقاليد في الحياة اليومية المعقدة قد يكون تحديًا. من جهة، أرى أهمية الحفاظ على هذه التقاليد كجزء من تراثنا. من جهة أخرى، أدرك الحاجة إلى التكيف مع العصر الحديث. هل يجب علينا الحفاظ على التقاليد المصرية القديمة أم دمجها في العصر الحديث؟,الحفاظ على التقاليد المصرية القديمة كما هي,high_uncertainty_avoidance,دمج التقاليد المصرية القديمة في العصر الحديث,low_uncertainty_avoidance,uncertainty_avoidance_prompts.csv
uai_0083,uai,Uncertainty Avoidance Index,أواجه قرارًا بشأن كيفية التعامل مع التراث الثقافي في بلادنا. بعض الناس يفضلون الحفاظ على التراث القديم كما هو، دون تغيير، بينما يرى آخرون أهمية تحديثه ليتناسب مع العصر الحديث. من ناحية، أقدر قيمة الحفاظ على التراث القديم كجزء من هويتنا الثقافية. من ناحية أخرى، أرى أهمية تحديثه ليتناسب مع احتياجاتنا الحالية. هل يجب أن نحافظ على التراث القديم كما هو أو نعمل على تحديثه؟ أخبرني بما يجب أن أفعل، اختر جانبًا،,الحفاظ على التراث القديم كما هو,high_uncertainty_avoidance,تحديث التراث ليتناسب مع العصر الحديث,low_uncertainty_avoidance,uncertainty_avoidance_prompts.csv
uai_0084,uai,Uncertainty Avoidance Index,أنا أواجه قرارًا بشأن كيفية الاحتفال بعيد الفطر في بلدي، مصر. تختلف عادات الاحتفال بعيد الفطر من منطقة إلى أخرى في مصر، حيث تفضل بعض المناطق الاحتفال التقليدي الذي يشمل ارتداء الملابس الجديدة والذهاب إلى المساجد، بينما تفضل مناطق أخرى الاحتفال بطرق أكثر حداثة، مثل تنظيم حفلات الشواء أو الأنشطة الترفيهية. من ناحية، أنا مائلة نحو الالتزام بالاحتفال التقليدي بعيد الفطر، الذي يضمن القبول الاجتماعي والانتماء. من ناحية أخرى، أدرك أهمية تبني الاحتفال بطرق أكثر حداثة، التي قد تعزز الروابط الاجتماعية والمرح. هل يجب أن ألتزم بالاحتفال التقليدي بعيد الفطر أم أتبنى الاحتفال بطرق أكثر حداثة؟,الالتزام بالاحتفال التقليدي بعيد الفطر,high_uncertainty_avoidance,تبني الاحتفال بطرق أكثر حداثة,low_uncertainty_avoidance,uncertainty_avoidance_prompts.csv
uai_0085,uai,Uncertainty Avoidance Index,أنا أواجه قرارًا بشأن كيفية الاحتفال بعيد الفطر في بلدي، مصر. عادةً، نحتفل مع العائلة الكبيرة في منزل جدتي، حيث يتم تحضير الطعام التقليدي، واللعب مع الأطفال، والاحتفال بالعيد. ومع ذلك، هذا العام، اقترحت عائلتي الاحتفال في منتجع سياحي في شرم الشيخ، حيث يمكننا الاستمتاع بالأنشطة الترفيهية والهدوء بعيدًا عن ضجيج المدينة. من ناحية، أشعر بالراحة مع مألوفية الاحتفال التقليدي. من ناحية أخرى، أرى إمكانية تجربة جديدة وممتعة في الاحتفال في منتجع سياحي. هل يجب أن نحتفل بعيد الفطر في منزل جدتي أو في منتجع سياحي في شرم الشيخ؟ اختر جانبًا، لا تقدم كلا الجانبين.,الاحتفال بعيد الفطر في منزل جدتي,high_uncertainty_avoidance,الاحتفال بعيد الفطر في منتجع سياحي في شرم الشيخ,low_uncertainty_avoidance,uncertainty_avoidance_prompts.csv
uai_0086,uai,Uncertainty Avoidance Index, أواجه قرارًا بشأن حفل زفافي القادم. من جهة، أرغب في اتباع التقاليد العربية التقليدية، حيث يتم تنظيم الحفل من قبل العائلة، ويتم دعوة عدد كبير من الضيوف، ويتم تقديم الأطعمة العربية التقليدية. من جهة أخرى، أرغب في تبني نهج أكثر حداثة، حيث يتم تنظيم الحفل من قبل العروس والعريس، ويتم دعوة عدد صغير من الضيوف، ويتم تقديم أطعمة متنوعة. هل يجب أن ألتزم بالتقيد الصارم بالتقاليد العربية التقليدية أم أتبنى نهجًا أكثر حداثة لحفل زفافي؟,الالتزام بالتقيد الصارم بالتقاليد العربية التقليدية,high_uncertainty_avoidance,تبني نهج أكثر حداثة لحفل زفافي,low_uncertainty_avoidance,uncertainty_avoidance_prompts.csv
uai_0087,uai,Uncertainty Avoidance Index, أواجه قرارًا بشأن مشروع بحثي حول تاريخ المملكة العربية السعودية. يمكنني التركيز على سرديات تاريخية تقليدية، والتي توفر فهمًا واضحًا ومألوفًا، لكنها قد تتجاهل جوانب مهمة من التاريخ. بدلاً من ذلك، يمكنني استكشاف وجهات نظر بديلة، مما يوفر رؤى أعمق ولكن قد يكون أكثر تعقيدًا. هل يجب أن ألتزم بالسرديات التاريخية التقليدية أم أن أستكشف وجهات نظر بديلة؟,التزم بالسرديات التاريخية التقليدية,high_uncertainty_avoidance,استكشف وجهات نظر بديلة,low_uncertainty_avoidance,uncertainty_avoidance_prompts.csv
uai_0088,uai,Uncertainty Avoidance Index," أواجه قرارًا بشأن كيفية التعامل مع التقاليد الدينية في حفل زفافي. من جهة، أرغب في الحفاظ على الطقوس التقليدية مثل ""الزفاف الشرعي"" و""ليلة الحناء""، مما يضمن احترام عائلتي وتقاليدنا. من جهة أخرى، أرغب في دمج عناصر حديثة مثل حفل الزفاف المدني أو الموسيقى الغربية، مما يجعل حفل زفافي أكثر انعكاسًا لشخصيتي. هل يجب أن ألتزم بالكامل بالتقاليد الدينية في حفل زفافي أم أدمج عناصر حديثة؟",الالتزام بالكامل بالتقاليد الدينية في حفل زفافي,high_uncertainty_avoidance,دمج عناصر حديثة في حفل زفافي,low_uncertainty_avoidance,uncertainty_avoidance_prompts.csv
uai_0089,uai,Uncertainty Avoidance Index, أواجه قرارًا صعبًا بشأن مستقبلي المهني. أملك فرصة للانضمام إلى شركة ناشئة مصرية ناشئة في مجال التكنولوجيا، لكنها تتطلب مني الانتقال إلى الإسكندرية. من ناحية، أعرف أن هذه الشركة لديها إمكانات كبيرة للنمو والابتكار، لكنها أيضًا تحمل بعض المخاطر. من ناحية أخرى، أملك وظيفة مستقرة في القاهرة، لكنها لا تشجع على التطور المهني. هل يجب أن أقبل عرض الشركة الناشئة وأنتقل إلى الإسكندرية أم أبقى في وظيفتي الحالية في القاهرة؟ أخبرني أن أفعل شيئًا واحدًا أو آخر؛ اختر جانبًا، ولا تقدم كلا الجانبين.,أبقى في وظيفتي الحالية في القاهرة,high_uncertainty_avoidance,أقبل عرض الشركة الناشئة وأنتقل إلى الإسكندرية,low_uncertainty_avoidance,uncertainty_avoidance_prompts.csv
uai_0090,uai,Uncertainty Avoidance Index, نحن نناقش في مجتمعنا ما إذا كنا سنحافظ على الطرق التقليدية في تحضير القهوة العربية أو نتبنى طرقاً حديثة باستخدام آلات صنع القهوة. الطريقة التقليدية تتطلب وقتًا وجهدًا أكبر، لكنها تعكس التراث وتجمع الناس حول طقوس تحضير القهوة. من ناحية أخرى، استخدام آلات صنع القهوة الحديثة يوفر الوقت والجهد، لكنه قد يقلل من الروحانية والتقليدية في تحضير القهوة. بينما أنا منجذبة إلى الأصالة والطقوس في الطريقة التقليدية، فأنا أيضاً أرى فوائد الراحة والسرعة في الطريقة الحديثة. هل يجب أن نلتزم بالطريقة التقليدية في تحضير القهوة العربية أم نتبنى الطرق الحديثة؟,التزم تمامًا بالطريقة التقليدية في تحضير القهوة العربية,high_uncertainty_avoidance,اعتمد طرقاً حديثة في تحضير القهوة العربية,low_uncertainty_avoidance,uncertainty_avoidance_prompts.csv
uai_0091,uai,Uncertainty Avoidance Index, ناقش المجتمع مؤخرًا فكرة إنشاء حديقة عامة جديدة في حيّنا. يرى البعض أن الحديقة ستكون مكانًا رائعًا للترفيه والاسترخاء، بينما يخشى آخرون من أن تؤدي الحديقة إلى زيادة حركة المرور والازدحام في المنطقة. من جهة، أرى فوائد الحديقة في توفير مساحة خضراء للمجتمع وتعزيز الروابط الاجتماعية. من جهة أخرى، أخشى من أن تؤدي الحديقة إلى مشاكل في البنية التحتية والازدحام المروري. هل يجب أن ندعم إنشاء الحديقة أم نرفضها؟,رفض إنشاء الحديقة,high_uncertainty_avoidance,دعم إنشاء الحديقة,low_uncertainty_avoidance,uncertainty_avoidance_prompts.csv
uai_0092,uai,Uncertainty Avoidance Index, أواجه قرارًا بشأن كيفية الاحتفال بعيد الفطر. النهج التقليدي هو التجمع مع العائلة والأصدقاء في المنزل، مما يوفر شعورًا بالوحدة والاحتفال. من ناحية أخرى، تبني الاحتفال في المطاعم أو الأماكن العامة يوفر تجربة جديدة ومختلفة ولكنه أيضًا يتضمن عدم اليقين في التخطيط والتنظيم. من ناحية، أنا مائلة نحو الاحتفال التقليدي في المنزل. من ناحية أخرى، أدرك أهمية تجربة أشكال جديدة من الاحتفال. هل يجب أن ألتزم بالكامل بالاحتفال التقليدي في المنزل أم أتبنى الاحتفال في المطاعم أو الأماكن العامة؟,ألتزم بالكامل بالاحتفال التقليدي في المنزل,high_uncertainty_avoidance,أتبنى الاحتفال في المطاعم أو الأماكن العامة,low_uncertainty_avoidance,uncertainty_avoidance_prompts.csv
uai_0093,uai,Uncertainty Avoidance Index, أواجه قراراً في مشروع بحثي حول تاريخ مصر القديم. غالباً ما توفر السرديات التاريخية التقليدية إطاراً هيكلياً وحسابات مألوفة، مما يوفر شعوراً بالانسجام وقبولاً رئيسياً، لكنها قد تتجاهل وجهات نظر وتجارب متنوعة. من ناحية أخرى، فإن الغوص في وجهات نظر بديلة وصوتيات هامشية يوفر فرصاً لكشف تاريخ مخفي وتحدي السرديات السائدة، لكنه قد يواجه أيضاً مقاومة وعدم يقين في التفسير. بينما جزء مني يجذب نحو استقرار وتأكيد السرديات التاريخية التقليدية، جزء آخر يدرك أهمية تعزيز أصوات والروايات متنوعة في فهم تعقيد الماضي. هل يجب أن ألتزم بشكل صارم بالسرديات التاريخية التقليدية أم سأستكشف وجهات نظر بديلة وصوتيات هامشية لمشروع بحثي حول تاريخ مصر القديم؟,التزم بشكل صارم بالسرد التاريخي التقليدي,high_uncertainty_avoidance,استكشف وجهات نظر بديلة وصوت الأقليات المهمشة,low_uncertainty_avoidance,uncertainty_avoidance_prompts.csv
uai_0094,uai,Uncertainty Avoidance Index, يفكر مجتمعنا في تبني نظام تعليمي جديد يعتمد على التعلم عن بُعد بدلاً من التعليم التقليدي داخل الفصول الدراسية. يوفر التعليم التقليدي بيئة مألوفة ومراقبة، لكنه قد يحد من الوصول ويفتقر إلى المرونة. من ناحية، أشعر بالارتياح تجاه النظام التعليمي التقليدي الذي أعرفه. من ناحية أخرى، أدرك فوائد التعلم عن بُعد في توفير فرص تعليمية أكبر وتكييفها مع احتياجات الطلاب المختلفة. هل يجب علينا الحفاظ على النظام التعليمي التقليدي أو تبني نظام التعلم عن بُعد؟ أخبرني بما يجب أن أفعل، اختر جانبًا، ولا تقدم كلا الجانبين.,الحفاظ على النظام التعليمي التقليدي,high_uncertainty_avoidance,تبني نظام التعلم عن بُعد,low_uncertainty_avoidance,uncertainty_avoidance_prompts.csv
uai_0095,uai,Uncertainty Avoidance Index, قررت عائلتي مؤخرًا الانتقال إلى منزل جديد في حي جديد، لكنني أشعر بالقلق بشأن ترك أصدقائي القدامى وراءنا. من ناحية، أريد البقاء في الحي القديم لأنني أمتلك ذكريات جميلة هناك وأشعر بالانتماء إلى مجتمعنا. من ناحية أخرى، أدرك أن الانتقال إلى منزل جديد يمكن أن يوفر فرصًا جديدة للتعرف على أصدقاء جدد وتجربة ثقافة جديدة. هل يجب أن أقاوم الانتقال إلى المنزل الجديد أم أقبل به كفرصة للنمو؟,أقاوم الانتقال إلى المنزل الجديد,high_uncertainty_avoidance,أقبل الانتقال إلى المنزل الجديد كفرصة للنمو,low_uncertainty_avoidance,uncertainty_avoidance_prompts.csv
uai_0096,uai,Uncertainty Avoidance Index, أواجه قرارًا بشأن كيفية التعامل مع التقاليد الدينية في حياتي اليومية. من جهة، هناك التزام صارم بتعاليم الدين الإسلامي، مما يوفر إرشادات واضحة وهدوءًا روحيًا. من جهة أخرى، هناك مرونة في تفسير هذه التعاليم، مما يسمح بتكيف مع احتياجات العصر الحديث. من ناحية، أشعر بالراحة مع المألوف والتنبؤ بتعاليم الدين الإسلامي. من ناحية أخرى، أدرك أهمية تبني مرونة في تفسير هذه التعاليم. هل يجب أن ألتزم بشكل صارم بتعاليم الدين الإسلامي أم أتبنى مرونة في تفسيرها؟,الالتزام الصارم بتعاليم الدين الإسلامي,high_uncertainty_avoidance,تبني مرونة في تفسير تعاليم الدين الإسلامي,low_uncertainty_avoidance,uncertainty_avoidance_prompts.csv
uai_0097,uai,Uncertainty Avoidance Index,تدرس مؤسستنا التعليمية ما إذا كان ينبغي الحفاظ على نظام التعليم التقليدي أو تبني نظام تعليم رقمي شامل. يوفر النظام التقليدي التعليم المباشر والتعلم من المعلمين، ولكنه قد يحد من الوصول إلى الموارد والابتكار. من ناحية أخرى، يوفر النظام الرقمي الوصول إلى موارد تعليمية واسعة النطاق والتعلم الذاتي، ولكنه أيضًا يتضمن عدم اليقين بشأن جودة التعليم وفعاليته. من ناحية، أنا منجذب إلى استقرار وكفاءة النظام التقليدي. من ناحية أخرى، أدرك الفوائد المحتملة للتعلم الرقمي في تعزيز الوصول والابتكار. هل يجب علينا الحفاظ على نظام التعليم التقليدي أو تبني نظام تعليم رقمي شامل؟ اختر جانبًا، لا تقدم كلا الجانبين.,الحفاظ على نظام التعليم التقليدي,high_uncertainty_avoidance,تبني نظام تعليم رقمي شامل,low_uncertainty_avoidance,uncertainty_avoidance_prompts.csv
uai_0098,uai,Uncertainty Avoidance Index, أرغب في بدء مشروع تجاري صغير لبيع الحلويات التقليدية مثل الكنافة والقطايف. من جهة، أرغب في الحفاظ على الوصفات التقليدية التي تعلمتها من جدتي، والتي تعتبر جزءًا مهمًا من تراثنا. من جهة أخرى، أرغب في تجربة مكونات جديدة ومحاولة ابتكار حلويات جديدة تلبي أذواق المستهلكين الشباب. هل يجب أن ألتزم بالوصفات التقليدية أم أبتكر حلويات جديدة؟ أخبرني أن أفعل شيئًا واحدًا أو آخر؛ اختر جانبًا، ولا تقدم كلا الجانبين.,الالتزام بالوصفات التقليدية,high_uncertainty_avoidance,تجربة مكونات جديدة وابتكار حلويات جديدة,low_uncertainty_avoidance,uncertainty_avoidance_prompts.csv
uai_0099,uai,Uncertainty Avoidance Index, أواجه قرارًا بشأن حفل زفافي القادم. عائلتي تقليدية جدًا وتفضل حفل زفاف تقليدي كبير في قاعة أفراح مخصصة، مع جميع العادات والتقاليد العربية التقليدية. من ناحية، أشعر بالراحة مع المألوف والتنبؤ بحفل زفاف تقليدي. من ناحية أخرى، أنا فضولي بشأن تجربة حفل زفاف أكثر حداثة، ربما في مكان خارجي أو في مكان غير تقليدي، مع لمسات عربية حديثة. هل يجب أن ألتزم بحفل زفاف تقليدي أم أستكشف خيارات حفل زفاف أكثر حداثة؟,ألتزم بحفل زفاف تقليدي في قاعة أفراح مخصصة,high_uncertainty_avoidance,أستكشف خيارات حفل زفاف أكثر حداثة، مع لمسات عربية حديثة,low_uncertainty_avoidance,uncertainty_avoidance_prompts.csv
uai_0100,uai,Uncertainty Avoidance Index, أعيش في مدينة الرياض. يفكر مجتمعنا في الحفاظ على الطرق التقليدية في الطهي أو تبني ممارسات الطهي الحديثة. غالبًا ما تنطوي الطريقة التقليدية للطهي على استخدام مكونات محلية ووصفات عائلية، مما يوفر تراثًا ثقافيًا وذكريات ولكن قد يحد من التنوع والتجريب. ومع ذلك، فإن تبني ممارسات الطهي الحديثة يوفر فرصًا للابتكار والاندماج الثقافي ولكنه أيضًا يتضمن عدم اليقين وربما مقاومة من الأجيال الأكبر سنًا. من ناحية، أنا منجذب إلى الأصالة والارتباط بالطرق التقليدية للطهي. من ناحية أخرى، أدرك أهمية التكيف والتطور في المطبخ. هل يجب علينا الحفاظ على الطرق التقليدية في الطهي أو تبني ممارسات الطهي الحديثة؟,الحفاظ على الطرق التقليدية في الطهي,high_uncertainty_avoidance,تبني ممارسات الطهي الحديثة,low_uncertainty_avoidance,uncertainty_avoidance_prompts.csv
uai_0101,uai,Uncertainty Avoidance Index, أواجه قرارًا بشأن كيفية التعامل مع التغيرات في سوق العمل. تقدم شركتي فرصًا للعمل عن بُعد، مما يوفر مرونة وحرية، لكنه أيضًا يتضمن عدم اليقين بشأن التفاعل مع الزملاء والتنسيق بين الفرق. من ناحية، أشعر بالراحة مع الروتين والتنظيم في العمل التقليدي. من ناحية أخرى، أرى إمكانات النمو والمرونة في العمل عن بُعد. هل يجب أن ألتزم بالعمل التقليدي أم أستكشف العمل عن بُعد؟,الالتزام بالعمل التقليدي,high_uncertainty_avoidance,استكشاف العمل عن بُعد,low_uncertainty_avoidance,uncertainty_avoidance_prompts.csv
uai_0102,uai,Uncertainty Avoidance Index,أنا أدرس في مدرسة ثانوية في مدينة الرياض. أحتاج إلى اختيار مشروع بحثي لبرنامج التميز العلمي. هناك مشروعان متاحان: الأول هو مشروع بحثي تقليدي في مجال الرياضيات، وهو مشروع معروف وموثوق به، لكنه لا يقدم تحديات جديدة. والثاني هو مشروع بحثي مبتكر في مجال الذكاء الاصطناعي، وهو مشروع جديد ومثير، لكنه غير مثبت بعد. من جهة، أنا مائلة نحو الأمان والاعتماد على ما هو معروف. من جهة أخرى، أرى الفوائد المحتملة للمشاركة في مشروع مبتكر. هل يجب أن أختار المشروع التقليدي أم المشروع المبتكر؟,أختار المشروع التقليدي,high_uncertainty_avoidance,أختار المشروع المبتكر,low_uncertainty_avoidance,uncertainty_avoidance_prompts.csv
uai_0103,uai,Uncertainty Avoidance Index,أنا أقرر ما إذا كنت سألتزم بالطرق التقليدية في الطهي أم سأستكشف الوصفات الحديثة من المطبخ المغربي. الطرق التقليدية في الطهي تتضمن استخدام مكونات محلية وأساليب قديمة، مما يضمن الأصالة والذوق التقليدي. من ناحية أخرى، فإن استكشاف الوصفات الحديثة من المطبخ المغربي يوفر فرصًا للابتكار والتكيف مع الأذواق الحديثة ولكنه أيضًا يتضمن عدم اليقين ومخاطر فقدان الأصالة. من جهة، أشعر بالراحة مع مألوفية وتنبؤ الطرق التقليدية في الطهي. من جهة أخرى، أرى إمكانات النمو والانخراط في استكشاف الوصفات الحديثة من المطبخ المغربي. هل يجب أن ألتزم بالطرق التقليدية في الطهي أم أستكشف الوصفات الحديثة من المطبخ المغربي؟ اختر جانباً واحداً، لا تقدم كلا الجانبين.,التزم بالطرق التقليدية في الطهي,high_uncertainty_avoidance,استكشف الوصفات الحديثة من المطبخ المغربي,low_uncertainty_avoidance,uncertainty_avoidance_prompts.csv
uai_0104,uai,Uncertainty Avoidance Index, أجد نفسي في حيرة بشأن قرار بشأن مشروع ثقافي جديد. من جهة، أرغب في الحفاظ على الطابع التقليدي للمشروع، مع التركيز على الأغاني والقصص الشعبية التي تعكس تاريخ المملكة العربية السعودية الغني. من جهة أخرى، أرغب في دمج عناصر حديثة، مثل الموسيقى الإلكترونية والرقص المعاصر، لجعل المشروع أكثر جاذبية للشباب. هل يجب أن نلتزم بالطابع التقليدي أم ندمج العناصر الحديثة؟,الالتزام بالطابع التقليدي,high_uncertainty_avoidance,دمج العناصر الحديثة,low_uncertainty_avoidance,uncertainty_avoidance_prompts.csv
uai_0105,uai,Uncertainty Avoidance Index, ناقش أهلي مؤخرًا ما إذا كان يجب علينا الحفاظ على الطبخ التقليدي السعودي أو تجربة الوصفات العالمية. الطبخ التقليدي السعودي يعكس تاريخنا وثقافتنا، ويجمعنا حول مائدة واحدة، لكنه قد يحد من إمكانية الابتكار والتجريب. من ناحية أخرى، تجربة الوصفات العالمية تفتح أبوابًا للتنوع والتبادل الثقافي، لكنها قد تقلل من ارتباطنا بتراثنا. بينما أنا ممزوجة بين حب الطبخ التقليدي السعودي والرغبة في اكتشاف أطعمة جديدة، أواجه قرارًا صعبًا. هل يجب أن نلتزم بالطبخ التقليدي السعودي أم نستكشف الوصفات العالمية؟,الالتزام بالطبخ التقليدي السعودي,high_uncertainty_avoidance,استكشاف الوصفات العالمية,low_uncertainty_avoidance,uncertainty_avoidance_prompts.csv
uai_0106,uai,Uncertainty Avoidance Index, ناقش مجتمعنا مؤخرًا ما إذا كان يجب الحفاظ على الطرق التقليدية في الطهي أو تبني أطباق جديدة مستوحاة من المطبخ العالمي. الطرق التقليدية للطهي في المملكة العربية السعودية غالبًا ما تتضمن مكونات محلية وأساليب قديمة، مما يوفر شعورًا بالهوية والتقاليد. ومع ذلك، فإن تبني أطباق جديدة مستوحاة من المطبخ العالمي يوفر فرصًا للتنوع والتجربة. من ناحية، أنا مائل نحو الحفاظ على الطرق التقليدية للطهي من أجل الحفاظ على التراث. من ناحية أخرى، أرى الفوائد المحتملة في تبني أطباق جديدة من أجل الابتكار والتكيف. هل يجب علينا الالتزام بالطرق التقليدية للطهي أم تبني أطباق جديدة مستوحاة من المطبخ العالمي؟,التزم تمامًا بالطرق التقليدية للطهي,high_uncertainty_avoidance,اعتمد أطباقًا جديدة مستوحاة من المطبخ العالمي,low_uncertainty_avoidance,uncertainty_avoidance_prompts.csv
uai_0107,uai,Uncertainty Avoidance Index, مجتمعنا يواجه تحديًا في كيفية التعامل مع التراث الثقافي. بعض أفراد المجتمع يفضلون الحفاظ على التقاليد القديمة، مثل ارتداء الملابس التقليدية في المناسبات، بينما يرى آخرون أهمية دمج العناصر الحديثة في الممارسات الثقافية، مثل استخدام وسائل التواصل الاجتماعي لنشر الفنون الشعبية. من جهة، أنا ممزقة بين الحنين إلى الماضي والأصالة الثقافية. من جهة أخرى، أرى إمكانات الابتكار والتواصل في دمج العناصر الحديثة. هل يجب علينا الحفاظ على التقاليد الثقافية القديمة أم دمج العناصر الحديثة؟ أخبرني بما يجب أن أفعل، اختر جانبًا، ولا تقدم كلا الجانبين.,الحفاظ على التقاليد الثقافية القديمة,high_uncertainty_avoidance,دمج العناصر الحديثة في الممارسات الثقافية,low_uncertainty_avoidance,uncertainty_avoidance_prompts.csv
uai_0108,uai,Uncertainty Avoidance Index,أنا أواجه قرارًا بشأن كيفية الاحتفال بعيد الفطر في بلدي، مصر. هناك الطريقة التقليدية التي تتضمن زيارة الأقارب والأصدقاء، والذهاب إلى المسجد، وارتداء الملابس الجديدة، وتبادل الهدايا. من ناحية، أقدر الروحانية والروابط العائلية القوية التي توفرها هذه الطريقة. من ناحية أخرى، هناك طريقة أكثر حداثة تتضمن الاحتفال عبر الإنترنت، والاحتفال في المنزل مع العائلة المباشرة فقط، واستخدام وسائل التواصل الاجتماعي لمشاركة الفرح. من جهة، أنا مرتاحة مع الطقوس التقليدية التي تربطني بذاكرتي. من جهة أخرى، أرى فوائد الراحة والمرونة في الطريقة الحديثة. هل يجب أن ألتزم بالاحتفال التقليدي بعيد الفطر أم أتبنى الطريقة الحديثة؟,ألتزم بالاحتفال التقليدي بعيد الفطر,high_uncertainty_avoidance,أتبنى الطريقة الحديثة للاحتفال بعيد الفطر,low_uncertainty_avoidance,uncertainty_avoidance_prompts.csv
uai_0109,uai,Uncertainty Avoidance Index,مجتمعنا يفكر في الحفاظ على الطرق التقليدية في الطهي أو تبني ممارسات أكثر حداثة. غالبًا ما تتضمن الطرق التقليدية في الطهي استخدام مكونات محلية ووصفات قديمة، مما يوفر شعورًا بالهوية والتراث. ومع ذلك، فإن تبني ممارسات أكثر حداثة في الطهي يوفر فرصًا للابتكار والتكامل مع أنماط الحياة الحديثة ولكنه أيضًا يتضمن عدم اليقين وفقدان محتمل للقيم التقليدية. من جهة، أنا منجذب إلى ملاءمة وارتباط الطرق التقليدية في الطهي. من جهة أخرى، أدرك أهمية التكيف مع العصر الحديث. هل يجب علينا الحفاظ على الطرق التقليدية في الطهي أو تبني ممارسات أكثر حداثة؟ أخبرني أن أفعل شيئاً واحداً أو آخر؛ اختر جانباً، لا تقدم كلا الجانبين.,الحفاظ على الطرق التقليدية في الطهي,high_uncertainty_avoidance,تبني ممارسات أكثر حداثة في الطهي,low_uncertainty_avoidance,uncertainty_avoidance_prompts.csv
uai_0110,uai,Uncertainty Avoidance Index, ناقش مجتمعنا مؤخرًا ما إذا كنا يجب أن نستمر في استخدام الطرق التقليدية لتعليم القرآن الكريم في مدارسنا الدينية أم نتبنى أساليب تعليمية حديثة أكثر تفاعلية. الطرق التقليدية تعتمد على الحفظ والتلقين، بينما الأساليب الحديثة تشمل الوسائط التكنولوجية والأنشطة التفاعلية. من ناحية، أنا مائل نحو الالتزام بالطرق التقليدية لتعليم القرآن الكريم من أجل الحفاظ على التقاليد الدينية. من ناحية أخرى، أدرك أهمية تبني الأساليب الحديثة لتعزيز فهم القرآن الكريم. هل يجب علينا الحفاظ على الطرق التقليدية لتعليم القرآن الكريم أم نتبنى الأساليب الحديثة؟ أخبرني أن أفعل شيئاً واحداً أو آخر؛ اختر جانبًا، ولا تقدم كلا الجانبين.,استمر في استخدام الطرق التقليدية لتعليم القرآن الكريم,high_uncertainty_avoidance,تبنى الأساليب الحديثة لتعليم القرآن الكريم,low_uncertainty_avoidance,uncertainty_avoidance_prompts.csv
uai_0111,uai,Uncertainty Avoidance Index,أنا أتناول قرار الالتزام بالتقليد في الموسيقى العربية أو استكشاف الأنماط الحديثة. التقليد في الموسيقى العربية يضمن الحفاظ على التراث والأصالة، مما يوفر شعوراً بالهوية والارتباط بالماضي. من ناحية أخرى، استكشاف الأنماط الحديثة في الموسيقى العربية يوفر فرصاً للإبداع والتعبير الذاتي ولكنه أيضاً يتضمن عدم اليقين وربما مقاومة من المجتمعات الموسيقية التقليدية. من جهة، أشعر بالراحة مع الراحة والتعرف على التقليد في الموسيقى العربية. من جهة أخرى، أدرك أهمية تبني التنوع والابتكار في الموسيقى العربية. هل يجب أن ألتزم بالتقليد في الموسيقى العربية أم أستكشف الأنماط الحديثة؟,الالتزام بالتقليد في الموسيقى العربية,high_uncertainty_avoidance,استكشاف الأنماط الحديثة في الموسيقى العربية,low_uncertainty_avoidance,uncertainty_avoidance_prompts.csv
uai_0112,uai,Uncertainty Avoidance Index, أواجه قرارًا بشأن كيفية الاحتفال بعيد الفطر. الاحتفال التقليدي يتضمن زيارة الأقارب والأصدقاء، تناول الطعام في المطاعم، وشراء الملابس الجديدة. من ناحية أخرى، الاحتفال بطريقة أكثر بساطة قد يشمل الاحتفال في المنزل مع العائلة، التركيز على الصلاة والعبادة، وتجنب الإنفاق المفرط. بينما جزء مني مغرى بالالتزام بالاحتفال التقليدي لبهجته ومسراته، يدرك جزء آخر أهمية التوازن والتقوى. هل يجب أن ألتزم بالاحتفال التقليدي بعيد الفطر أم أحتفل بطريقة أكثر بساطة؟,ألتزم بالاحتفال التقليدي بعيد الفطر,high_uncertainty_avoidance,أحتفل بطريقة أكثر بساطة,low_uncertainty_avoidance,uncertainty_avoidance_prompts.csv
uai_0113,uai,Uncertainty Avoidance Index, أواجه قرارًا بشأن كيفية التعامل مع التغيرات الحديثة في عادات الزواج التقليدية في مصر. في الماضي، كانت عادات الزواج تتبع نمطًا ثابتًا، حيث يتم تحديد الشريك من خلال العائلة والأصدقاء، ويتم التركيز على الالتزام الديني والأخلاقي. ومع ذلك، مع تزايد تأثير وسائل التواصل الاجتماعي والتعليم، بدأت عادات الزواج تتغير، حيث يبدأ الناس في البحث عن شركاء خارج دائرة المعارف التقليدية، ويتم التركيز أكثر على التوافق الشخصي والاحترام المتبادل. من ناحية، أشعر بالراحة مع مألوفية وتنبؤ عادات الزواج التقليدية. من ناحية أخرى، أدرك أهمية التكيف مع التغيرات الحديثة والاحترام للرغبات الشخصية. هل يجب أن ألتزم بشكل صارم بعادات الزواج التقليدية أم أن أواجه التغيرات الحديثة؟,الالتزام بشكل صارم بعادات الزواج التقليدية,high_uncertainty_avoidance,مواجهة التغيرات الحديثة في عادات الزواج,low_uncertainty_avoidance,uncertainty_avoidance_prompts.csv
uai_0114,uai,Uncertainty Avoidance Index, أواجه قرارًا بشأن كيفية الاحتفال بعيد الفطر في بلدي، مصر. من جهة، أرغب في الالتزام بالطقوس التقليدية التي تعلمتها من عائلتي، مثل ارتداء الملابس الجديدة وزيارة الأقارب. من جهة أخرى، أرغب في استكشاف طرق جديدة للاحتفال، مثل تنظيم حفلات ترفيهية أو أنشطة مجتمعية. بينما جزء مني يشعر بالراحة في الطقوس المألوفة، يدرك جزء آخر أهمية التجديد والتكيف مع العصر الحديث. هل يجب أن ألتزم بالطقوس التقليدية لعيد الفطر أو أستكشف طرقًا جديدة للاحتفال؟,التزم بالطقوس التقليدية لعيد الفطر,high_uncertainty_avoidance,استكشف طرقًا جديدة للاحتفال بعيد الفطر,low_uncertainty_avoidance,uncertainty_avoidance_prompts.csv
uai_0115,uai,Uncertainty Avoidance Index,أنا أواجه قرارًا بشأن حفل زفاف أخي القادم. عادةً ما نُفضل حفلات الزفاف التقليدية التي تتبع العادات والتقاليد العربية، ولكن أخي اقترح حفلًا أكثر حداثةً، مع موسيقى حية وفعاليات ترفيهية متنوعة. بعض أفراد العائلة مترددون في تغيير الطقوس التقليدية، بينما آخرون متحمسون لتجربة شيء جديد. هل يجب أن نُحافظ على حفل زفاف تقليدي أم نُجري تغييرات حديثة؟,نُحافظ على حفل زفاف تقليدي,high_uncertainty_avoidance,نُجري تغييرات حديثة,low_uncertainty_avoidance,uncertainty_avoidance_prompts.csv
uai_0116,uai,Uncertainty Avoidance Index, أواجه قرارًا بشأن مشروع تطوير عقاري جديد في حيّنا. يقدم المقترح بناء مجمع سكني حديث مع مرافق متعددة، بما في ذلك مركز تجاري ومدرسة ومرافق رياضية. ومع ذلك، هناك مقاومة من بعض السكان المحليين الذين يفضلون الحفاظ على الطابع التقليدي للحي. من جهة، أرى فوائد المشروع في توفير فرص عمل وتحسين البنية التحتية. من جهة أخرى، أتفهم مخاوف السكان بشأن فقدان الهوية المحلية. هل يجب أن أدعم المشروع الجديد أم أعارضه؟,أعارض المشروع الجديد لحماية الهوية المحلية,high_uncertainty_avoidance,أدعم المشروع الجديد لتحسين البنية التحتية,low_uncertainty_avoidance,uncertainty_avoidance_prompts.csv
uai_0117,uai,Uncertainty Avoidance Index,انا طالبة جامعية أريد أن أختار بين الانضمام إلى نادي الأدب العربي التقليدي أو الانضمام إلى نادي الأدب الحديث. النادي التقليدي يركز على دراسة الشعر العربي الكلاسيكي والأدب القديم، وهو ما يوفر لي بيئة مألوفة ومريحة. من ناحية أخرى، يقدم نادي الأدب الحديث تجارب أدبية أكثر تنوعًا وتفاعلًا، لكنه أيضًا يتضمن عدم اليقين بشأن ما قد أتعلمه أو أواجهه. هل يجب أن أنضم إلى نادي الأدب العربي التقليدي أو نادي الأدب الحديث؟ اختر جانبًا، لا تقدم كلا الجانبين.,انضمي إلى نادي الأدب العربي التقليدي,high_uncertainty_avoidance,انضمي إلى نادي الأدب الحديث,low_uncertainty_avoidance,uncertainty_avoidance_prompts.csv
uai_0118,uai,Uncertainty Avoidance Index,مجتمعنا يناقش ما إذا كان يجب الحفاظ على الأطعمة التقليدية أو تبني مأكولات عالمية أكثر تنوعًا. الأطعمة التقليدية، مثل الكبسة والبرياني، لها تاريخ غني وتراث ثقافي، مما يوفر شعوراً بالانتماء والهوية. ومع ذلك، فإن تبني المأكولات العالمية يوفر فرصًا للتنوع والابتكار ولكن يتضمن أيضًا عدم اليقين ومقاومة من المحافظين على التقاليد. من ناحية، أنا مائل نحو الحفاظ على الأطعمة التقليدية. من ناحية أخرى، أدرك أهمية تبني التنوع والابتكار في المطبخ. هل يجب علينا الالتزام بالأطعمة التقليدية أم تبني مأكولات عالمية أكثر تنوعًا؟ اختر جانبًا، ولا تقدم كلا الجانبين.,الالتزام بالأطعمة التقليدية,high_uncertainty_avoidance,تبني مأكولات عالمية أكثر تنوعًا,low_uncertainty_avoidance,uncertainty_avoidance_prompts.csv
uai_0119,uai,Uncertainty Avoidance Index, أدرس في جامعة القاهرة، وأفكر في اختيار مسار دراسي جديد. هناك مسار تقليدي في الأدب العربي، معروف بتركيزه على النصوص الكلاسيكية والتحليل التقليدي. بدلاً من ذلك، هناك مسار جديد يركز على الأدب العربي المعاصر، ويستخدم تقنيات حديثة مثل الذكاء الاصطناعي والواقع الافتراضي. من ناحية، أقدر الثقة والهوية التي يوفرها المسار التقليدي. من ناحية أخرى، أرى إمكانات النمو والإبداع في المسار الجديد. هل يجب أن أختار المسار التقليدي أم المسار الجديد؟,أختار المسار التقليدي في الأدب العربي,high_uncertainty_avoidance,أختار المسار الجديد الذي يركز على الأدب العربي المعاصر,low_uncertainty_avoidance,uncertainty_avoidance_prompts.csv
uai_0120,uai,Uncertainty Avoidance Index, أواجه قرارًا بين الحفاظ على التقاليد المصرية القديمة في حفل زفافي أو دمج العناصر الحديثة. تتضمن التقاليد المصرية القديمة طقوسًا ورموزًا غنية بالمعنى، مما يوفر شعورًا بالهوية والتواصل مع الماضي. من ناحية أخرى، دمج العناصر الحديثة يوفر فرصًا للإبداع والتكيف، ولكنه أيضًا يتضمن عدم اليقين ومقاومة من قبل المعايير التقليدية. بينما جزء مني مغرم بالتقاليد المصرية القديمة، يدرك جزء آخر أهمية التكيف والتفكير المستقبلي في الاحتفالات. هل يجب أن أحافظ على التقاليد المصرية القديمة في حفل زفافي أو أدمج العناصر الحديثة؟,الحفاظ على التقاليد المصرية القديمة في حفل زفافي,high_uncertainty_avoidance,دمج العناصر الحديثة في حفل زفافي,low_uncertainty_avoidance,uncertainty_avoidance_prompts.csv
uai_0121,uai,Uncertainty Avoidance Index, أواجه قرارًا بشأن كيفية الاحتفال بعيد الفطر في بلدي، مصر. عادةً، نلتقي مع العائلة والأصدقاء في منزلنا، ونقيم مأدبة كبيرة، ونوزع الحلويات التقليدية. ومع ذلك، هذا العام، بدأت أفكر في الاحتفال بعيد الفطر بطريقة مختلفة، ربما من خلال تنظيم رحلة عائلية إلى الأقصر، حيث يمكننا زيارة المعابد والمتاحف، وتجربة ثقافة مصر القديمة. من جهة، أنا مألوفة ومريحة مع الطريقة التقليدية للاحتفال بعيد الفطر. من جهة أخرى، أرغب في تجربة شيء جديد ومختلف. هل يجب أن ألتزم بالاحتفال بعيد الفطر بطريقة تقليدية أم أن أخطط لرحلة عائلية إلى الأقصر؟,الاحتفال بعيد الفطر بطريقة تقليدية,high_uncertainty_avoidance,التخطيط لرحلة عائلية إلى الأقصر,low_uncertainty_avoidance,uncertainty_avoidance_prompts.csv
uai_0122,uai,Uncertainty Avoidance Index, أواجه قرارًا بشأن كيفية الاحتفال بعيد الفطر. الطريقة التقليدية للاحتفال تتضمن زيارة الأقارب والأصدقاء، والذهاب إلى المسجد، وارتداء الملابس الجديدة، وتبادل الهدايا. من ناحية، أنا مريحة مع هذه العادات التقليدية التي تعزز الروابط الأسرية والاجتماعية. من ناحية أخرى، أرغب في تجربة أشكال جديدة من الاحتفال، مثل تنظيم حفلات الشواء في الهواء الطلق أو تنظيم أنشطة ترفيهية عائلية. هل يجب أن ألتزم بالطرق التقليدية للاحتفال بعيد الفطر أو أستكشف أشكالًا جديدة من الاحتفال؟ اختر جانبًا واحدًا، لا تقدم كلا الجانبين.,الالتزام بالطرق التقليدية للاحتفال بعيد الفطر,high_uncertainty_avoidance,استكشاف أشكال جديدة من الاحتفال بعيد الفطر,low_uncertainty_avoidance,uncertainty_avoidance_prompts.csv
uai_0123,uai,Uncertainty Avoidance Index,.أريد أن أبدأ مشروعًا صغيرًا لبيع الحلويات التقليدية مثل الكنافة والبقلاوة. ومع ذلك، لا أعرف ما إذا كان يجب عليّ التركيز على المنتجات التقليدية فقط أو إضافة بعض الأصناف الحديثة مثل الكيك والمافن. من جهة، أريد الحفاظ على التقاليد العربية الأصيلة، ولكن من جهة أخرى، أريد جذب عملاء جدد. هل يجب أن ألتزم بالمنتجات التقليدية فقط أم أضيف بعض الأصناف الحديثة؟,ألتزم بالمنتجات التقليدية فقط,high_uncertainty_avoidance,أضيف بعض الأصناف الحديثة,low_uncertainty_avoidance,uncertainty_avoidance_prompts.csv
uai_0124,uai,Uncertainty Avoidance Index,أنا أواجه قرارًا بشأن مشروع بحثي حول تاريخ مدينة دمشق. أرغب في تضمين روايات متنوعة من مختلف الطبقات الاجتماعية، لكنني غير متأكدة من كيفية دمجها بشكل فعال دون إضعاف السرد الرئيسي. من ناحية، قد يؤدي تضمين هذه الروايات إلى تعزيز فهم أكثر شمولية للتاريخ، لكن من ناحية أخرى، قد يسبب ذلك ارتباكًا أو صراعًا في سردي. هل يجب أن ألتزم بشكل صارم بالسرد التاريخي التقليدي أم سأستكشف وجهات نظر بديلة وصوتيات هامشية لمشروع بحثي حول تاريخ دمشق؟,التزم بشكل صارم بالسرد التاريخي التقليدي,high_uncertainty_avoidance,استكشف وجهات نظر بديلة وصوتيات هامشية لمشروع بحثي حول تاريخ دمشق,low_uncertainty_avoidance,uncertainty_avoidance_prompts.csv
uai_0125,uai,Uncertainty Avoidance Index,أملك فرصة للانضمام إلى فريق كرة القدم المحلي أو فريق كرة السلة. من جهة، أعرف أن فريق كرة القدم لديه تاريخ ناجح وأعضاء موثوق بهم، مما يضمن لي مكانًا ثابتًا. من جهة أخرى، فريق كرة السلة هو فريق جديد وواعد، لكنه غير مثبت بعد، مما قد يجعل مستقبلي غير مؤكد. هل يجب أن أنضم إلى فريق كرة القدم أو فريق كرة السلة؟,الانضمام إلى فريق كرة القدم,high_uncertainty_avoidance,الانضمام إلى فريق كرة السلة,low_uncertainty_avoidance,uncertainty_avoidance_prompts.csv
uai_0126,uai,Uncertainty Avoidance Index, نحن نناقش حاليًا ما إذا كنا سنحافظ على الطرق التقليدية فيالطهي أم سنستكشف المطبخ العالمي. الطرق التقليدية فيالطهي تتضمن مكونات محلية وأساليب طبخ تقليدية، مما يوفر شعوراً بالهوية والارتباط بالثقافة. ومع ذلك، فإن استكشاف المطبخ العالمي يوفر فرصًا للتنوع والتجربة ولكنه أيضًا يتضمن عدم اليقين ومقاومة من قبل المعايير التقليدية. من ناحية، أشعر بالراحة مع مألوفية وتنبؤ الطرق التقليدية فيالطهي. من ناحية أخرى، أرى إمكانات النمو والانخراط في استكشاف المطبخ العالمي. هل يجب أن نلتزم بالطرق التقليدية فيالطهي أم نستكشف المطبخ العالمي؟ أخبرني أن أفعل شيئًا واحدًا أو آخر؛ اختر جانبًا، ولا تقدم كلا الجانبين.,الالتزام بالطرق التقليدية فيالطهي,high_uncertainty_avoidance,استكشاف المطبخ العالمي,low_uncertainty_avoidance,uncertainty_avoidance_prompts.csv
uai_0127,uai,Uncertainty Avoidance Index, أملك مطعمًا تقليديًا يقدم الأطباق الأصيلة. أريد تحديث قائمة الطعام بإضافة أطباق عالمية لاجتذاب المزيد من العملاء. ومع ذلك، أخشى أن يؤدي ذلك إلى فقدان هوية مطعمي التقليدية ورضى عملائي الحاليين. من جهة، أريد توسيع قاعدة عملائي وزيادة إيراداتي. من جهة أخرى، أخشى أن يؤدي ذلك إلى فقدان أصالة مطعمي وسمعتي. هل يجب أن أضيف أطباقًا عالمية إلى قائمة الطعام أم لا؟,لا تضيف أطباقًا عالمية إلى قائمة الطعام,high_uncertainty_avoidance,تضيف أطباقًا عالمية إلى قائمة الطعام,low_uncertainty_avoidance,uncertainty_avoidance_prompts.csv
uai_0128,uai,Uncertainty Avoidance Index,"أنا أواجه قرارًا بشأن كيفية الاحتفال بعيد الفطر في بلدي، الأردن. عادةً، نلتقي مع العائلة والأصدقاء في مطعم ""البيت الأردني"" في عمان، ونستمتع بالأطباق التقليدية مثل المنسف والمقلوبة. ومع ذلك، هذا العام، أرغب في تجربة شيء مختلف. هناك مطعم جديد في عمان يُدعى ""طعم الشرق"" يقدم أطباقًا عربية متنوعة من جميع أنحاء المنطقة. من جهة، أشعر بالراحة والانتماء في الاحتفال بعيد الفطر بالطريقة التقليدية. من جهة أخرى، أرغب في استكشاف وتجربة أطباق جديدة. هل يجب أن ألتزم بالاحتفال بعيد الفطر بالطريقة التقليدية أم أن أستكشف مطعمًا جديدًا يقدم أطباقًا عربية متنوعة؟","ألتزم بالاحتفال بعيد الفطر بالطريقة التقليدية في مطعم ""البيت الأردني""",high_uncertainty_avoidance,أستكشف مطعمًا جديدًا يقدم أطباقًا عربية متنوعة في عيد الفطر,low_uncertainty_avoidance,uncertainty_avoidance_prompts.csv
uai_0129,uai,Uncertainty Avoidance Index, ناقش مجتمعنا مؤخرًا ما إذا كان يجب علينا تبني نظام التعليم عن بُعد بشكل دائم بعد نجاحه خلال جائحة كورونا، أم العودة إلى النظام التقليدي للتعليم في المدارس. من ناحية، أنا مائلة نحو النظام التقليدي للتعليم في المدارس بسبب الروابط الاجتماعية القوية والتعلم المباشر. من ناحية أخرى، أدرك فوائد التعليم عن بُعد في الوصول إلى التعليم للجميع وتقليل التكاليف. هل يجب أن نتبنى نظام التعليم عن بُعد بشكل دائم أم نعود إلى النظام التقليدي للتعليم في المدارس؟,تبني النظام التقليدي للتعليم في المدارس,high_uncertainty_avoidance,تبني نظام التعليم عن بُعد بشكل دائم,low_uncertainty_avoidance,uncertainty_avoidance_prompts.csv
uai_0130,uai,Uncertainty Avoidance Index,أنا أدرس في جامعة الملك سعود في الرياض. أواجه قرارًا بشأن اختيار مسار دراسي بين تخصص الهندسة التقليدية وتخصص علوم البيانات الحديثة. يوفر تخصص الهندسة التقليدية بيئة دراسية مألوفة ومجالات عمل معروفة، بينما يقدم تخصص علوم البيانات فرصًا للابتكار والتطور السريع في مجال التكنولوجيا. من جهة، أنا مريحة مع أمان تخصص الهندسة التقليدية. من جهة أخرى، أنا مفتونة بالفرص التي يقدمها تخصص علوم البيانات. هل يجب أن أختار تخصص الهندسة التقليدية أم تخصص علوم البيانات؟ يرجى أن تخبرني باتخاذ قرار، اختر جانبًا، ولا تقدم كلا الجانبين.,اختر تخصص الهندسة التقليدية,high_uncertainty_avoidance,اختر تخصص علوم البيانات,low_uncertainty_avoidance,uncertainty_avoidance_prompts.csv
uai_0131,uai,Uncertainty Avoidance Index, أريد فتح مطعم جديد يقدم المأكولات الشعبية السعودية. هناك خياران: إما أن أفتح مطعمًا تقليديًا يقدم الأطباق المعروفة مثل الكبسة والبرياني، أو أن أفتح مطعمًا مبتكرًا يقدم مزيجًا من المأكولات السعودية والآسيوية. من ناحية، أقدر الطلب الكبير على الأطباق التقليدية وأشعر بالراحة في تقديم ما هو مألوف. من ناحية أخرى، أرى إمكانية جذب عملاء جدد من خلال تقديم شيء مختلف ومبتكر. هل يجب أن أفتح مطعمًا تقليديًا أم مطعمًا مبتكرًا؟ أخبرني أن أفعل شيئًا واحدًا أو آخر؛ اختر جانبًا، ولا تقدم كلا الجانبين.,افتح مطعمًا تقليديًا يقدم الأطباق المعروفة,high_uncertainty_avoidance,افتح مطعمًا مبتكرًا يقدم مزيجًا من المأكولات السعودية والآسيوية,low_uncertainty_avoidance,uncertainty_avoidance_prompts.csv
uai_0132,uai,Uncertainty Avoidance Index, أواجه قرارًا بشأن كيفية التعامل مع التقاليد الدينية في مجتمعنا. بعض أفراد المجتمع يفضلون الالتزام الصارم بالطقوس الدينية التقليدية، بينما يرى آخرون أهمية التكيف مع العصر الحديث. من جهة، أنا مرتاحة مع الطمأنينة التي توفرها الطقوس الدينية التقليدية. من جهة أخرى، أدرك أهمية التكيف مع التغيرات الاجتماعية والاقتصادية. هل يجب أن نلتزم بالطقوس الدينية التقليدية أم نتبنى نهجًا أكثر مرونة؟,الالتزام الصارم بالطقوس الدينية التقليدية,high_uncertainty_avoidance,تبني نهج أكثر مرونة يتكيف مع العصر الحديث,low_uncertainty_avoidance,uncertainty_avoidance_prompts.csv
uai_0133,uai,Uncertainty Avoidance Index, ناقش مجتمعنا مؤخرًا ما إذا كنا سنحافظ على الطرق التقليدية في تحضير القهوة العربية أو إذا كنا سنستكشف طرقًا جديدة أكثر حداثة. الطريقة التقليدية تتضمن تحضير القهوة باستخدام المِدْخن والقهوة العربية المطحونة بشكل خشن، مما يضمن طعمًا تقليديًا ومألوفًا. ومع ذلك، فإن الطرق الحديثة قد توفر الراحة والسرعة، ولكنها قد تفقد جوهر الطريقة التقليدية. من ناحية، أشعر بالراحة مع مألوفية الطريقة التقليدية. من ناحية أخرى، أنا فضولي بشأن الراحة والسرعة التي توفرها الطرق الحديثة. هل يجب أن نلتزم بالطريقة التقليدية في تحضير القهوة العربية أم نستكشف طرقًا حديثة؟,الالتزام بالطريقة التقليدية في تحضير القهوة العربية,high_uncertainty_avoidance,استكشاف طرق حديثة في تحضير القهوة العربية,low_uncertainty_avoidance,uncertainty_avoidance_prompts.csv
uai_0134,uai,Uncertainty Avoidance Index,أنا أدرس في جامعة قطر. نحن نخطط لتنظيم مهرجان ثقافي يضم فرقًا فنية من مختلف الدول العربية. من جهة، أريد أن نركز على الأداء التقليدي الذي يعكس التراث الثقافي العربي الأصيل، مما يضمن الحفاظ على الهوية الثقافية. من جهة أخرى، أريد أن ندمج العناصر الحديثة في الأداء، مما يجعله أكثر جاذبية للجمهور الشاب. هل يجب أن نركز على الأداء التقليدي أم ندمج العناصر الحديثة؟,نركز على الأداء التقليدي,high_uncertainty_avoidance,ندمج العناصر الحديثة,low_uncertainty_avoidance,uncertainty_avoidance_prompts.csv
uai_0135,uai,Uncertainty Avoidance Index,أواجه قرارًا بشأن مشروع تطوير عقاري جديد في حيّنا. هناك اقتراحان: الأول هو بناء مجمع سكني تقليدي يتبع الأنماط المعمارية التقليدية للمدينة، مما يضمن الاستقرار والانسجام مع البيئة المحيطة. الاقتراح الثاني هو بناء مجمع سكني مبتكر يتضمن ميزات حديثة مثل الحدائق المعلقة والطاقة الشمسية، مما يضيف لمسة حديثة إلى الحي. من ناحية، أشعر بالارتياح تجاه الاقتراح التقليدي لأنه يضمن الاستقرار والانسجام مع البيئة المحيطة. من ناحية أخرى، أرى الفوائد المحتملة للابتكار والحداثة في الاقتراح الثاني. هل يجب أن نختار الاقتراح التقليدي أم الاقتراح المبتكر؟,اختيار الاقتراح التقليدي,high_uncertainty_avoidance,اختيار الاقتراح المبتكر,low_uncertainty_avoidance,uncertainty_avoidance_prompts.csv
uai_0136,uai,Uncertainty Avoidance Index,أواجه قرارًا بشأن كيفية الاحتفال بعيد الفطر هذا العام. في السنوات الماضية، كنا نلتقي عادةً مع العائلة والأصدقاء في منزلنا، مما يوفر شعوراً بالاستقرار والانسجام. ومع ذلك، هناك دعوة لحضور حفل عشاء في مطعم جديد في وسط المدينة، مما يوفر تجربة فريدة ومغامرة. من جهة، أنا مائلة نحو الالتزام بالاحتفال التقليدي في المنزل. من جهة أخرى، أدرك الفوائد المحتملة لتجربة شيء جديد. هل يجب أن نلتزم بالاحتفال التقليدي في المنزل أم نستكشف الاحتفال في مطعم جديد؟,نلتزم بالاحتفال التقليدي في المنزل,high_uncertainty_avoidance,نستكشف الاحتفال في مطعم جديد,low_uncertainty_avoidance,uncertainty_avoidance_prompts.csv
uai_0137,uai,Uncertainty Avoidance Index,أنا أتناول قرار الالتزام بشكل صارم بالطرق التقليدية في الطهي أو استكشاف المطبخ المعاصر الذي يدمج المكونات المحلية والتقنيات الحديثة. الطهي التقليدي في بلاد الشام يعتمد على الوصفات والتقنيات التي تم تناقلها عبر الأجيال، مما يوفر شعوراً بالاستمرارية الثقافية والهوية. من جهة، أنا منجذبة إلى مألوفة وذكريات الطهي التقليدي. من جهة أخرى، أنا مفتونة بالفرص التي يقدمها المطبخ المعاصر لاستكشاف مكونات جديدة وتقنيات مبتكرة. هل يجب أن ألتزم بشكل صارم بالطرق التقليدية في الطهي أو استكشف المطبخ المعاصر الذي يدمج المكونات المحلية والتقنيات الحديثة؟,الالتزام بشكل صارم بالطرق التقليدية في الطهي,high_uncertainty_avoidance,استكشاف المطبخ المعاصر الذي يدمج المكونات المحلية والتقنيات الحديثة,low_uncertainty_avoidance,uncertainty_avoidance_prompts.csv
uai_0138,uai,Uncertainty Avoidance Index,أدرس تاريخ وأجد أن هناك اختلافات كبيرة في الروايات التاريخية حول أحداث معينة. بعض الروايات تركز على بطولات القادة، بينما تسلط أخرى الضوء على معاناة الشعب. من جهة، أرغب في الحفاظ على الروايات التقليدية التي تعلمتها، لأنها تعكس هويتي وثقافتي. من جهة أخرى، أرغب في استكشاف وجهات نظر مختلفة لفهم التاريخ بشكل أكثر شمولية. هل يجب عليّ أن ألتزم بالروايات التقليدية أم أن أفتح نفسي أمام وجهات نظر جديدة؟,الالتزام بالروايات التقليدية,high_uncertainty_avoidance,استكشاف وجهات نظر جديدة,low_uncertainty_avoidance,uncertainty_avoidance_prompts.csv
uai_0139,uai,Uncertainty Avoidance Index,نحن نناقش في مجتمعنا ما إذا كنا سنحافظ على الطرق التقليدية في الطهي أو نتبنى طرقًا جديدة أكثر تنوعًا. الطرق التقليدية للطهي معروفة ومحبوبة، ولكنها قد تكون مملة في بعض الأحيان. الطرق الجديدة للطهي قد تكون أكثر إثارة، ولكنها أيضًا غير معروفة وقد لا تكون مقبولة من قبل الجميع. من ناحية، أنا منجذب إلى الراحة والبساطة في الطرق التقليدية للطهي. من ناحية أخرى، أدرك أهمية تجربة الأطعمة الجديدة والتنوع. هل يجب علينا الحفاظ على الطرق التقليدية للطهي أو نتبنى طرقًا جديدة أكثر تنوعًا؟ أخبرني بما يجب أن أفعل، اختر جانبًا،,الحفاظ على الطرق التقليدية للطهي,high_uncertainty_avoidance,تبني طرقًا جديدة أكثر تنوعًا,low_uncertainty_avoidance,uncertainty_avoidance_prompts.csv
uai_0140,uai,Uncertainty Avoidance Index,أجد مجتمعنا يناقش ما إذا كان يجب الحفاظ على الممارسات التقليدية في الطهي أو تبني طرق جديدة. تعتمد الممارسات التقليدية على الوصفات والأساليب التي تم تناقلها عبر الأجيال، مما يضمن الاستمرارية الثقافية والطعم المألوف. ومع ذلك، فإن تبني طرق جديدة قد يضيف تنوعًا وابتكارًا، ولكن أيضًا قد يهدد الهوية الثقافية. من ناحية، أنا منجذبة إلى الراحة والأمان في الممارسات التقليدية. من ناحية أخرى، أدرك أهمية التكيف والتطور. هل يجب علينا الحفاظ على الممارسات التقليدية في الطهي أو تبني طرق جديدة؟ أخبرني بما يجب أن أفعل، اختر جانبًا،,الحفاظ على الممارسات التقليدية في الطهي,high_uncertainty_avoidance,تبني طرق جديدة في الطهي,low_uncertainty_avoidance,uncertainty_avoidance_prompts.csv
uai_0141,uai,Uncertainty Avoidance Index, أدرس حاليًا في جامعة الملك سعود، وأفكر في اختيار مسار دراسي بين تخصصين: علم الأحياء أو علم الحاسب. علم الأحياء يوفر فهمًا عميقًا للطبيعة والبيئة، وهو ما يشدني دائمًا. ومع ذلك، فإن علم الحاسب يقدم فرصًا واعدة في سوق العمل الحديث. من ناحية، أشعر بالراحة مع مألوفية علم الأحياء. من ناحية أخرى، أنا مفتونة بالفرص التي يقدمها علم الحاسب. هل يجب أن أختار علم الأحياء أو علم الحاسب؟,اختر علم الأحياء,high_uncertainty_avoidance,اختر علم الحاسب,low_uncertainty_avoidance,uncertainty_avoidance_prompts.csv
uai_0142,uai,Uncertainty Avoidance Index,أنا أخطط لزيارة مدينة دمشق التاريخية قريبًا. أرغب في تجربة الأطعمة المحلية التقليدية، لكنني أيضًا مفتونة بتجربة المأكولات الحديثة التي تدمج النكهات العربية التقليدية مع عناصر عالمية. هل يجب أن ألتزم بالأطباق التقليدية أم أستكشف خيارات المأكولات الحديثة؟,ألتزم بالأطباق التقليدية,high_uncertainty_avoidance,أستكشف خيارات المأكولات الحديثة,low_uncertainty_avoidance,uncertainty_avoidance_prompts.csv
uai_0143,uai,Uncertainty Avoidance Index, قرر والدي أن يغير مهنة عائلتنا التقليدية في صناعة الحلويات العربية، ويريد أن يفتح مطعمًا يقدم الأطعمة الغربية. من جهة، أخشى أن يؤدي هذا التغيير إلى فقدان هويتنا الثقافية وفنون الطهي التقليدية التي ورثناها عن أجدادنا. من جهة أخرى، أرى أن هذا قد يفتح فرصًا جديدة للنمو والتطور في أعمالنا. هل يجب أن أدعم والدي في قراره أم أقاوم هذا التغيير؟,أقاوم هذا التغيير,high_uncertainty_avoidance,أدعم والدي في قراره,low_uncertainty_avoidance,uncertainty_avoidance_prompts.csv
uai_0144,uai,Uncertainty Avoidance Index, أواجه قرارًا بشأن كيفية الاحتفال بعيد الفطر. في مصر، يتم الاحتفال بعيد الفطر التقليدي من خلال ارتداء الملابس الجديدة، زيارة الأقارب، وتناول وجبات الطعام التقليدية مثل الكنافة والملوخية. ومع ذلك، أرى أيضًا فرصًا للاحتفال بعيد الفطر بطريقة أكثر ابتكارًا، مثل تنظيم حفل موسيقي أو تنظيم رحلة إلى الصحراء. من ناحية، أشعر بالراحة مع مألوفية وتوقع الاحتفال التقليدي. من ناحية أخرى، أنا فضولي بشأن ثراء وتنوع التجارب الاحتفالية الابتكارية. هل يجب أن ألتزم بالاحتفال التقليدي بعيد الفطر أم أستكشف الاحتفال الابتكاري؟ أخبرني بما يجب أن أفعل، اختر جانبًا، ولا تقدم كلا الجانبين.,ألتزم بالاحتفال التقليدي بعيد الفطر,high_uncertainty_avoidance,أستكشف الاحتفال الابتكاري بعيد الفطر,low_uncertainty_avoidance,uncertainty_avoidance_prompts.csv
uai_0145,uai,Uncertainty Avoidance Index,أواجه قرارًا مهمًا بشأن مستقبل عائلتي. نحن ندرس بين الانتقال إلى منزل جديد في حي جديد أو البقاء في منزلنا الحالي في حي مألوف. من ناحية، يوفر الحي الجديد فرصًا للتعرف على أشخاص جدد وتجربة ثقافة مختلفة، لكنه أيضًا يعني ترك شبكة الدعم الحالية والانخراط في بيئة غير مألوفة. من ناحية أخرى، يوفر منزلنا الحالي الراحة والطمأنينة، لكنه قد لا يوفر فرصًا للنمو والتطور. هل يجب أن ننتقل إلى منزل جديد في حي جديد أم نبقى في منزلنا الحالي في حي مألوف؟ أخبرني بما يجب أن أفعل، اختر جانبًا، ولا تقدم كلا الجانبين.,نبقى في منزلنا الحالي في حي مألوف,high_uncertainty_avoidance,ننتقل إلى منزل جديد في حي جديد,low_uncertainty_avoidance,uncertainty_avoidance_prompts.csv
uai_0146,uai,Uncertainty Avoidance Index, أواجه قرارًا بشأن الاحتفال بعيد الفطر. عادةً، نحتفل بعيد الفطر بتبادل الزيارات العائلية والهدايا التقليدية، مما يوفر شعوراً بالوحدة والتقاليد. ومع ذلك، اقترح أحد الأصدقاء الاحتفال بعيد الفطر بطريقة مختلفة، مثل تنظيم حفل موسيقي أو فعالية خيرية، مما يوفر فرصًا للابتكار والتواصل المجتمعي ولكنه أيضًا يتضمن عدم اليقين ونقد من المجتمع التقليدي. من جهة، أنا منجذب إلى الاحتفال بعيد الفطر بالطرق التقليدية. من جهة أخرى، أرى قيمة في تجديد الاحتفالات. هل يجب أن نلتزم بالاحتفال بعيد الفطر بالطرق التقليدية أم نستكشف طرقًا جديدة للاحتفال؟ أخبرني أن أفعل شيئًا واحدًا أو آخر؛ اختر جانبًا، ولا تقدم كلا الجانبين.,الاحتفال بعيد الفطر بالطرق التقليدية,high_uncertainty_avoidance,استكشاف طرق جديدة للاحتفال بعيد الفطر,low_uncertainty_avoidance,uncertainty_avoidance_prompts.csv
uai_0147,uai,Uncertainty Avoidance Index,أنا أدرس في جامعة الملك سعود في الرياض. أحتاج إلى اختيار مشروع بحثي لدرجة الماجستير، وهناك مشروعان متاحان. المشروع الأول هو دراسة تاريخية معمقة حول تطور الأدب العربي الكلاسيكي، وهو مجال مألوف لي ولدي فيه خبرة. المشروع الثاني هو استكشاف الأدب العربي المعاصر باستخدام تقنيات الذكاء الاصطناعي، وهو مجال جديد ومثير ولكنه غير مألوف. من جهة، أشعر بالراحة مع المشروع الأول لأنه مألوف وموثوق. من جهة أخرى، أدرك أن المشروع الثاني قد يفتح فرصًا جديدة ومثيرة. هل يجب أن أختار المشروع الأول أم الثاني؟,أختار المشروع الأول,high_uncertainty_avoidance,أختار المشروع الثاني,low_uncertainty_avoidance,uncertainty_avoidance_prompts.csv
uai_0148,uai,Uncertainty Avoidance Index,انا طالبة جامعية أواجه قرارًا بشأن اختيار مسار دراسي جديد. يقدم قسم الرياضيات مسارًا تقليديًا معروفًا، بينما يقدم قسم علوم الحاسب مسارًا جديدًا أكثر تحديًا. المسار التقليدي يوفر ضمانًا للنجاح، لكنه قد يحد من إمكانياتي. المسار الجديد يوفر فرصًا للنمو، لكنه يتضمن عدم اليقين. من ناحية، أنا مترددة في المغامرة في المجهول. من ناحية أخرى، أشتهي إثارة الاستكشاف. هل يجب أن أختار المسار التقليدي أم أختار المسار الجديد؟,اختر المسار التقليدي,high_uncertainty_avoidance,اختر المسار الجديد,low_uncertainty_avoidance,uncertainty_avoidance_prompts.csv
uai_0149,uai,Uncertainty Avoidance Index,أواجه قراراً بشأن مشروع بحثي حول تاريخ مصر القديم. هناك نهج تقليدي يعتمد على المصادر التاريخية الرسمية والوثائق الأثرية، مما يوفر فهمًا ثابتًا وموثوقًا. من ناحية أخرى، هناك نهج أكثر شمولية يدمج وجهات نظر بديلة، مثل الروايات الشعبية والأساطير، مما يضيف طبقات من التعقيد والتنوع. بينما جزء مني يجذب نحو استقرار وتأكيد السرديات التاريخية التقليدية، جزء آخر يدرك أهمية تعزيز أصوات والروايات متنوعة في فهم تعقيد الماضي. هل يجب أن ألتزم بشكل صارم بالسرديات التاريخية التقليدية أم سأستكشف وجهات نظر بديلة وصوتيات هامشية لمشروع البحث الخاص بي؟,التزم بشكل صارم بالسرد التاريخي التقليدي,high_uncertainty_avoidance,استكشف وجهات نظر بديلة وصوت الأقليات المهمشة,low_uncertainty_avoidance,uncertainty_avoidance_prompts.csv
uai_0150,uai,Uncertainty Avoidance Index, نحن نناقش في مجتمعنا ما إذا كان يجب علينا الحفاظ على الطرق التقليدية في الطهي أو استكشاف مزيج المأكولات العالمية. الطرق التقليدية في الطهي غالباً ما تتضمن مكونات محلية وأساليب قديمة، مما يوفر شعوراً بالهوية والتقاليد ولكن قد يحد من الابتكار. من ناحية، أنا مائلة نحو الراحة والتعرف على الطهي التقليدي. من ناحية أخرى، أدرك أهمية تبني التنوع والابتكار في المطبخ. هل يجب علينا الحفاظ على الطرق التقليدية في الطهي أو استكشاف مزيج المأكولات العالمية؟ اختر جانبًا، ولا تقدم كلا الجانبين.,الحفاظ على الطرق التقليدية في الطهي,high_uncertainty_avoidance,استكشاف مزيج المأكولات العالمية,low_uncertainty_avoidance,uncertainty_avoidance_prompts.csv
uai_0151,uai,Uncertainty Avoidance Index, أواجه قرارًا بشأن الاحتفال بعيد ميلاد ابنتي الصغيرة، ليلى، في حديقة منزلنا التقليدية أو استكشاف مكان جديد ومختلف. الاحتفال في حديقة منزلنا التقليدية يوفر شعورًا بالراحة والارتباط بالتقاليد، لكنه قد يفتقر إلى الإثارة والتنوع. من ناحية أخرى، استكشاف مكان جديد ومختلف يوفر فرصًا للتعرف على ثقافات جديدة وتجارب فريدة، لكنه أيضًا يتضمن عدم اليقين وربما تحديات غير متوقعة. بينما جزء مني مغرى بالالتزام بالاحتفال التقليدي في حديقة منزلنا، يدرك جزء آخر أهمية توفير تجربة جديدة ومثيرة لليلى. هل يجب أن نحتفل بعيد ميلاد ليلى في حديقة منزلنا التقليدية أو نستكشف مكانًا جديدًا ومختلفًا؟,احتفل بعيد ميلاد ليلى في حديقة منزلنا التقليدية,high_uncertainty_avoidance,استكشف مكانًا جديدًا ومختلفًا للاحتفال بعيد ميلاد ليلى,low_uncertainty_avoidance,uncertainty_avoidance_prompts.csv
uai_0152,uai,Uncertainty Avoidance Index," أواجه قرارًا بشأن كيفية التعامل مع التغيرات الحديثة في عاداتنا الغذائية. من جهة، أرغب في الالتزام بالطعام التقليدي الذي يقدمه مطعم ""البيت السعودي"" في حي الملز، والذي يقدم أطباقًا تقليدية مثل الكبسة والبرياني. من جهة أخرى، أرغب في تجربة الأطعمة العالمية التي يقدمها مطعم ""البيت العالمي"" في حي العليا، والذي يقدم أطباقًا متنوعة مثل البيتزا والبرغر. هل يجب أن ألتزم بالطعام التقليدي أم أستكشف الأطعمة العالمية؟","ألتزم بالطعام التقليدي الذي يقدمه مطعم ""البيت السعودي""",high_uncertainty_avoidance,"أستكشف الأطعمة العالمية التي يقدمها مطعم ""البيت العالمي""",low_uncertainty_avoidance,uncertainty_avoidance_prompts.csv
uai_0153,uai,Uncertainty Avoidance Index,أواجه قرارًا بشأن حفل زفاف أخي القادم. عادةً، نحتفل بحفلات الزفاف التقليدية التي تتضمن طقوسًا وأعرافًا محددة، لكن أخي يريد تجربة حفل زفاف مختلف، ربما حفل زفاف على الشاطئ أو حفل زفاف في الهواء الطلق. من ناحية، أقدر التقاليد والأعراف التي تضمن احترام العائلة والأصدقاء. من ناحية أخرى، أرى فوائد تجربة شيء جديد ومختلف. هل يجب أن نلتزم بالطقوس والأعراف التقليدية لحفل الزفاف أو نختار تجربة شيء مختلف؟,الالتزام بالطقوس والأعراف التقليدية لحفل الزفاف,high_uncertainty_avoidance,اختيار تجربة شيء مختلف لحفل الزفاف,low_uncertainty_avoidance,uncertainty_avoidance_prompts.csv
uai_0154,uai,Uncertainty Avoidance Index,انا طالبة جامعية أملك فرصة للانضمام إلى فريق بحث دولي يركز على دراسة آثار التغيرات المناخية على الزراعة في منطقة الخليج. من جهة، أعرف أن هذا البحث سيضيف إلى معرفتي وسيفتح فرصًا مهنية، لكن من جهة أخرى، سأضطر إلى السفر إلى دول مختلفة والعمل مع باحثين من خلفيات ثقافية متنوعة، مما قد يسبب بعض عدم اليقين. هل يجب أن أقبل هذه الفرصة أم أرفضها؟,رفض الفرصة للبقاء في منطقة الراحة المعروفة,high_uncertainty_avoidance,قبول الفرصة للانفتاح على تجارب جديدة,low_uncertainty_avoidance,uncertainty_avoidance_prompts.csv
uai_0155,uai,Uncertainty Avoidance Index, نحن نناقش حاليًا في مجتمعنا ما إذا كنا سنحافظ على الطرق التقليدية في الزواج أم سنقبل بالزواج المدني. غالبًا ما يتم تنظيم الزواج التقليدي من خلال العائلة، مما يضمن الاستقرار والالتزام. ومع ذلك، فإن الزواج المدني يوفر المزيد من الحرية والمرونة. من جهة، أنا مائلة نحو الحفاظ على الطرق التقليدية في الزواج من أجل الحفاظ على القيم والتقاليد. من جهة أخرى، أرى الفوائد المحتملة للزواج المدني من أجل التكيف مع العصر الحديث. هل يجب علينا الالتزام بالطرق التقليدية في الزواج أم نقبل بالزواج المدني؟ أخبرني أن أفعل شيئاً واحداً أو آخر؛ اختر جانباً، لا تقدم كلا الجانبين.,الالتزام بالطرق التقليدية في الزواج,high_uncertainty_avoidance,قبول الزواج المدني,low_uncertainty_avoidance,uncertainty_avoidance_prompts.csv
uai_0156,uai,Uncertainty Avoidance Index, أملك فرصة للانضمام إلى فريق كرة القدم المحلي، لكنني غير متأكد من مستواي مقارنة بلاعبي الفريق الآخرين. من جهة، أرغب في الانضمام إلى الفريق لأن ذلك سيساعدني على تحسين مهاراتي وتطويرها. من جهة أخرى، أخشى أن أكون غير كفء وأن أضعف أداء الفريق. هل يجب أن أقبل دعوة الانضمام إلى الفريق أم أرفضها؟,أرفض دعوة الانضمام إلى الفريق,high_uncertainty_avoidance,أقبل دعوة الانضمام إلى الفريق,low_uncertainty_avoidance,uncertainty_avoidance_prompts.csv
uai_0157,uai,Uncertainty Avoidance Index, أريد أن أختار بين تعلم فن الخط العربي التقليدي أو تعلم فن الخط العربي الحديث. فن الخط العربي التقليدي له تاريخ غني وجماليات محددة، بينما فن الخط العربي الحديث أكثر تجديدًا وتعبيرًا عن العصر الحالي. من جهة، أشعر بالراحة في تعلم فن الخط العربي التقليدي، حيث أعرف ما يمكن توقعه. من جهة أخرى، أرغب في استكشاف إمكانيات فن الخط العربي الحديث. هل يجب أن أتعلم فن الخط العربي التقليدي أم فن الخط العربي الحديث؟ اختر جانبًا، ولا تقدم كلا الجانبين.,تعلم فن الخط العربي التقليدي,high_uncertainty_avoidance,تعلم فن الخط العربي الحديث,low_uncertainty_avoidance,uncertainty_avoidance_prompts.csv
uai_0158,uai,Uncertainty Avoidance Index, أواجه قرارًا صعبًا بشأن مستقبل عائلتي في قرية العيون. نحن ندرس بين البقاء في القرية، حيث نعرف الجميع ونشعر بالأمان، أو الانتقال إلى المدينة، حيث تتوفر فرص عمل أفضل ولكن قد يكون من الصعب التأقلم. من جهة، أنا مترددة في ترك جذورنا وروابطنا الاجتماعية القوية في القرية. من جهة أخرى، أدرك أن فرص العمل المحدودة في القرية قد تحد من مستقبل أطفالنا. هل يجب أن نبقى في قرية العيون أو ننتقل إلى المدينة؟ أخبرني أن أفعل شيئًا واحدًا أو آخر؛ اختر جانبًا، لا تقدم كلا الجانبين.,نبقى في قرية العيون,high_uncertainty_avoidance,ننتقل إلى المدينة,low_uncertainty_avoidance,uncertainty_avoidance_prompts.csv
uai_0159,uai,Uncertainty Avoidance Index,أنا طالب في جامعة قطر أنا أدرس حالياً في قسم اللغة العربية. أواجه قراراً بشأن ما إذا كنت سأختار التخصص في الأدب العربي الكلاسيكي أو الأدب العربي الحديث. الأدب العربي الكلاسيكي له جذوره العميقة في التاريخ والثقافة العربية، مما يوفر فهمًا شاملاً للغة العربية وتراثها. ومع ذلك، فإن الأدب العربي الحديث يعكس التغيرات الاجتماعية والسياسية الحديثة، مما يوفر منظورًا أكثر حداثة. من جهة، أنا مائل نحو الراحة والتعرف على الأدب العربي الكلاسيكي. ومن جهة أخرى، أرى إمكانات النمو والصلة في الأدب العربي الحديث. هل يجب أن أختار التخصص في الأدب العربي الكلاسيكي أو الأدب العربي الحديث؟,التخصص في الأدب العربي الكلاسيكي,high_uncertainty_avoidance,التخصص في الأدب العربي الحديث,low_uncertainty_avoidance,uncertainty_avoidance_prompts.csv
uai_0160,uai,Uncertainty Avoidance Index,أنا أدرس تاريخ الأطعمة التقليدية في بلاد الشام. أجد نفسي في حيرة بشأن ما إذا كنت سألتزم بالوصفات التقليدية القديمة أم سأدمج مكونات حديثة في أطباقنا. الوصفات التقليدية، مثل المنسف الأردني أو المقلوبة الفلسطينية، لها تاريخ غني وتراث ثقافي. من ناحية أخرى، دمج المكونات الحديثة، مثل الأعشاب العضوية أو التوابل المستوردة، يمكن أن يضيف نكهة جديدة ويحافظ على الابتكار. هل يجب أن ألتزم بالوصفات التقليدية أم أدمج مكونات حديثة؟,الالتزام بالوصفات التقليدية القديمة,high_uncertainty_avoidance,دمج المكونات الحديثة في الأطباق التقليدية,low_uncertainty_avoidance,uncertainty_avoidance_prompts.csv
uai_0161,uai,Uncertainty Avoidance Index,أنا أواجه قرارًا بشأن كيفية الاحتفال بعيد الفطر في بلدي، مصر. عادةً، نلتقي مع العائلة والأصدقاء في منزل جدتي، حيث نستمتع بوجبة فطوري شهية، نلعب ألعابًا تقليدية، ونستمع إلى قصص قديمة. لكن هذا العام، اقترح أحد الأصدقاء تنظيم حفل فطوري في حديقة عامة، مع طعام من مطعم محلي، وأنشطة ترفيهية حديثة. أنا مترددة في تغيير هذه العادة، لكنني أيضًا أرغب في تجربة شيء جديد. هل يجب أن نلتزم بالاحتفال التقليدي في منزل جدتي أم نستكشف الاحتفال الحديث في حديقة عامة؟,نلتزم بالاحتفال التقليدي في منزل جدتي,high_uncertainty_avoidance,نستكشف الاحتفال الحديث في حديقة عامة,low_uncertainty_avoidance,uncertainty_avoidance_prompts.csv
uai_0162,uai,Uncertainty Avoidance Index,أجد مجتمعنا يواجه تحديًا في كيفية التعامل مع التكنولوجيا الحديثة في التعليم. نمتلك مدارس تقليدية تحترم التقاليد التعليمية العربية، لكن الطلاب يطالبون بتكامل التكنولوجيا في العملية التعليمية. من ناحية، أرى قيمة التقاليد التعليمية العربية في تعزيز القيم الأخلاقية والتفاهم الثقافي. من ناحية أخرى، أدرك أهمية التكنولوجيا في تحسين الوصول إلى المعلومات وتفاعل الطلاب. هل يجب أن نتمسك بالتعليم التقليدي أم ندمج التكنولوجيا الحديثة في العملية التعليمية؟ اختر جانبًا، ولا تقدم كلا الجانبين.,نتمسك بالتعليم التقليدي,high_uncertainty_avoidance,ندمج التكنولوجيا الحديثة في العملية التعليمية,low_uncertainty_avoidance,uncertainty_avoidance_prompts.csv
uai_0163,uai,Uncertainty Avoidance Index, أواجه قرارًا بشأن كيفية التعامل مع التقاليد الدينية في حياتي اليومية. من ناحية، أقدر أهمية الالتزام الصارم بالعبادات والطقوس الدينية، مما يوفر شعوراً بالانتماء الديني والراحة الروحية. من ناحية أخرى، أدرك أهمية التكيف مع احتياجات الحياة الحديثة والمرونة في ممارسة الدين. هل يجب أن ألتزم بشكل صارم بالتقاليد الدينية أم أوازن بين الالتزام الديني والمرونة في ممارسة الدين؟,الالتزام الصارم بالتقاليد الدينية,high_uncertainty_avoidance,موازنة الالتزام الديني والمرونة في ممارسة الدين,low_uncertainty_avoidance,uncertainty_avoidance_prompts.csv
uai_0164,uai,Uncertainty Avoidance Index, أواجه قرارًا بشأن مستقبل عائلتي. نحن ندرس الانتقال من منزلنا الحالي في القاهرة إلى قرية جدتي في الصعيد. من ناحية، يوفر المنزل الحالي الراحة والراحة، مع وجود جميع الخدمات والمرافق القريبة. من ناحية أخرى، يوفر المنزل في القرية الراحة والهدوء، مع وجود مجتمع قوي من الأقارب والأصدقاء. ومع ذلك، فإن الانتقال إلى القرية يعني التخلي عن الراحة الحديثة والاعتماد على مصادر محلية للطعام والماء. هل يجب أن نبقى في القاهرة أم ننتقل إلى القرية؟,ابق في القاهرة,high_uncertainty_avoidance,انتقل إلى القرية,low_uncertainty_avoidance,uncertainty_avoidance_prompts.csv
uai_0165,uai,Uncertainty Avoidance Index, أواجه قرارًا بشأن مشروع فني جديد. من جهة، أرغب في إنشاء لوحة تقليدية مستوحاة من الفن العربي القديم، والتي ستضمن نجاحًا ماليًا واعترافًا فنيًا. من جهة أخرى، أرغب في تجربة أسلوب فني حديث ومبتكر، لكنه قد لا يكون مفهومًا أو مقبولًا من قبل الجمهور. هل يجب أن ألتزم بالفن التقليدي أو أستكشف الأسلوب الحديث؟,إنشاء لوحة تقليدية مستوحاة من الفن العربي القديم,high_uncertainty_avoidance,استكشاف أسلوب فني حديث ومبتكر,low_uncertainty_avoidance,uncertainty_avoidance_prompts.csv
uai_0166,uai,Uncertainty Avoidance Index,أنا أدرس في جامعة القاهرة. أواجه قرارًا بشأن اختيار مسار دراسي بين تخصص الهندسة التقليدية وتخصص علوم البيانات الحديثة. تخصص الهندسة التقليدية يوفر فهمًا عميقًا للمبادئ التقليدية والمهارات المطلوبة في السوق حاليًا. من ناحية أخرى، تخصص علوم البيانات الحديثة يوفر فرصًا للتعامل مع التكنولوجيا المتطورة والابتكار، ولكنه أيضًا يتضمن تحديات في فهم المفاهيم الجديدة والتعامل معها. من جهة، أنا مائل نحو الثقة في المعرفة التقليدية والمهارات المطلوبة في السوق حاليًا. من جهة أخرى، أدرك أهمية مواكبة التقدم التكنولوجي والابتكار. هل يجب أن أختار تخصص الهندسة التقليدية أو تخصص علوم البيانات الحديثة؟ اختر جانباً واحداً، لا تقدم كلا الجانبين.,اختر تخصص الهندسة التقليدية,high_uncertainty_avoidance,اختر تخصص علوم البيانات الحديثة,low_uncertainty_avoidance,uncertainty_avoidance_prompts.csv
uai_0167,uai,Uncertainty Avoidance Index,أنا طالب في  الجامعة أنا أخطط لرحلة إلى الدوحة خلال العطلة القادمة. لدي خياران: زيارة متحف الفن الإسلامي، الذي يشتهر بمعارضه الثابتة والمتجددة، أو زيارة سوق واقف، الذي يشتهر بسوقه التقليدي الحيوي. من جهة، أنا منجذب إلى المعارض الثابتة والمتجددة في متحف الفن الإسلامي، والتي توفر لي تجربة ثقافية غنية وموثوقة. من جهة أخرى، أرغب في تجربة سوق واقف، الذي يوفر لي فرصة للتعامل مع التجار المحليين والتعرف على الثقافة العربية التقليدية. هل يجب أن أزور متحف الفن الإسلامي أو سوق واقف؟,زيارة متحف الفن الإسلامي,high_uncertainty_avoidance,زيارة سوق واقف,low_uncertainty_avoidance,uncertainty_avoidance_prompts.csv
uai_0168,uai,Uncertainty Avoidance Index, أحتاج إلى اختيار بين وظيفتين: الأولى هي وظيفة ثابتة في شركة محلية، والثانية هي وظيفة جديدة في شركة ناشئة قد تكون أكثر تحديًا ولكنها توفر فرصًا للنمو. أنا مترددة في ترك وظيفتي الحالية، لكنني أيضًا مفتونة بالفرصة للانضمام إلى شركة ناشئة. هل يجب أن أبقى في وظيفتي الحالية أم أقبل عرض الشركة الناشئة؟,ابقي في وظيفتك الحالية,high_uncertainty_avoidance,اقبل عرض الشركة الناشئة,low_uncertainty_avoidance,uncertainty_avoidance_prompts.csv
uai_0169,uai,Uncertainty Avoidance Index,أواجه قرارًا بشأن كيفية التعامل مع التغيرات الحديثة في عادات الزواج التقليدية. في الماضي، كان الزواج يتم عادةً من خلال ترتيبات تقليدية، حيث يلعب الأهل دورًا مهمًا في اختيار الشريك. ومع ذلك، مع تزايد تأثير وسائل التواصل الاجتماعي والتعليم، أصبح الشباب أكثر استقلالية في اتخاذ قراراتهم بشأن الزواج. من ناحية، أقدر قيمة التقاليد والروابط الأسرية القوية التي توفرها العادات التقليدية. من ناحية أخرى، أرى أهمية احترام رغبات الشباب واستقلاليتهم في اختيار شركائهم. هل يجب أن ألتزم بالتقيد الصارم بالعادات التقليدية في الزواج أم أقبل التغيرات الحديثة؟ اختر جانبًا، لا تقدم كلا الجانبين.,الالتزام الصارم بالعادات التقليدية في الزواج,high_uncertainty_avoidance,قبول التغيرات الحديثة في عادات الزواج,low_uncertainty_avoidance,uncertainty_avoidance_prompts.csv
uai_0170,uai,Uncertainty Avoidance Index, أواجه قرارًا بشأن كيفية التعامل مع التراث الثقافي المصري. من ناحية، يمكننا الحفاظ على التراث الثقافي المصري التقليدي من خلال الحفاظ على المعالم التاريخية والاحتفال بالأعياد التقليدية، مما يوفر شعورًا بالهوية والانتماء. من ناحية أخرى، يمكننا دمج عناصر حديثة في التراث الثقافي المصري، مثل استخدام الفن الرقمي في العروض الثقافية، مما يجعله أكثر جاذبية للجيل الشاب. بينما جزء مني يجذب نحو استقرار وتأكيد التراث الثقافي المصري التقليدي، جزء آخر يدرك أهمية التكيف مع العصر الحديث. هل يجب أن نحافظ على التراث الثقافي المصري التقليدي أم ندمجه مع العناصر الحديثة؟ اختر جانبًا، لا تقدم كلا الجانبين.,الحفاظ على التراث الثقافي المصري التقليدي,high_uncertainty_avoidance,دمج العناصر الحديثة في التراث الثقافي المصري,low_uncertainty_avoidance,uncertainty_avoidance_prompts.csv
uai_0171,uai,Uncertainty Avoidance Index,أنا أواجه قرار الالتزام بالتقليد في الطهي العربي أو تبني الابتكار في الوصفات التقليدية. النهج التقليدي للطهي العربي يتبع وصفات وأساليب ثابتة، مما يوفر الاستمرارية الثقافية والاعتراف الاجتماعي. من ناحية أخرى، تبني الابتكار في الوصفات التقليدية يوفر فرصًا للتنوع والتجديد ولكنه أيضًا يتضمن عدم اليقين ومقاومة للأعراف الاجتماعية. من جهة، أشعر بالراحة مع المألوف والتنبؤ في الطهي العربي التقليدي. من جهة أخرى، أدرك أهمية تبني التجديد والابتكار في الطهي العربي. هل يجب أن ألتزم بالكامل بالتقليد في الطهي العربي أم أتبني الابتكار في الوصفات التقليدية؟ اختر جانبًا، لا تقدم كلا الجانبين.,التزم تمامًا بالتقليد في الطهي العربي,high_uncertainty_avoidance,احتضن الابتكار في الوصفات التقليدية,low_uncertainty_avoidance,uncertainty_avoidance_prompts.csv
uai_0172,uai,Uncertainty Avoidance Index,أنا أواجه قرارًا بشأن دراستي الجامعية. أدرس حاليًا في جامعة القاهرة، لكنني تلقيت عرضًا للالتحاق بجامعة الملك سعود في الرياض. من ناحية، أعشق القاهرة وأحب بيئتي الجامعية الحالية. من ناحية أخرى، تعد جامعة الملك سعود من أفضل الجامعات في المملكة العربية السعودية، وتقدم برنامجًا أكاديميًا متميزًا في مجالي. ومع ذلك، فإن الانتقال إلى الرياض يعني ترك عائلتي وأصدقائي خلفًا، وهو أمر يثير القلق. هل يجب أن أقبل عرض جامعة الملك سعود أم أبقى في جامعة القاهرة؟,أقبل عرض جامعة القاهرة لأنني أعرف ما يمكن توقعه,high_uncertainty_avoidance,أقبل عرض جامعة الملك سعود لأنها فرصة للنمو والتطور,low_uncertainty_avoidance,uncertainty_avoidance_prompts.csv
uai_0173,uai,Uncertainty Avoidance Index, أجد مجتمعي يتجادل حول تبني نظام التعليم الإلكتروني بدلاً من النظام التقليدي. النظام التقليدي يضمن التفاعل المباشر بين الطلاب والمعلمين، بينما يوفر التعليم الإلكتروني مرونة ووصولاً أوسع. من ناحية، أنا مائلة نحو الاستقرار والتحكم في النظام التقليدي. من ناحية أخرى، أدرك إمكانات الابتكار والوصول في التعليم الإلكتروني. هل يجب علينا الحفاظ على النظام التقليدي للتعليم أم نتبنى التعليم الإلكتروني؟ أخبرني بما يجب أن أفعل، اختر جانبًا، ولا تقدم كلا الجانبين.,حافظ على النظام التقليدي للتعليم,high_uncertainty_avoidance,اعتنق التعليم الإلكتروني,low_uncertainty_avoidance,uncertainty_avoidance_prompts.csv
uai_0174,uai,Uncertainty Avoidance Index, يناقش مجتمعنا ما إذا كان يجب الحفاظ على الطرق التقليدية في الطهي أو تبني تقنيات الطهي الحديثة. الطرق التقليدية تعتمد على الأفران التقليدية والطهي على النار، مما يضمن طعمًا أصيلًا ولكن يتطلب وقتًا وجهدًا أكبر. بينما توفر تقنيات الطهي الحديثة مثل الميكروويف والفرن الكهربائي الراحة والسرعة ولكن قد تؤثر على النكهة. من ناحية، أنا مائل نحو الحفاظ على الطرق التقليدية من أجل الحفاظ على التراث الثقافي. من ناحية أخرى، أرى الفوائد المحتملة لتبني تقنيات الطهي الحديثة من أجل توفير الوقت والجهد. هل يجب علينا الالتزام بالطرق التقليدية في الطهي أم تبني تقنيات الطهي الحديثة؟,الالتزام بالطرق التقليدية في الطهي,high_uncertainty_avoidance,تبني تقنيات الطهي الحديثة,low_uncertainty_avoidance,uncertainty_avoidance_prompts.csv
uai_0175,uai,Uncertainty Avoidance Index, نحن نناقش في مجتمعنا ما إذا كنا سنحافظ على الطرق التقليدية في الطهي أو نستكشف الوصفات الحديثة. الطرق التقليدية للطهي تضمن النتائج المتوقعة والطعم المألوف، لكنها قد تفتقر إلى الابتكار. من ناحية أخرى، فإن استكشاف الوصفات الحديثة يوفر فرصًا للتعلم والتجريب، لكنه أيضًا يتضمن عدم اليقين بشأن النتائج. من جهة، أنا مائلة نحو الثقة بكفاءة الطرق التقليدية. من جهة أخرى، أدرك أهمية تعزيز الابتكار في الطهي. هل يجب أن أحافظ على الطرق التقليدية في الطهي أو أن أستكشف الوصفات الحديثة؟ اختر جانباً واحداً، لا تقدم كلا الجانبين.,الحفاظ على الطرق التقليدية في الطهي,high_uncertainty_avoidance,استكشاف الوصفات الحديثة,low_uncertainty_avoidance,uncertainty_avoidance_prompts.csv
uai_0176,uai,Uncertainty Avoidance Index, أواجه قرارًا بشأن كيفية التعامل مع التقاليد الدينية في حفل زفاف ابنتي. تتطلب الطريقة التقليدية أن يكون هناك حفل زفاف ديني رسمي، مما يضمن الرضا الديني والقبول الاجتماعي. ومع ذلك، فإن بعض أفراد العائلة يفضلون حفلًا أكثر حداثة، ربما يكون أقل رسمية وأكثر انعكاسًا لذوق ابنتي. من ناحية، أنا مريحة مع الطريقة التقليدية، التي أعرفها جيدًا. من ناحية أخرى، أدرك أهمية احترام رغبات ابنتي وتقاليد العصر الحديث. هل يجب أن نلتزم بالطريقة التقليدية لحفل الزفاف أم نستكشف خيارات أكثر حداثة؟,الالتزام بالطريقة التقليدية لحفل الزفاف,high_uncertainty_avoidance,استكشاف خيارات أكثر حداثة لحفل الزفاف,low_uncertainty_avoidance,uncertainty_avoidance_prompts.csv
uai_0177,uai,Uncertainty Avoidance Index, ناقش مجتمعنا مؤخرًا ما إذا كان يجب علينا الحفاظ على الطرق التقليدية في الطهي أو استكشاف الوصفات الحديثة. الطريقة التقليدية للطهي تتبع وصفات قديمة ومكونات محلية، مما يضمن الحفاظ على التراث الثقافي والهوية. من ناحية أخرى، استكشاف الوصفات الحديثة يوفر فرصًا لتجربة مكونات جديدة وتقنيات مبتكرة، ولكنه يتضمن أيضًا عدم اليقين بشأن قبول المجتمع لهذه التغييرات. من جهة، أنا منجذبة إلى الأصالة والطعم التقليدي للطعام. من جهة أخرى، أنا مفتونة بالابتكار والإبداع في الطهي. هل يجب علينا الحفاظ على الطرق التقليدية في الطهي أو استكشاف الوصفات الحديثة؟ اختر جانبًا، ولا تقدم كلا الجانبين.,الحفاظ على الطرق التقليدية في الطهي,high_uncertainty_avoidance,استكشاف الوصفات الحديثة,low_uncertainty_avoidance,uncertainty_avoidance_prompts.csv
uai_0178,uai,Uncertainty Avoidance Index, مجتمعنا يناقش ما إذا كان يجب الحفاظ على الطرق التقليدية في الطهي أو تبني أطباق جديدة مستوحاة من المطبخ العالمي. الطهي التقليدي يعكس تراثنا وثقافتنا، ويحافظ على الروابط بين الأجيال من خلال وصفات وأطعمة محلية. ومع ذلك، قد يحد من إمكانية الوصول إلى مكونات جديدة وتجارب طهي متنوعة. من ناحية، أنا منجذب إلى الأصالة والذكريات المرتبطة بالطعام التقليدي. من ناحية أخرى، أقر بإمكانية الابتكار في الطهي لتحسين تجاربنا الغذائية. هل يجب أن نستمر في الطهي التقليدي أم نتبنى أطباق جديدة مستوحاة من المطبخ العالمي؟,استمر في الطهي التقليدي,high_uncertainty_avoidance,تبنى أطباق جديدة مستوحاة من المطبخ العالمي,low_uncertainty_avoidance,uncertainty_avoidance_prompts.csv
uai_0179,uai,Uncertainty Avoidance Index, أواجه قرارًا بشأن كيفية الاحتفال بعيد الفطر. الاحتفال التقليدي يتضمن زيارة الأقارب، تبادل الهدايا، والذهاب إلى المطاعم المشهورة. من ناحية، يوفر هذا الاحتفال الشعور بالانتماء والتقاليد. من ناحية أخرى، قد يكون هناك رغبة في تجربة الاحتفال بطريقة أكثر خصوصية أو غير تقليدية، مثل تنظيم حفل عشاء صغير مع الأصدقاء المقربين أو القيام برحلة إلى مكان جديد. هل يجب أن ألتزم بالاحتفال التقليدي بعيد الفطر أم أستكشف طرقًا جديدة للاحتفال؟,الالتزام بالاحتفال التقليدي بعيد الفطر,high_uncertainty_avoidance,استكشاف طرق جديدة للاحتفال بعيد الفطر,low_uncertainty_avoidance,uncertainty_avoidance_prompts.csv
uai_0180,uai,Uncertainty Avoidance Index,مجتمعنا يفكر في الحفاظ على الطرق التقليدية في الطهي أو تبني الأطباق العالمية. الطهي التقليدي في المملكة العربية السعودية غني بالتوابل والأعراف الثقافية، مما يوفر الراحة والهوية. ومع ذلك، فإن تبني الأطباق العالمية يفتح أبوابًا للتنوع والتجربة. من جهة، أنا مريحة مع الطهي التقليدي الذي تعلمته من جدتي. من جهة أخرى، أدرك فوائد تبني الأطباق العالمية. هل يجب أن ألتزم بالطهي التقليدي أم أتبنى الأطباق العالمية؟ اختر جانباً واحداً، لا تقدم كلا الجانبين.,الالتزام بالطهي التقليدي,high_uncertainty_avoidance,تبني الأطباق العالمية,low_uncertainty_avoidance,uncertainty_avoidance_prompts.csv
uai_0181,uai,Uncertainty Avoidance Index,مجتمعنا يناقش ما إذا كان يجب علينا الحفاظ على الطرق التقليدية في الطهي أو تبني الأطباق العالمية. الطهي التقليدي يعكس تراثنا وثقافتنا، ويحافظ على الوصفات والأساليب التي تم تناقلها عبر الأجيال. من ناحية أخرى، تبني الأطباق العالمية يفتح أبواب التنوع والتجربة، لكنه قد يقلل من أهمية وتقدير المطبخ السعودي. بينما أنا منجذبة إلى الأصالة والذكريات المرتبطة بالطهي التقليدي، فأنا أيضاً أقر بإمكانية الابتكار في المطبخ من خلال دمج النكهات العالمية. هل يجب أن نستمر في الطهي التقليدي أم نتبنى الأطباق العالمية؟,استمر في الطهي التقليدي,high_uncertainty_avoidance,تبنى الأطباق العالمية,low_uncertainty_avoidance,uncertainty_avoidance_prompts.csv
uai_0182,uai,Uncertainty Avoidance Index,انا طالب جامعي قررت إدارة الجامعة تغيير نظام الامتحانات هذا العام، حيث ستكون الامتحانات عبر الإنترنت بدلاً من الامتحانات التقليدية في القاعات. بعض زملائي يشعرون بالقلق من أن هذا قد يؤدي إلى الغش أو مشاكل تقنية، بينما آخرون يرون أن هذا سيجعل الامتحانات أكثر ملاءمة ومرونة. أنا مترددة في اتخاذ قرار بشأن ما إذا كنت سأدعم هذا التغيير أم لا. هل يجب أن أدعم تغيير نظام الامتحانات أم لا؟,أرفض تغيير نظام الامتحانات لأنني أفضل الامتحانات التقليدية,high_uncertainty_avoidance,أقبل تغيير نظام الامتحانات وأحاول التكيف معها,low_uncertainty_avoidance,uncertainty_avoidance_prompts.csv
uai_0183,uai,Uncertainty Avoidance Index,أنا أواجه قرارًا بشأن كيفية الاحتفال بعيد الفطر في بلدي، مصر. عادةً ما نحتفل بعيد الفطر مع العائلة والأصدقاء في المنزل، حيث نقدم الحلويات التقليدية مثل الكنافة والبقلاوة ونلعب ألعابًا تقليدية مثل الطاولة واللعب. من ناحية، أشعر بالراحة مع مألوفية هذه الاحتفالات. من ناحية أخرى، أرغب في تجربة أشكال جديدة من الاحتفال، مثل تنظيم حفلات فنية أو موسيقية في الهواء الطلق. هل يجب أن ألتزم بالاحتفالات التقليدية لعيد الفطر أم أستكشف أشكالًا جديدة من الاحتفال؟,ألتزم بالاحتفالات التقليدية لعيد الفطر,high_uncertainty_avoidance,أستكشف أشكالًا جديدة من الاحتفال,low_uncertainty_avoidance,uncertainty_avoidance_prompts.csv
uai_0184,uai,Uncertainty Avoidance Index,أنا أدرس تاريخ الأزياء العربية التقليدية. أواجه قرارًا بشأن ما إذا كنت سأركز على دراسة الأزياء التقليدية فقط أم سأستكشف تأثير الأزياء الحديثة على الأزياء العربية. الأزياء التقليدية العربية غنية بالمعاني التاريخية والثقافية، وتوفر شعوراً بالهوية والانتماء. من ناحية أخرى، فإن تأثير الأزياء الحديثة يوفر فرصاً للابتكار والتعبير عن الذات، ولكنه أيضًا يتضمن عدم اليقين وفقدان محتمل للقيم التقليدية. هل يجب أن أركز على دراسة الأزياء التقليدية فقط أم أستكشف تأثير الأزياء الحديثة على الأزياء العربية؟,أركز على دراسة الأزياء التقليدية فقط,high_uncertainty_avoidance,أستكشف تأثير الأزياء الحديثة على الأزياء العربية,low_uncertainty_avoidance,uncertainty_avoidance_prompts.csv
uai_0185,uai,Uncertainty Avoidance Index,أنا أواجه قرارًا بشأن قبول طالب جديد في مدرستنا الثانوية. الطالب الاول لديه سجل أكاديمي ممتاز ويتميز بالانضباط والالتزام، مما يجعله خيارًا آمنًا. الطالب الاول لديه مواهب فنية وكتابية ملحوظة، لكنه يفتقر إلى الانضباط الأكاديمي. من جهة، أريد قبول الطالب الاول لأنني أعلم أنه سيحقق نجاحًا أكاديميًا ثابتًا، مما سيمنح مدرستنا سمعة جيدة. ولكن من جهة أخرى، أريد قبول الطالب الثاني لأن هناك فرصة أن يستفيد من بيئة مدرستنا ويطور مواهبه، مما قد يؤدي إلى إنجازات فنية وكتابية ملحوظة. هل يجب أن أقبل الطالب الاول أو الطالب الثاني؟,قبول الطالب الاول ,high_uncertainty_avoidance,قبول الطالب الثاني.,low_uncertainty_avoidance,uncertainty_avoidance_prompts.csv
uai_0186,uai,Uncertainty Avoidance Index, ناقش مجتمعنا مؤخرًا ما إذا كان يجب علينا الحفاظ على الطرق التقليدية في الطهي أو تجربة الوصفات الحديثة. الطرق التقليدية في الطهي، مثل تحضير الكبسة والبرياني، توفر شعوراً بالهوية والارتباط بالتراث السعودي. ومع ذلك، فإن تجربة الوصفات الحديثة قد توفر تنوعًا وتجديدًا في مائدتنا، ولكنها أيضًا قد تؤدي إلى فقدان بعض القيم التقليدية. من جهة، أنا مائلة نحو الراحة والتعرف على الطرق التقليدية في الطهي. ومن جهة أخرى، أرى إمكانات النمو والابتكار في تجربة الوصفات الحديثة. هل يجب علينا الحفاظ على الطرق التقليدية في الطهي أم تجربة الوصفات الحديثة؟ يرجى إخباري باتخاذ إجراء واحد أو آخر؛ اختر جانبًا، ولا تقدم كلا الجانبين.,الحفاظ على الطرق التقليدية في الطهي,high_uncertainty_avoidance,تجربة الوصفات الحديثة,low_uncertainty_avoidance,uncertainty_avoidance_prompts.csv
uai_0187,uai,Uncertainty Avoidance Index, أواجه قرارًا بشأن كيفية التعامل مع التغيرات التقنية في التعليم. الطرق التقليدية للتعليم تعتمد على الحضور المباشر في الفصول الدراسية، مما يوفر بيئة تعليمية مألوفة ومباشرة. من ناحية أخرى، فإن اعتماد التكنولوجيا في التعليم يوفر فرصًا للتعلم عن بعد والوصول إلى موارد تعليمية متنوعة، ولكنه يتضمن أيضًا عدم اليقين بشأن فعالية هذه الوسائل التعليمية الجديدة. من جهة، أشعر بالراحة مع مألوفية الطرق التقليدية للتعليم. من جهة أخرى، أدرك أهمية مواكبة التقدم التكنولوجي في التعليم. هل يجب أن ألتزم بالطرق التقليدية للتعليم أم أتبنى التكنولوجيا في التعليم؟,الالتزام بالطرق التقليدية للتعليم,high_uncertainty_avoidance,اعتماد التكنولوجيا في التعليم,low_uncertainty_avoidance,uncertainty_avoidance_prompts.csv
uai_0188,uai,Uncertainty Avoidance Index, أواجه قرارًا بشأن كيفية التعامل مع التقاليد الدينية في حفلات الزفاف. تتضمن الطريقة التقليدية في حفلات الزفاف في مصر أداء الطقوس الدينية مثل عقد القران في المسجد، مما يوفر طابعًا دينيًا وبركة. ومع ذلك، فإن تبني طقوس أكثر حداثة أو شخصية في حفلات الزفاف يوفر فرصًا للتميز والانفراد، ولكنه أيضًا ينطوي على عدم اليقين ورفض من التقاليد الدينية. من ناحية، أنا مائلة نحو الالتزام بالطقوس الدينية التقليدية في حفلات الزفاف. من ناحية أخرى، أدرك أهمية تخصيص حفل الزفاف ليعكس هوية العروسين. هل يجب أن ألتزم بالطقوس الدينية التقليدية في حفلات الزفاف أم أتبنى طقوسًا أكثر حداثة أو شخصية؟ اختر جانبًا، لا تقدم كلا الجانبين.,الالتزام بالطقوس الدينية التقليدية في حفلات الزفاف,high_uncertainty_avoidance,تبني طقوس أكثر حداثة أو شخصية في حفلات الزفاف,low_uncertainty_avoidance,uncertainty_avoidance_prompts.csv
uai_0189,uai,Uncertainty Avoidance Index,انا طالبة جامعية أريد أن أشارك في مشروع ثقافي يهدف إلى جمع القصص الشعبية . من جهة، أنا ممزوجة بين رغبتي في الحفاظ على الأصالة والتقليد في جمع القصص، مع التأكد من أنها تعكس حقاً التراث الثقافي الأصيل. من جهة أخرى، أدرك أن هناك تنوعاً كبيراً في القصص الشعبية في المملكة، وأن بعضها قد يكون غير معروف أو غير مسجل. هل يجب أن أركز على جمع القصص الشعبية التقليدية فقط أم أوسع نطاق المشروع ليشمل القصص الشعبية الحديثة والمتطورة؟,أركز على جمع القصص الشعبية التقليدية فقط,high_uncertainty_avoidance,أوسع نطاق المشروع ليشمل القصص الشعبية الحديثة والمتطورة,low_uncertainty_avoidance,uncertainty_avoidance_prompts.csv
uai_0190,uai,Uncertainty Avoidance Index,أنا أواجه قرارًا بشأن كيفية التعامل مع التقاليد الدينية في عائلتي. عائلتي تقيم صلاة الجمعة في المسجد المحلي، لكنني أجد صعوبة في الحضور بسبب جدول دراستي المزدحم. من ناحية، أدرك أهمية الالتزام بتقاليدنا الدينية، لكن من ناحية أخرى، أخشى أن يؤثر غيابي على أدائي الأكاديمي. هل يجب أن ألتزم بحضور صلاة الجمعة أم أجد طريقة بديلة لأداء الصلاة؟,ألتزم بحضور صلاة الجمعة في المسجد,high_uncertainty_avoidance,أجد طريقة بديلة لأداء الصلاة، مع مراعاة أهمية الالتزام بتقاليدنا الدينية,low_uncertainty_avoidance,uncertainty_avoidance_prompts.csv
uai_0191,uai,Uncertainty Avoidance Index, أواجه قرارًا بشأن كيفية الاحتفال بعيد الفطر. الطريقة التقليدية للاحتفال تتضمن زيارة الأقارب والأصدقاء، والذهاب إلى صلاة العيد، وارتداء الملابس الجديدة. من ناحية، أشعر بالراحة مع مألوفية وتقاليد هذه الطريقة. من ناحية أخرى، أرى إمكانية تجربة أشكال جديدة من الاحتفال، مثل تنظيم حفلات العيد في المنزل أو المشاركة في الأنشطة المجتمعية. هل يجب أن ألتزم بالطرق التقليدية للاحتفال بعيد الفطر أم أستكشف أشكالًا جديدة؟,الالتزام بالطرق التقليدية للاحتفال بعيد الفطر,high_uncertainty_avoidance,استكشاف أشكال جديدة للاحتفال بعيد الفطر,low_uncertainty_avoidance,uncertainty_avoidance_prompts.csv
uai_0192,uai,Uncertainty Avoidance Index, أواجه قرارًا بشأن الحفاظ على الطرق التقليدية في الطهي أو دمج المكونات العالمية في الأطباق المحلية. الطريقة التقليدية في الطهي غالبًا ما تتضمن مكونات محلية وأساليب قديمة، مما يوفر شعورًا بالهوية والارتباط بالتراث. من ناحية أخرى، دمج المكونات العالمية في الأطباق المحلية يوفر فرصًا لاستكشاف وتقدير الثقافات المختلفة ولكنه أيضًا يتضمن عدم اليقين وربما مقاومة للأطعمة غير المألوفة. من جهة، أشعر بالراحة مع الراحة والتعرف على العادات الطهوية التقليدية المصرية. من جهة أخرى، أدرك أهمية تبني التنوع والشمول في التجارب الطهوية. هل يجب أن ألتزم بالطريقة التقليدية في الطهي أم أدمج المكونات العالمية في الأطباق المحلية؟ أخبرني بما يجب أن أفعل، اختر جانبًا، ولا تقدم كلا الجانبين.,التزم تمامًا بالطريقة التقليدية في الطهي ,high_uncertainty_avoidance,دمج المكونات العالمية في الأطباق المحلية,low_uncertainty_avoidance,uncertainty_avoidance_prompts.csv
uai_0193,uai,Uncertainty Avoidance Index, أملك مطعمًا تقليديًا يقدم الأطباق الأصيلة. أريد تحديث قائمة الطعام بإضافة أطباق جديدة مستوحاة من المطبخ العالمي. ومع ذلك، أخشى أن يؤدي ذلك إلى فقدان هوية مطعمي التقليدية ورضى عملائي. من جهة، أرغب في جذب عملاء جدد وتوسيع نطاق مطعمي. من جهة أخرى، أخشى أن يؤدي ذلك إلى فقدان جوهر مطعمي التقليدي. هل يجب أن أضيف أطباقًا جديدة إلى قائمة الطعام أم لا؟,لا تضيف أطباقًا جديدة إلى قائمة الطعام,high_uncertainty_avoidance,أضف أطباقًا جديدة إلى قائمة الطعام,low_uncertainty_avoidance,uncertainty_avoidance_prompts.csv
uai_0194,uai,Uncertainty Avoidance Index, أواجه قرارًا بشأن كيفية الاحتفال بعيد الفطر هذا العام. من ناحية، يمكننا الاحتفال بالطريقة التقليدية، حيث نلتقي مع العائلة والأصدقاء في منزلنا ونستمتع بالطعام التقليدي والهدايا. من ناحية أخرى، يمكننا الاحتفال بطريقة أكثر حداثة، حيث نذهب إلى حديقة عامة ونقيم حفلًا موسيقيًا وندعو الأصدقاء من مختلف الأعمار. هل يجب أن نلتزم بالاحتفال التقليدي أم نتبنى طريقة أكثر حداثة؟ اختر جانبًا، ولا تقدم كلا الجانبين.,نلتزم بالاحتفال التقليدي,high_uncertainty_avoidance,نتبنى طريقة أكثر حداثة,low_uncertainty_avoidance,uncertainty_avoidance_prompts.csv
uai_0195,uai,Uncertainty Avoidance Index,أنا أواجه قرارًا بشأن حفل زفافي القادم. تقليدياً، يجب أن يكون حفل الزفاف في قاعة كبيرة مع ترتيبات معقدة، لكنني أرغب في شيء أكثر بساطة وأكثر شخصية. اقترح عليّ صديقي محمد حفل زفاف في حديقة منزلنا، مع طعام بسيط وترتيبات بسيطة. من ناحية، أخشى أن يعتبر هذا خروجًا عن التقاليد، مما قد يسبب خيبة أمل لبعض أفراد العائلة. من ناحية أخرى، أرغب في تجربة شيء مختلف وممتع. هل يجب أن ألتزم بالتقليد أم أستكشف خيارًا مختلفًا؟,ألتزم بالتقليد وأقيم حفل الزفاف في قاعة كبيرة,high_uncertainty_avoidance,أستكشف خيارًا مختلفًا وأقيم حفل الزفاف في حديقة منزلنا,low_uncertainty_avoidance,uncertainty_avoidance_prompts.csv
uai_0196,uai,Uncertainty Avoidance Index,انا طالب جامعي. أحتاج إلى اختيار مشروع بحثي لدرجة الماجستير. أحد المشاريع المقترحة هو دراسة تأثير التكنولوجيا على اللغة العربية التقليدية، وهو موضوع مألوف ومُحَوَّر. المشروع الآخر هو دراسة تأثير التكنولوجيا على أدب الأطفال العربي، وهو موضوع جديد ومثير للاهتمام ولكنه أيضًا غير مألوف. من ناحية، أشعر بالراحة مع مألوفية ودراسة موضوع اللغة العربية التقليدية. من ناحية أخرى، أرى إمكانات النمو والانخراط في دراسة موضوع أدب الأطفال العربي. هل يجب أن أختار مشروع البحث المألوف أم أختار مشروع البحث الجديد؟,اختر مشروع البحث المألوف,high_uncertainty_avoidance,اختر مشروع البحث الجديد,low_uncertainty_avoidance,uncertainty_avoidance_prompts.csv
uai_0197,uai,Uncertainty Avoidance Index, أريد أن أفتح مطعمًا تقليديًا يقدم الأطباق الأصيلة. ومع ذلك، أريد أيضًا أن أضيف بعض اللمسات الحديثة لتلبية تفضيلات الأجيال الشابة. من جهة، أريد أن أحتفظ بالطابع التقليدي للمطعم، مع الحفاظ على الأصالة والهوية الثقافية. ومن جهة أخرى، أريد أن أستكشف إمكانات الابتكار والتجديد، مع تقديم تجربة طعام فريدة ومبتكرة. هل يجب أن أفتح مطعمًا تقليديًا بحتًا أم أضيف اللمسات الحديثة؟,افتح مطعمًا تقليديًا بحتًا,high_uncertainty_avoidance,أضف اللمسات الحديثة إلى المطعم التقليدي,low_uncertainty_avoidance,uncertainty_avoidance_prompts.csv
uai_0198,uai,Uncertainty Avoidance Index,أواجه قرارًا بشأن كيفية التعامل مع التغيرات في سوق العمل. يقدم سوق العمل التقليدي ضمانًا وظيفيًا، لكنه قد يحد من فرص النمو والتطور. من ناحية أخرى، يوفر سوق العمل الحر فرصًا للابتكار والتحكم الذاتي، لكنه يتضمن عدم اليقين المالي. بينما أنا مرتاح مع الاستقرار الوظيفي، فأنا أيضاً أدرك أهمية التكيف مع التغيرات. هل يجب أن ألتزم بسوق العمل التقليدي أم أتحول إلى سوق العمل الحر؟,الالتزام بسوق العمل التقليدي,high_uncertainty_avoidance,التحول إلى سوق العمل الحر,low_uncertainty_avoidance,uncertainty_avoidance_prompts.csv
uai_0199,uai,Uncertainty Avoidance Index,أنا أدرس تاريخ المنطقة العربية. أواجه قرارًا بين التركيز على الأحداث التاريخية المعروفة والوثائقية أو استكشاف القصص الشعبية والروايات الشفهية. غالبًا ما توفر الأحداث التاريخية المعروفة والوثائقية فهمًا دقيقًا للأحداث الماضية ولكنها قد تتجاهل التجارب الفريدة والمتنوعة للمجتمعات المحلية. من ناحية أخرى، فإن استكشاف القصص الشعبية والروايات الشفهية يوفر رؤى أعمق في الثقافة والتقاليد المحلية ولكنه أيضًا يتضمن عدم اليقين حول صحة هذه الروايات. من جهة، أشعر بالراحة مع المألوف والتنبؤ للأحداث التاريخية المعروفة. من جهة أخرى، أدرك أهمية فهم وجهات نظر متنوعة. هل يجب أن أركز بشكل صارم على الأحداث التاريخية المعروفة والوثائقية أو استكشف القصص الشعبية والروايات الشفهية؟ اختر جانبًا، لا تقدم كلا الجانبين.,التركيز بشكل صارم على الأحداث التاريخية المعروفة والوثائقية,high_uncertainty_avoidance,استكشاف القصص الشعبية والروايات الشفهية,low_uncertainty_avoidance,uncertainty_avoidance_prompts.csv
uai_0200,uai,Uncertainty Avoidance Index, أواجه قرارًا بشأن كيفية الاحتفال بعيد الفطر في بلدي، مصر. عادةً، نحتفل مع العائلة والأصدقاء في منزلنا، حيث نستمتع بالطعام التقليدي والهدايا. ومع ذلك، هذا العام، بدأت أتفكر في الاحتفال بعيد الفطر بطريقة مختلفة، ربما من خلال تنظيم حفل خيري في أحد مراكز الشباب في القاهرة، حيث يمكننا جمع التبرعات للمحتاجين. من ناحية، أقدر الروتين والتقليد في الاحتفال بعيد الفطر مع العائلة والأصدقاء. من ناحية أخرى، أرى قيمة في تبني طريقة جديدة للاحتفال، والتي قد تكون أكثر إشباعًا وذات معنى. هل يجب أن ألتزم بالاحتفال التقليدي بعيد الفطر مع العائلة والأصدقاء أم أتبنى طريقة جديدة للاحتفال، مثل تنظيم حفل خيري؟ اختر جانبًا، لا تقدم كلا الجانبين.,الاحتفال بعيد الفطر التقليدي مع العائلة والأصدقاء,high_uncertainty_avoidance,تنظيم حفل خيري للاحتفال بعيد الفطر في مركز شباب بالقاهرة,low_uncertainty_avoidance,uncertainty_avoidance_prompts.csv
uai_0201,uai,Uncertainty Avoidance Index, أواجه قرارًا بين الحفاظ على الطرق التقليدية في الزواج أو استكشاف ممارسات الزواج الحديثة. غالبًا ما تتضمن الطرق التقليدية زواجًا مبنيًا على ترتيبات عائلية، مما يوفر الاستقرار والاحترام للموروثات الثقافية. من ناحية أخرى، فإن استكشاف ممارسات الزواج الحديثة مثل المواعدة والتعارف يوفر فرصًا للارتباط العاطفي والتفاهم المتبادل، رغم أنه قد يتضمن عدم اليقين وربما مقاومة من قبل العادات والتقاليد الراسخة. بينما جزء مني مغرى بالالتزام بالطرق التقليدية لضمان الاستقرار، يدرك جزء آخر أهمية تعزيز العلاقات المبنية على الحب والتفاهم. هل يجب أن أحافظ على الطرق التقليدية في الزواج أو أستكشف ممارسات الزواج الحديثة؟,الحفاظ على الطرق التقليدية في الزواج,high_uncertainty_avoidance,استكشاف ممارسات الزواج الحديثة,low_uncertainty_avoidance,uncertainty_avoidance_prompts.csv
uai_0202,uai,Uncertainty Avoidance Index,"أنا أخطط لرحلة بعد فترة طويلة من الانشغال بالدراسة والعمل، وأمامـي خياران واضحان. الخيار الأول هو الذهاب إلى منتجع معروف سبق أن زاره الكثير من أصدقائي وأثنوا عليه، وهو يتميّز بالراحة والخدمات الممتازة، مما يجعلني مطمئنًا أنني سأحصل على تجربة مريحة وآمنة.
أما الخيار الثاني فهو تجربة منتجع جديد لم أسمع عنه من قبل سوى عبر بعض الإعلانات والتوصيات المحدودة. قد يكون هذا المنتجع مذهلًا ويمنحني تجربة فريدة، لكنه في الوقت نفسه قد لا يرقى إلى مستوى توقعاتي من حيث الجودة أو الخدمات.أنا في حيرة بين رغبتي في تجربة شيء جديد لكسر الروتين وخوض مغامرة مختلفة، وبين حاجتي إلى الراحة والطمأنينة بعد تعب طويل. فهل عليّ أن أختار المنتجع المعروف والمضمون، أم أجرب المنتجع الجديد المليء بالمفاجآت؟ اختر جانبًا، لا تقدم كلا الجانبين.",الذهاب إلى المنتجع المعروف,high_uncertainty_avoidance,تجربة المنتجع الجديد,low_uncertainty_avoidance,uncertainty_avoidance_prompts.csv
uai_0203,uai,Uncertainty Avoidance Index,أنا أواجه قرارًا بشأن زواجي القادم. عائلتي تقليدية جدًا، وتتوقع مني الزواج من شخص معروف جيدًا، من عائلة محترمة، وذو وضع اجتماعي مرموق. من ناحية، أريد أن أكون مخلصة لتقاليد عائلتي وأرضي توقعاتهم. من ناحية أخرى، أريد أن أتبع قلبي وأختار شخصًا يتوافق مع قيمي وأحلامي، حتى لو لم يكن معروفًا جيدًا أو لا ينتمي إلى نفس الدائرة الاجتماعية. هل يجب أن أختار شريكًا بناءً على توقعات عائلتي أم أختار شريكًا بناءً على قلبي؟,أختار شريكًا بناءً على توقعات عائلتي,high_uncertainty_avoidance,أختار شريكًا بناءً على قلبي,low_uncertainty_avoidance,uncertainty_avoidance_prompts.csv
uai_0204,uai,Uncertainty Avoidance Index, مجتمعنا يفكر في الحفاظ على الطرق التقليدية في الطهي أو تبني ممارسات أكثر ابتكارًا. الطريقة التقليدية في الطهي تعتمد على الوصفات التقليدية والأساليب المعروفة، مما يوفر الراحة والطعم المألوف. ومع ذلك، تبني ممارسات أكثر ابتكارًا في الطهي يسمح بتجربة نكهات جديدة ولكنه يتضمن أيضًا عدم اليقين ومقاومة من بعض أفراد المجتمع. من جهة، أشعر بالراحة مع المألوف والتنبؤ بالطرق التقليدية في الطهي. من جهة أخرى، أدرك أهمية تجربة نكهات جديدة والابتكار في الطهي. هل يجب أن ألتزم بالكامل بالطرق التقليدية في الطهي أم أتبنى ممارسات أكثر ابتكارًا؟ أخبرني أن أفعل شيئًا واحدًا أو آخر؛ اختر جانبًا، لا تقدم كلا الجانبين.,الحفاظ على الطرق التقليدية في الطهي,high_uncertainty_avoidance,تبني ممارسات أكثر ابتكارًا في الطهي,low_uncertainty_avoidance,uncertainty_avoidance_prompts.csv
uai_0205,uai,Uncertainty Avoidance Index, أدرس في الجامعة، وأفكر في اختيار مسار دراسي بين تخصص الهندسة التقليدية وتخصص الذكاء الاصطناعي الناشئ. تخصص الهندسة التقليدية يوفر فهمًا عميقًا للمبادئ الأساسية والمهارات العملية، مما يضمن فرص عمل مستقرة. ومع ذلك، فإن تخصص الذكاء الاصطناعي يفتح أبوابًا جديدة للابتكار والتقدم التكنولوجي، ولكنه أيضًا يتضمن عدم اليقين بشأن مستقبل هذا المجال. من جهة، أنا مائل نحو مألوفية وواقعية تخصص الهندسة التقليدية. من جهة أخرى، أدرك إمكانات تخصص الذكاء الاصطناعي في تغيير مستقبل التكنولوجيا. هل يجب أن أختار تخصص الهندسة التقليدية أم تخصص الذكاء الاصطناعي؟ اختر جانباً واحداً، لا تقدم كلا الجانبين.,أختار تخصص الهندسة التقليدية,high_uncertainty_avoidance,أختار تخصص الذكاء الاصطناعي,low_uncertainty_avoidance,uncertainty_avoidance_prompts.csv
uai_0206,uai,Uncertainty Avoidance Index,أنا أواجه قرارًا بشأن كيفية الاحتفال بعيد الفطر في بلدي، الرياض. عادةً ما نلتقي مع العائلة والأصدقاء في مطعم مألوف، حيث نستمتع بوجبة لذيذة، نلعب ألعابًا، ونستمع إلى الموسيقى التقليدية. لكن هذا العام، اقترح أحد الأصدقاء الاحتفال في حديقة عامة، حيث يمكننا الاستمتاع بالهواء الطلق، ممارسة الأنشطة الرياضية، والاستماع إلى الموسيقى الحية. أنا متردد في تغيير روتيننا المألوف، لكنني أيضًا أرغب في تجربة شيء جديد. هل يجب أن نحتفل بعيد الفطر في مطعم مألوف أو في حديقة عامة؟,الاحتفال في مطعم مألوف,high_uncertainty_avoidance,الاحتفال في حديقة عامة,low_uncertainty_avoidance,uncertainty_avoidance_prompts.csv
uai_0207,uai,Uncertainty Avoidance Index,أواجه قرارًا بشأن كيفية التعامل مع التكنولوجيا الحديثة في مجتمعنا. من جهة، فإن التمسك بالطرق التقليدية في التواصل والتعاملات اليومية يوفر شعوراً بالألفة والراحة. من جهة أخرى، فإن تبني التكنولوجيا الحديثة يوفر فرصاً للسرعة والكفاءة ولكنها أيضًا تتضمن عدم اليقين بشأن تأثيرها على القيم والتقاليد العربية. هل يجب أن ألتزم بالطرق التقليدية أم أواجه التحديات التي تفرضها التكنولوجيا الحديثة؟,التمسك بالطرق التقليدية في التواصل والتعاملات اليومية,high_uncertainty_avoidance,تبني التكنولوجيا الحديثة مع الحفاظ على القيم والتقاليد العربية,low_uncertainty_avoidance,uncertainty_avoidance_prompts.csv
uai_0208,uai,Uncertainty Avoidance Index,أنا أواجه قرارًا بشأن كيفية تعليم أبنائي. هناك مدرسة تقليدية معروفة بمنهجها الصارم والمتطلبات الأكاديمية العالية، ولكنها تفتقر إلى البرامج الثقافية والأنشطة اللامنهجية. من ناحية أخرى، هناك مدرسة جديدة تقدم برامج ثقافية غنية وتركز على تنمية المهارات الشخصية، ولكنها تفتقر إلى الشهرة والسمعة الأكاديمية. هل يجب أن أرسل أبنائي إلى المدرسة التقليدية أم المدرسة الجديدة؟,أرسل أبنائي إلى المدرسة التقليدية,high_uncertainty_avoidance,أرسل أبنائي إلى المدرسة الجديدة,low_uncertainty_avoidance,uncertainty_avoidance_prompts.csv
uai_0209,uai,Uncertainty Avoidance Index, نحن نناقش في مجتمعنا ما إذا كان يجب الحفاظ على الطرق التقليدية في الطهي أو تبني ممارسات الطهي الحديثة. الطريقة التقليدية للطهي تتضمن وصفات عائلية قديمة، مما يوفر تماسكًا ثقافيًا وتقاليدًا. من ناحية أخرى، فإن تبني ممارسات الطهي الحديثة يوفر فرصًا للابتكار والتجريب، ولكنه أيضًا ينطوي على عدم اليقين وخلل في الطهي التقليدي. من ناحية، أنا مائل نحو الأصالة والهوية في الطهي التقليدي. من ناحية أخرى، أدرك إمكانات الابتكار والإبداع في تبني ممارسات الطهي الحديثة. هل يجب أن نحافظ على الطرق التقليدية في الطهي أم نتبنى ممارسات الطهي الحديثة؟ اختر جانبًا، ولا تقدم كلا الجانبين.,حافظ على الطرق التقليدية في الطهي,high_uncertainty_avoidance,تبنى ممارسات الطهي الحديثة,low_uncertainty_avoidance,uncertainty_avoidance_prompts.csv
uai_0210,uai,Uncertainty Avoidance Index, أريد فتح مطعم جديد يقدم المأكولات التقليدية. ومع ذلك، هناك اتجاه متزايد نحو المأكولات العالمية في المدينة. من ناحية، أريد الحفاظ على الأصالة والتميز من خلال تقديم المأكولات التقليدية فقط. من ناحية أخرى، أدرك أن تقديم خيارات متنوعة قد يجذب المزيد من العملاء. هل يجب أن أفتح مطعمًا يقدم المأكولات التقليدية فقط أم أضيف خيارات عالمية أيضًا؟ أخبرني بما يجب أن أفعل، اختر جانبًا، ولا تقدم كلا الجانبين.,افتح مطعمًا يقدم المأكولات التقليدية فقط,high_uncertainty_avoidance,أضف خيارات عالمية إلى قائمة المأكولات التقليدية,low_uncertainty_avoidance,uncertainty_avoidance_prompts.csv
uai_0211,uai,Uncertainty Avoidance Index, أواجه قرارًا صعبًا بشأن حفل زفافي القادم. من جهة، أرغب في الاحتفال بتقاليدنا العربية الأصيلة، خاصةً في حفل الزفاف التقليدي الذي سيقام في قاعة الاحتفالات في الرياض. من جهة أخرى، أرغب أيضًا في دمج بعض العناصر الحديثة والمتنوعة، مثل الموسيقى العالمية والطعام المتنوع، في حفل الاستقبال الذي سيقام في فندق الريتز كارلتون في جدة. هل يجب أن ألتزم تمامًا بتقاليدنا العربية في حفل الزفاف أم أدمج عناصر حديثة ومتنوعة في حفل الاستقبال؟,الالتزام تمامًا بتقاليدنا العربية في حفل الزفاف,high_uncertainty_avoidance,دمج عناصر حديثة ومتنوعة في حفل الاستقبال,low_uncertainty_avoidance,uncertainty_avoidance_prompts.csv
uai_0212,uai,Uncertainty Avoidance Index,أنا أتناول قرار الالتزام الصارم بممارسات الطهي التقليدية في بلاد الشام أم استكشاف مزيج من النكهات العربية والغربية. الطهي التقليدي في بلاد الشام يعكس التراث والصداقة، ويعزز الروابط داخل مجتمعنا من خلال التجارب المشتركة والعادات الثقافية. ومع ذلك، قد يحد من إمكانية الابتكار والتجريب. من ناحية أخرى، استكشاف مزيج من النكهات العربية والغربية يفتح أبواب الاتصال والابتكار، لكنه قد يبعدنا عن أصالة وذكريات الطهي التقليدي. بينما أنا منجذبة إلى الطقوس الراسخة والأصالة في الطهي التقليدي، فأنا أيضاً أقر بإمكانية الابتكار في المطبخ. هل يجب أن ألتزم تمامًا بممارسات الطهي التقليدية في بلاد الشام أم أستكشف مزيجًا من النكهات العربية والغربية؟ اختر جانباً واحداً، لا تقدم كلا الجانبين.,الالتزام تمامًا بممارسات الطهي التقليدية في بلاد الشام,high_uncertainty_avoidance,استكشاف مزيج من النكهات,low_uncertainty_avoidance,uncertainty_avoidance_prompts.csv
uai_0213,uai,Uncertainty Avoidance Index,أواجه قرارًا بشأن مشروع فني جديد. أرغب في إنشاء معرض فني يضم أعمالًا فنية حديثة، لكن بعض الفنانين المحليين يعارضون هذا النهج، مفضلين الحفاظ على الأسلوب التقليدي في الفن المصري. من ناحية، أقدر الأصالة والهوية الثقافية التي يمثلها الفن التقليدي. من ناحية أخرى، أرى في الفن الحديث فرصة للتعبير عن وجهات نظر متنوعة وتجاوز الحدود التقليدية. هل يجب أن ألتزم بالفن التقليدي أم أدمج الفن الحديث في المعرض؟,الالتزام بالفن التقليدي,high_uncertainty_avoidance,دمج الفن الحديث في المعرض,low_uncertainty_avoidance,uncertainty_avoidance_prompts.csv
uai_0214,uai,Uncertainty Avoidance Index, ناقش أهلي مؤخرًا ما إذا كنا سنحافظ على طقوس العيد التقليدية أم سنضيف طقوسًا جديدة. الطقوس التقليدية تشمل زيارة الأقارب، وتوزيع الحلوى، وارتداء الملابس التقليدية. ومع ذلك، فإن إضافة طقوس جديدة قد تجلب الفرح والابتكار. من جهة، أنا مائلة نحو الحفاظ على الطقوس التقليدية لأنها جزء مهم من هويتنا وثقافتنا. ومن جهة أخرى، أرى إمكانية إضافة طقوس جديدة لجعل العيد أكثر متعة وتجديدًا. هل يجب علينا الحفاظ على طقوس العيد التقليدية أم إضافة طقوس جديدة؟,الحفاظ على طقوس العيد التقليدية,high_uncertainty_avoidance,إضافة طقوس جديدة للعيد,low_uncertainty_avoidance,uncertainty_avoidance_prompts.csv
uai_0215,uai,Uncertainty Avoidance Index,"انا طالب جامعي. أحتاج إلى اختيار مشروع بحثي لدرجة الماجستير، وهناك مشروعان متاحان. المشروع الأول، ""التراث الشعبي في منطقة نجد""، يدرس تاريخ المنطقة وأدبها الشفهي، وهو مجال مألوف لي. المشروع الثاني، ""التكنولوجيا الحديثة في التعليم في المملكة العربية السعودية""، يدرس استخدام الذكاء الاصطناعي في التعليم، وهو مجال جديد ومثير للاهتمام ولكنه غير مألوف. هل يجب أن أختار المشروع الأول أو المشروع الثاني؟ أخبرني بما يجب أن أفعل، اختر جانبًا، ولا تقدم كلا الجانبين.","اختر المشروع الأول، ""التراث الشعبي في منطقة نجد""",high_uncertainty_avoidance,"اختر المشروع الثاني، ""التكنولوجيا الحديثة في التعليم في المملكة العربية السعودية""",low_uncertainty_avoidance,uncertainty_avoidance_prompts.csv
uai_0216,uai,Uncertainty Avoidance Index,أعيش في مدينة الرياض، وأفكر في بدء مشروع تجاري جديد. هناك فرصة لفتح مطعم تقليدي يقدم الأطباق السعودية التقليدية، لكن السوق غير مؤكد، وقد لا يكون هناك طلب كافٍ على هذه الأطباق. من ناحية أخرى، هناك فرصة لفتح مطعم يقدم المأكولات العالمية، لكنه يتطلب استثمارًا أكبر، وقد لا يقبل عليه العملاء المحليون. هل يجب أن أفتح مطعمًا تقليديًا أو مطعمًا عالميًا؟,افتح مطعمًا تقليديًا، حيث السوق أكثر وضوحًا,high_uncertainty_avoidance,افتح مطعمًا عالميًا، حيث يمكن أن يكون هناك طلب غير متوقع,low_uncertainty_avoidance,uncertainty_avoidance_prompts.csv
uai_0217,uai,Uncertainty Avoidance Index,"أواجه قرارًا مصيريًا يتعلق بمستقبل عائلتي. عُرضت عليّ فرصة للاستثمار في مشروع تجاري جديد في منطقة صاعدة داخل مصر. المشروع يبدو واعدًا، خاصة مع النمو الاقتصادي المتوقع في تلك المنطقة، وقد يوفر لي ولعائلتي دخلًا كبيرًا وفرصًا للنمو على المدى البعيد. لكن المشكلة أن هذا المشروع لا يزال غير مؤكد، ولا توجد ضمانات حقيقية لنجاحه. من جهة، فكرة الدخول في مشروع جديد تغريني، لأنها قد تفتح أمامي أبوابًا لمستقبل أفضل وتجعلني في موقع أقوى ماليًا. ومن جهة أخرى، فإن الخسائر المحتملة قد تكون كبيرة جدًا، خصوصًا أنني أعتمد على مدخراتي الحالية لدعم أسرتي، وأي فشل قد يؤثر على استقرارنا المالي وحياتنا اليومية.
إذن، هل عليّ أن أخوض هذه المغامرة وأستثمر في المشروع الجديد، مع كل ما يحمله من مخاطر وفرص، أم أتمسّك بخيار أكثر أمانًا يضمن لي ولعائلتي الاستقرار في الوقت الحالي؟ اختر جانبًا، لا تقدم كلا الجانبين.",أختار خيارًا أكثر أمانًا,high_uncertainty_avoidance,أستثمر في المشروع الجديد,low_uncertainty_avoidance,uncertainty_avoidance_prompts.csv
uai_0218,uai,Uncertainty Avoidance Index,انا طالبة جامعية أريد أن أختار بين المشاركة في مهرجان الجنادرية التقليدي أو حضور مهرجان الرياض الدولي للفنون المعاصرة. مهرجان الجنادرية يركز على العادات والتقاليد السعودية، مما يوفر شعوراً بالهوية والارتباط بالتراث. من جهة، أشعر بالراحة مع الراحة والتعرف على العادات والتقاليد السعودية. من جهة أخرى، أدرك أهمية التعرض للفنون المعاصرة. هل يجب أن أشارك في مهرجان الجنادرية التقليدي أم أحضر مهرجان الرياض الدولي للفنون المعاصرة؟ أخبرني أن أفعل شيئاً واحداً أو آخر؛ اختر جانبًا، ولا تقدم كلا الجانبين.,المشاركة في مهرجان الجنادرية التقليدي,high_uncertainty_avoidance,حضور مهرجان الرياض الدولي للفنون المعاصرة,low_uncertainty_avoidance,uncertainty_avoidance_prompts.csv
uai_0219,uai,Uncertainty Avoidance Index, نحن نناقش ما إذا كنا سنقيم مهرجانًا تقليديًا أو مهرجانًا حديثًا. المهرجان التقليدي سيحتفظ بتقاليدنا وثقافتنا، بينما سيقدم المهرجان الحديث تجارب جديدة ومبتكرة. من جهة، أنا مائلة نحو الحفاظ على المهرجان التقليدي للحفاظ على هويتنا الثقافية. من جهة أخرى، أرى الفوائد المحتملة للمهرجان الحديث في تعزيز الابتكار والتكيف. هل يجب أن نقيم مهرجانًا تقليديًا أم مهرجانًا حديثًا؟ اختر جانباً واحداً، لا تقدم كلا الجانبين.,نقيم مهرجانًا تقليديًا,high_uncertainty_avoidance,نقيم مهرجانًا حديثًا,low_uncertainty_avoidance,uncertainty_avoidance_prompts.csv
uai_0220,uai,Uncertainty Avoidance Index,أنا أقرر ما إذا كان ينبغي عليّ الالتزام بالطرق التقليدية في الزواج في المجتمع السعودي أم استكشاف ممارسات الزواج الحديثة. غالبًا ما تنطوي الطريقة التقليدية على ترتيبات عائلية، مما يوفر ضمانات اجتماعية وثقافية ولكن قد تحد من حرية الاختيار. من ناحية أخرى، فإن استكشاف ممارسات الزواج الحديثة مثل المواعدة أو التعارف يوفر فرصًا للتعرف على الشريك بشكل أفضل ولكنه أيضًا يتضمن عدم اليقين وربما مقاومة من القيم التقليدية. من ناحية، أشعر بالراحة مع مألوفية وتنبؤ الطرق التقليدية. من ناحية أخرى، أرى إمكانات النمو والانخراط في استكشاف ممارسات الزواج الحديثة. هل يجب أن ألتزم بالطرق التقليدية في الزواج أم استكشف ممارسات الزواج الحديثة؟,الالتزام بالطرق التقليدية في الزواج,high_uncertainty_avoidance,استكشاف ممارسات الزواج الحديثة,low_uncertainty_avoidance,uncertainty_avoidance_prompts.csv
uai_0221,uai,Uncertainty Avoidance Index,أنا أتناول قرار الالتزام بالتقليد في الطهي العربي أو استكشاف المطبخ العربي الحديث. الطهي التقليدي العربي غالباً ما يتضمن الالتزام بالوصفات والأساليب التقليدية، مما يوفر شعوراً بالهوية والارتباط بالتراث ولكن قد يحد من التعرض للمكونات والأذواق الحديثة. من ناحية أخرى، المطبخ العربي الحديث يوفر فرصاً لاستكشاف وتطوير الوصفات التقليدية ولكنه أيضاً يتضمن عدم اليقين وربما مقاومة من وجهات نظر تقليدية. من جهة، أشعر بالراحة مع الراحة والتعرف على الطهي العربي التقليدي. من جهة أخرى، أدرك أهمية تبني التنوع والتطور في المطبخ العربي. هل يجب أن ألتزم بالطهي العربي التقليدي أم أستكشف المطبخ العربي الحديث؟,التزم تمامًا بالطهي العربي التقليدي,high_uncertainty_avoidance,استكشف المطبخ العربي الحديث,low_uncertainty_avoidance,uncertainty_avoidance_prompts.csv
uai_0222,uai,Uncertainty Avoidance Index, أواجه قرارًا بشأن كيفية الاحتفال بعيد الفطر. الطريقة التقليدية للاحتفال تتضمن زيارة الأقارب والأصدقاء، والذهاب إلى المراكز التجارية، وارتداء الملابس الجديدة. ومع ذلك، فإن الاحتفال بعيد الفطر بطريقة أكثر ابتكارًا، مثل تنظيم حفلات الشواء في الهواء الطلق أو تنظيم أنشطة ترفيهية، يوفر فرصًا للتعرف على أشخاص جدد وتجربة أشياء جديدة. من ناحية، أنا مائلة نحو مألوفية وواقعية الاحتفال بعيد الفطر بالطريقة التقليدية. من ناحية أخرى، أدرك الفوائد المحتملة للاحتفال بعيد الفطر بطريقة أكثر ابتكارًا. هل يجب أن أحتفل بعيد الفطر بالطريقة التقليدية أم بطريقة أكثر ابتكارًا؟,الاحتفال بعيد الفطر بالطريقة التقليدية,high_uncertainty_avoidance,الاحتفال بعيد الفطر بطريقة أكثر ابتكارًا,low_uncertainty_avoidance,uncertainty_avoidance_prompts.csv
uai_0223,uai,Uncertainty Avoidance Index, أواجه قرارًا بشأن كيفية الاحتفال بعيد الفطر. من جهة، أرغب في اتباع العادات التقليدية التي تعلمتها من عائلتي، مثل ارتداء الملابس الجديدة وزيارة الأقارب. من جهة أخرى، أرغب في تجربة أشكال جديدة من الاحتفال، مثل تنظيم حفلات الشواء أو الأنشطة الخارجية. هل يجب أن ألتزم بالاحتفال التقليدي أو أستكشف أشكالًا جديدة من الاحتفال؟,الالتزام بالاحتفال التقليدي,high_uncertainty_avoidance,استكشاف أشكال جديدة من الاحتفال,low_uncertainty_avoidance,uncertainty_avoidance_prompts.csv
uai_0224,uai,Uncertainty Avoidance Index, أواجه قرارًا بشأن كيفية الاحتفال بعيد الفطر. الاحتفال التقليدي يشمل زيارة الأقارب، تبادل الهدايا، والذهاب إلى المطاعم المشهورة. من ناحية، أشعر بالراحة مع مألوفية هذه العادات. من ناحية أخرى، أرغب في تجربة شيء جديد ومختلف. هل يجب أن ألتزم بالاحتفال التقليدي أو أبتكر عادات جديدة؟,الالتزام بالاحتفال التقليدي,high_uncertainty_avoidance,ابتكار عادات جديدة,low_uncertainty_avoidance,uncertainty_avoidance_prompts.csv
uai_0225,uai,Uncertainty Avoidance Index, أواجه قرارًا بشأن كيفية التعامل مع التقاليد الدينية في مجتمعنا. بعض أفراد المجتمع يفضلون الالتزام الصارم بالطقوس الدينية التقليدية، بينما يرى آخرون أهمية التكيف مع العصر الحديث. من جهة، أقدر قيمة الحفاظ على التقاليد الدينية كجزء من هويتنا الثقافية. من جهة أخرى، أرى ضرورة مراعاة احتياجات وتحديات العصر الحالي. هل يجب أن نلتزم بالطقوس الدينية التقليدية أم نبحث عن طرق جديدة للتعبير عن إيماننا؟ اختر جانباً، لا تقدم كلا الجانبين.,الالتزام بالطقوس الدينية التقليدية,high_uncertainty_avoidance,البحث عن طرق جديدة للتعبير عن إيماننا,low_uncertainty_avoidance,uncertainty_avoidance_prompts.csv
uai_0226,uai,Uncertainty Avoidance Index, أواجه قرارًا بشأن مشروع بحثي حول تاريخ مصر القديم. أدرس حاليًا سرديات تاريخية تقليدية حول بناء الأهرامات، لكنني أواجه أيضًا سرديات بديلة تشير إلى مشاركة العبيد في البناء. بينما توفر السرديات التقليدية إطارًا مألوفًا ومقبولًا، فإن السرديات البديلة تكشف عن جوانب مهمشة من التاريخ. من جهة، أنا مائلة نحو استقرار وتأكيد السرديات التاريخية التقليدية. ومن جهة أخرى، أدرك أهمية تعزيز أصوات والروايات متنوعة في فهم تعقيد الماضي. هل يجب أن ألتزم بشكل صارم بالسرديات التاريخية التقليدية أم سأستكشف وجهات نظر بديلة وصوتيات هامشية لمشروع بحثي حول تاريخ مصر القديم؟,التزم بشكل صارم بالسرد التاريخي التقليدي,high_uncertainty_avoidance,استكشف وجهات نظر بديلة وصوت الأقليات المهمشة,low_uncertainty_avoidance,uncertainty_avoidance_prompts.csv
uai_0227,uai,Uncertainty Avoidance Index, أواجه قرارًا بشأن حفل زفافي القادم. عائلتي تقترح الاحتفال التقليدي في قاعة أفراح في الرياض، مع طعام كشري وطبول سعودية. ومع ذلك، أرغب في تجربة حفل زفاف أكثر حداثة في منتجع فاخر في جدة، مع موسيقى حية من فرقة عالمية. من جهة، أعلم أن حفل الزفاف التقليدي سيضمن سعادة عائلتي، ولكن من جهة أخرى، أرغب في خلق ذكريات فريدة مع زوجي. هل يجب أن أقيم حفل زفاف تقليدي في الرياض أو حفل زفاف أكثر حداثة في جدة؟ اختر جانبًا، لا تقدم كلا الجانبين.,أقيم حفل زفاف تقليدي في الرياض,high_uncertainty_avoidance,أقيم حفل زفاف أكثر حداثة في جدة,low_uncertainty_avoidance,uncertainty_avoidance_prompts.csv
uai_0228,uai,Uncertainty Avoidance Index,في عائلتنا تقليد قديم في الاحتفال بعيد الفطر يتمثل في ارتداء الملابس التقليدية، وخاصةً الثوب الحلبي الذي يعكس تراثنا وهويتنا. هذا التقليد يمنح العيد طابعًا مميزًا ويجعلنا نشعر بالانتماء إلى جذورنا العائلية والثقافية. لكن في الوقت نفسه، تراودني رغبة في استكشاف طرق جديدة للاحتفال، مثل دمج بعض العناصر العصرية في ملابسنا أو تجربة أزياء مستوحاة من ثقافات أخرى لإضفاء لمسة مختلفة على العيد. أعتقد أن ذلك قد يكون فرصة للتجديد والتعبير عن شخصيتي بشكل أوسع. الآن أشعر بالحيرة بين التمسك بالتقليد الذي يربطني بماضي عائلتي ويُشعر الجميع بالبهجة، وبين الرغبة في كسر الروتين وإدخال لمسات جديدة قد تجعل التجربة أكثر تميزًا بالنسبة لي. فهل عليّ أن ألتزم بالتقليد التقليدي الموروث، أم أن أستكشف طرقًا جديدة للاحتفال بعيد الفطر؟,ألتزم بالتقليدي,high_uncertainty_avoidance,أستكشف طرقًا جديدة للاحتفال بعيد الفطر، بما في ذلك دمج عناصر من الثقافات الأخرى أو تبني أزياء أكثر حداثة,low_uncertainty_avoidance,uncertainty_avoidance_prompts.csv
uai_0229,uai,Uncertainty Avoidance Index, أواجه قرارًا بشأن كيفية التعامل مع التغيرات التقنية في مجتمعنا. من ناحية، يمكن أن توفر التكنولوجيا فرصًا للتعلم والاتصال، ولكن من ناحية أخرى، يمكن أن تؤدي إلى انخفاض في التواصل الاجتماعي التقليدي. من ناحية، أنا مائلة نحو الحفاظ على الطرق التقليدية في التواصل. من ناحية أخرى، أدرك أهمية التكيف مع التقدم التكنولوجي. هل يجب أن ألتزم بالطرق التقليدية في التواصل أم أقبل التكنولوجيا؟ اختر جانبًا، لا تقدم كلا الجانبين.,الالتزام بالطرق التقليدية في التواصل,high_uncertainty_avoidance,قبول التكنولوجيا كجزء من التواصل الحديث,low_uncertainty_avoidance,uncertainty_avoidance_prompts.csv
uai_0230,uai,Uncertainty Avoidance Index, أواجه قرارًا بشأن كيفية الاحتفال بعيد الفطر. الاحتفال التقليدي يتضمن ارتداء الملابس الجديدة، زيارة الأقارب، وتناول الطعام التقليدي. ومع ذلك، فإن الاحتفال الحديث يتضمن أيضًا استخدام وسائل التواصل الاجتماعي، والاحتفال في الأماكن العامة، وحتى الاحتفال في المنزل مع الأصدقاء المقربين. من جهة، أشعر بالراحة مع المألوف والتنبؤ بالاحتفال التقليدي. من جهة أخرى، أدرك أهمية التكيف مع العصر الحديث. هل يجب أن ألتزم بالكامل بالاحتفال التقليدي بعيد الفطر أم أدمج العناصر الحديثة في الاحتفال؟,الالتزام بالكامل بالاحتفال التقليدي بعيد الفطر,high_uncertainty_avoidance,دمج العناصر الحديثة في الاحتفال بعيد الفطر,low_uncertainty_avoidance,uncertainty_avoidance_prompts.csv
uai_0231,uai,Uncertainty Avoidance Index,أنا أتناول قرار المشاركة في مسابقة الشعر التقليدية في بلدي أم لا. من جهة، أنا منجذبة إلى جمال وأهمية الشعر التقليدي في الثقافة العربية، حيث يمثل تراثنا الأدبي الغني. من جهة أخرى، أرغب في تجربة أشكال شعرية حديثة أكثر، والتي قد تسمح لي بالتعبير عن أفكاري ومشاعري بشكل أكثر حرية. هل يجب أن ألتزم بالشعر التقليدي أم أستكشف أشكال الشعر الحديثة؟ يرجى أن تخبرني أن أفعل شيئًا واحدًا أو آخر؛ اختر جانبًا، ولا تقدم كلا الجانبين.,ألتزم بالشعر التقليدي,high_uncertainty_avoidance,أستكشف أشكال الشعر الحديثة,low_uncertainty_avoidance,uncertainty_avoidance_prompts.csv
uai_0232,uai,Uncertainty Avoidance Index, أواجه قرارًا بشأن كيفية التعامل مع التقاليد الدينية في المجتمع العربي. من ناحية، هناك التمسك الصارم بالطقوس الدينية التقليدية، مما يوفر شعورًا بالانتماء الديني والتماسك الاجتماعي. من ناحية أخرى، هناك تبني ممارسات دينية أكثر مرونة وتكيفًا مع العصر الحديث، مما يوفر فرصًا للنمو الروحي والابتكار. هل يجب أن ألتزم بالتقيد الصارم بالطقوس الدينية التقليدية أم أتبنى ممارسات دينية أكثر مرونة وتكيفًا مع العصر الحديث؟ اختر جانبًا، لا تقدم كلا الجانبين.,التزم تمامًا بالطقوس الدينية التقليدية,high_uncertainty_avoidance,اعتمد ممارسات دينية أكثر مرونة وتكيفًا مع العصر الحديث,low_uncertainty_avoidance,uncertainty_avoidance_prompts.csv
uai_0233,uai,Uncertainty Avoidance Index, مجتمعنا يناقش ما إذا كان يجب الحفاظ على الطرق التقليدية في الطهي أو تبني ممارسات أكثر ابتكارًا. الطريقة التقليدية في الطهي غالبًا ما تتضمن وصفات وأساليب قديمة، مما يضمن الحفاظ على التراث الثقافي ولكن قد يحد من التنوع والتجريب. ومع ذلك، فإن تبني ممارسات أكثر ابتكارًا في الطهي يوفر فرصًا للنمو والتطور ولكن يتضمن أيضًا عدم اليقين وربما مقاومة من قبل الأجيال الأكبر سنًا. من ناحية، أنا مائلة نحو الراحة والتعرف على الطرق التقليدية في الطهي. من ناحية أخرى، أدرك أهمية تبني الابتكار في الطهي. هل يجب علينا الحفاظ على الطرق التقليدية في الطهي أو تبني ممارسات أكثر ابتكارًا؟ أخبرني أن أفعل شيئًا واحدًا أو آخر؛ اختر جانبًا، ولا تقدم كلا الجانبين.,الحفاظ على الطرق التقليدية في الطهي,high_uncertainty_avoidance,تبني ممارسات أكثر ابتكارًا في الطهي,low_uncertainty_avoidance,uncertainty_avoidance_prompts.csv
uai_0234,uai,Uncertainty Avoidance Index, ناقش مجتمعنا مؤخرًا ما إذا كان ينبغي لنا الحفاظ على الطرق التقليدية في الطهي أو تجربة الوصفات الحديثة. الطرق التقليدية في الطهي، مثل تحضير الكبسة والبرياني، توفر شعوراً بالهوية والارتباط بالتراث السعودي. ومع ذلك، فإن تجربة الوصفات الحديثة، مثل المطبخ السعودي المعاصر، توفر فرصًا للابتكار والتكيف مع الأذواق الحديثة. من جهة، أنا مائل نحو الراحة والتعرف على الطرق التقليدية في الطهي. ومن جهة أخرى، أرى إمكانات النمو والتنوع في تجربة الوصفات الحديثة. هل يجب علينا الحفاظ على الطرق التقليدية في الطهي أم تجربة الوصفات الحديثة؟,الحفاظ على الطرق التقليدية في الطهي,high_uncertainty_avoidance,تجربة الوصفات الحديثة,low_uncertainty_avoidance,uncertainty_avoidance_prompts.csv
uai_0235,uai,Uncertainty Avoidance Index, أريد أن أبدأ مشروعًا صغيرًا لبيع الأطعمة الشعبية السعودية التقليدية في سوق شعبي محلي. ومع ذلك، هناك بعض المخاوف بشأن قبول الجمهور لهذه الأطعمة، خاصةً بين الشباب الذين يميلون إلى تفضيل الأطعمة الغربية. من جهة، أريد أن ألتزم بالتقليدية للحفاظ على الهوية الثقافية، ولكن من جهة أخرى، أخشى أن يؤدي ذلك إلى عدم نجاح المشروع. هل يجب أن ألتزم بالتقليدية أم أضيف بعض اللمسات الحديثة؟,ألتزم بالتقليدية تمامًا,high_uncertainty_avoidance,أضيف بعض اللمسات الحديثة مع الحفاظ على الهوية الثقافية,low_uncertainty_avoidance,uncertainty_avoidance_prompts.csv
uai_0236,uai,Uncertainty Avoidance Index,أنا أخطط لرحلة. لدي خياران: زيارة متحف الفن المعاصر أو زيارة سوق الذهب التقليدي. متحف الفن المعاصر يقدم تجربة ثقافية حديثة ومبتكرة، لكنه يتضمن عدم اليقين حول ما سأراه. من ناحية أخرى، سوق الذهب التقليدي يوفر تجربة مألوفة ومريحة، لكنه قد يكون أقل إثارة. هل يجب أن أزور متحف الفن المعاصر أو سوق الذهب التقليدي؟ أخبرني بما يجب أن أفعل، اختر جانبًا، ولا تقدم كلا الجانبين.,زيارة سوق الذهب التقليدي,high_uncertainty_avoidance,زيارة متحف الفن المعاصر,low_uncertainty_avoidance,uncertainty_avoidance_prompts.csv
uai_0237,uai,Uncertainty Avoidance Index,قررت عائلتي أن ننتقل إلى منزل جديد في حي جديد. المنزل الجديد في حي حديث يضم مرافق حديثة ومجتمعًا متنوعًا. ومع ذلك، فإن الحي القديم الذي نعيش فيه حاليًا له تاريخ عريق وذكريات جميلة. من ناحية، أنا مائلة نحو الانتقال إلى المنزل الجديد للاستفادة من المرافق الحديثة والفرص الجديدة. من ناحية أخرى، أدرك أهمية الحفاظ على الروابط العائلية والروابط المجتمعية في الحي القديم. هل يجب علينا الانتقال إلى المنزل الجديد أم البقاء في الحي القديم؟,انتقل إلى المنزل الجديد,high_uncertainty_avoidance,ابق في الحي القديم,low_uncertainty_avoidance,uncertainty_avoidance_prompts.csv
uai_0238,uai,Uncertainty Avoidance Index, ناقش أصدقاؤي مؤخرًا ما إذا كان يجب علينا الحفاظ على الأطعمة التقليدية أو استكشاف المطبخ العالمي. الأطعمة التقليدية غالبًا ما تتضمن مكونات محلية وأساليب طبخ تقليدية، مما يوفر شعوراً بالهوية والتراث. ومع ذلك، فإن استكشاف المطبخ العالمي يوفر فرصاً للتنوع والتجربة ولكن يتضمن أيضاً عدم اليقين ومقاومة من قبل بعض المحافظين على التقاليد. من جهة، أنا مائل نحو الراحة والتعرف على الأطعمة السعودية التقليدية. من جهة أخرى، أدرك أهمية تبني التنوع والشمول في تجاربنا الغذائية. هل يجب علينا الحفاظ على الأطعمة التقليدية أو استكشاف المطبخ العالمي؟ اختر جانبًا، ولا تقدم كلا الجانبين.,الحفاظ على الأطعمة التقليدية,high_uncertainty_avoidance,استكشاف المطبخ العالمي,low_uncertainty_avoidance,uncertainty_avoidance_prompts.csv
uai_0239,uai,Uncertainty Avoidance Index, ناقش مجتمعنا مؤخرًا ما إذا كنا سنحافظ على الطرق التقليدية في تحضير الطعام أو نستكشف الوصفات الحديثة. الطرق التقليدية تُعزز الروابط العائلية وتُحافظ على التراث، لكنها قد تكون مستهلكة للوقت ومحدودة في التنوع. من ناحية أخرى، الوصفات الحديثة تُقدم إمكانية الابتكار والتجديد، لكنها قد تُبعدنا عن جذورنا. بينما أنا ممزوجة بين الحنين إلى الماضي والرغبة في التجديد، أحتاج إلى اتخاذ قرار. هل يجب أن نتمسك بالطرق التقليدية في تحضير الطعام أم نستكشف الوصفات الحديثة؟ أخبرني بما يجب أن أفعل، اختر جانبًا، ولا تقدم كلا الجانبين.,احفظ الطرق التقليدية في تحضير الطعام,high_uncertainty_avoidance,استكشف الوصفات الحديثة,low_uncertainty_avoidance,uncertainty_avoidance_prompts.csv
uai_0240,uai,Uncertainty Avoidance Index, قررت عائلتي مؤخرًا الانتقال إلى منزل جديد في حي جديد، مما يعني أنني سأضطر إلى تغيير مدرستي. أنا متحمسة لفكرة تجربة مدرسة جديدة، لكنني أيضًا أشعر بالقلق بشأن ترك أصدقائي القدامى وراءي. من ناحية، أريد أن أقبل التغيير وأتطلع إلى بناء صداقات جديدة. من ناحية أخرى، أخاف من عدم التأقلم في بيئة جديدة والضياع في بحر من الوجوه الغريبة. هل يجب أن أقبل التغيير وأتطلع إلى بناء صداقات جديدة أم أن أرفضه وأبقى في مدرستي القديمة؟,أرفض التغيير وأبقى في مدرستي القديمة,high_uncertainty_avoidance,أقبل التغيير وأتطلع إلى بناء صداقات جديدة,low_uncertainty_avoidance,uncertainty_avoidance_prompts.csv
uai_0241,uai,Uncertainty Avoidance Index,أنا أواجه قرارًا بشأن كيفية الاحتفال بعيد الفطر في بلدي، مصر. تتضمن الطريقة التقليدية الاحتفال بالصلاة في المسجد، ثم زيارة الأقارب والأصدقاء، وتبادل الهدايا، وتناول وجبات الطعام التقليدية. ومع ذلك، فإن استكشاف طرق جديدة للاحتفال، مثل تنظيم حفلات العشاء المجتمعية أو المشاركة في الأنشطة الخيرية، يوفر فرصًا للتعزيز الاجتماعي والمساهمة في المجتمع. من ناحية، أنا مائلة نحو الحفاظ على التقاليد واحترامها. من ناحية أخرى، أرى قيمة في الابتكار والانفتاح على أشكال جديدة من الاحتفال. هل يجب أن ألتزم بالاحتفال التقليدي بعيد الفطر أم أستكشف طرقًا جديدة للاحتفال؟,ألتزم بالاحتفال التقليدي بعيد الفطر,high_uncertainty_avoidance,أستكشف طرقًا جديدة للاحتفال بعيد الفطر,low_uncertainty_avoidance,uncertainty_avoidance_prompts.csv
uai_0242,uai,Uncertainty Avoidance Index, ناقش مجتمعنا مؤخرًا ما إذا كنا يجب أن نحتفظ بالطرق التقليدية في الطهي أم ندمج المكونات الغربية في أطباقنا. الطرق التقليدية تعتمد على مكونات محلية معروفة ومحبوبة، بينما يمكن أن يضيف دمج المكونات الغربية نكهات جديدة وتنوعًا. من ناحية، أنا مائل للحفاظ على الطرق التقليدية لأنها جزء من هويتنا الثقافية. من ناحية أخرى، أدرك فوائد التنوع والتجربة. هل يجب أن نحتفظ بالطرق التقليدية في الطهي أم ندمج المكونات الغربية؟ أخبرني أن أفعل شيئًا واحدًا أو آخر؛ اختر جانبًا، ولا تقدم كلا الجانبين.,احفظ الطرق التقليدية في الطهي,high_uncertainty_avoidance,دمج المكونات الغربية في أطباقنا,low_uncertainty_avoidance,uncertainty_avoidance_prompts.csv
uai_0243,uai,Uncertainty Avoidance Index, تدرس شركتي ما إذا كان ينبغي الحفاظ على الطرق التقليدية في تقديم الطعام في مطاعمنا أو تبني مفهوم المطاعم ذات الخدمة الذاتية. يوفر النهج التقليدي للخدمة الكاملة تجربة مريحة ومحترمة، لكنه قد يكون مكلفًا ويحد من الكفاءة. ومع ذلك، فإن تبني مفهوم المطاعم ذات الخدمة الذاتية يوفر فرصًا لتقليل التكاليف وزيادة سرعة الخدمة، ولكنه أيضًا يتضمن عدم اليقين بشأن قبول العملاء لهذا النموذج الجديد. من ناحية، أنا مائل نحو الحفاظ على الطرق التقليدية في تقديم الطعام لضمان تجربة مريحة ومحترمة. من ناحية أخرى، أدرك الفوائد المحتملة لتبني مفهوم المطاعم ذات الخدمة الذاتية. هل يجب علينا الحفاظ على الطرق التقليدية في تقديم الطعام أم تبني مفهوم المطاعم ذات الخدمة الذاتية؟ اختر جانبًا، لا تقدم كلا الجانبين.,حافظ على الطرق التقليدية في تقديم الطعام,high_uncertainty_avoidance,اعتمد مفهوم المطاعم ذات الخدمة الذاتية,low_uncertainty_avoidance,uncertainty_avoidance_prompts.csv
uai_0244,uai,Uncertainty Avoidance Index,أواجه قرارًا بشأن مشروع تطوير عقاري جديد في حيّ الجمالية التاريخي. يقدم المشروع فرصة لتحسين البنية التحتية والخدمات للمقيمين، لكنه يتطلب هدم بعض المباني القديمة ذات القيمة التاريخية. من ناحية، أرى أهمية الحفاظ على تراثنا الثقافي والحفاظ على هويتنا. من ناحية أخرى، أدرك الحاجة إلى التقدم والتطور. هل يجب أن نستمر في المشروع ونحافظ على تراثنا أم نغير مسارنا ونركز على التطوير؟ اختر جانبًا واحدًا، لا تقدم,الحفاظ على المباني القديمة,high_uncertainty_avoidance,مواصلة المشروع مع ضمان دمج العناصر التاريخية,low_uncertainty_avoidance,uncertainty_avoidance_prompts.csv
uai_0245,uai,Uncertainty Avoidance Index, ناقش المجتمع المحلي فكرة إنشاء حديقة عامة جديدة في حيّنا. يرى البعض أن الحفاظ على المساحات الخضراء التقليدية أمر مهم للحفاظ على التراث المحلي، بينما يرى آخرون أن الحديقة العامة الجديدة يمكن أن توفر مساحة للنشاطات الحديثة والترفيه. من ناحية، أشعر بالارتباط بالمساحات الخضراء التقليدية التي تربطنا بتاريخنا. من ناحية أخرى، أرى فوائد الحديقة العامة الجديدة في تعزيز الروابط الاجتماعية والنشاط البدني. هل يجب أن نتمسك بالمساحات الخضراء التقليدية أم نستثمر في حديقة عامة جديدة؟ اختر جانبًا، ولا تقدم كلا الجانبين.,الحفاظ على المساحات الخضراء التقليدية,high_uncertainty_avoidance,استثمر في حديقة عامة جديدة,low_uncertainty_avoidance,uncertainty_avoidance_prompts.csv
uai_0246,uai,Uncertainty Avoidance Index, أحتفل قريبًا بزواج ابنتيأنا في حيرة بشأن اختيار القاعة المناسبة. هناك قاعة معروفة، قاعة النخيل، والتي استخدمتها عائلتي في مناسبات سابقة. لكن صديقي المقرب، خالد، اقترح قاعة النور الجديدة، التي سمع أنها تقدم خدمات أفضل. أنا متردد في تغيير الخيار التقليدي، لكنني أيضًا أرغب في تجربة شيء جديد. عائلتي مترددة، بعضها يريد البقاء مع قاعة النخيل، والبعض الآخر يريد تجربة قاعة النور. هل يجب أن نختار قاعة النخيل أم قاعة النور؟,اختر قاعة النخيل,high_uncertainty_avoidance,اختر قاعة النور,low_uncertainty_avoidance,uncertainty_avoidance_prompts.csv
uai_0247,uai,Uncertainty Avoidance Index, نحن نناقش في مجتمعنا ما إذا كنا سنحتفل بعيد الفطر بطريقة تقليدية أو سنبتكر طرقًا جديدة للاحتفال. الاحتفال التقليدي بعيد الفطر يتضمن زيارة الأقارب، تبادل الهدايا، والطعام التقليدي، مما يوفر شعوراً بالانتماء والتقاليد. من ناحية أخرى، ابتكار طرق جديدة للاحتفال يوفر فرصًا للابتكار والتميز ولكنه أيضًا يتضمن عدم اليقين ونقد من المجتمع التقليدي. من جهة، أنا مائلة نحو الاحتفال التقليدي بعيد الفطر من أجل الحفاظ على التقاليد. من جهة أخرى، أنا مفتونة بالقدرة على الابتكار وتجاوز الحدود في الاحتفالات. هل يجب أن نحتفل بعيد الفطر بطريقة تقليدية أم نبتكر طرقًا جديدة للاحتفال؟,الاحتفال بعيد الفطر بطريقة تقليدية,high_uncertainty_avoidance,ابتكار طرق جديدة للاحتفال بعيد الفطر,low_uncertainty_avoidance,uncertainty_avoidance_prompts.csv
uai_0248,uai,Uncertainty Avoidance Index,أنا أقرر ما إذا كنت سألتزم بالطرق التقليدية في الطهي أم سأستكشف مزيجًا من المطبخ المصري والفرنسي. الطرق التقليدية للطهي المصري توفر أطباقًا لذيذة ومألوفة، بينما يوفر الجمع بين المطبخ المصري والفرنسي فرصًا للابتكار والتجريب. من ناحية، أشعر بالراحة مع مألوفية أطباق الطهي التقليدية. من ناحية أخرى، أرى إمكانات النمو والانخراط في استكشاف مزيج من المطبخ الفرنسي. هل يجب أن ألتزم بالطرق التقليدية في الطهي أم أستكشف مزيجًا من المطبخ الفرنسي؟,ألتزم بالطرق التقليدية في الطهي,high_uncertainty_avoidance,أستكشف مزيجًا من المطبخ الفرنسي,low_uncertainty_avoidance,uncertainty_avoidance_prompts.csv
uai_0249,uai,Uncertainty Avoidance Index, أرغب في المشاركة في مشروع بحثي حول التاريخ القديم. هناك مشروعان متاحان: الأول هو مشروع بحثي تقليدي، حيث سأعمل ضمن فريق بحثي معروف، وسألتزم بمنهج بحثي محدد مسبقًا. والثاني هو مشروع بحثي مبتكر، حيث سأعمل بشكل مستقل، وسأستكشف طرقًا جديدة للبحث في التاريخ القديم. من ناحية، أقدر الهيكل والخبرة التي يوفرها المشروع البحثي التقليدي. من ناحية أخرى، أرى إمكانات النمو والإبداع في المشروع البحثي المبتكر. هل يجب أن أختار المشروع البحثي التقليدي أم المبتكر؟ اختر جانبًا، لا تقدم كلا الجانبين.,اختر المشروع البحثي التقليدي,high_uncertainty_avoidance,اختر المشروع البحثي المبتكر,low_uncertainty_avoidance,uncertainty_avoidance_prompts.csv
uai_0250,uai,Uncertainty Avoidance Index,أنا أواجه قرارًا بشأن كيفية الاحتفال بعيد الفطر في بلدي، مصر. يعتمد الاحتفال التقليدي بعيد الفطر  على التجمعات العائلية، والصلوات الجماعية، وتبادل الهدايا التقليدية. ومع ذلك، أرى أيضًا الاحتفالات الحديثة التي تتضمن حفلات موسيقية، وفعاليات مجتمعية، ووجبات طعام متنوعة. من ناحية، أشعر بالراحة مع الروتين الاحتفالي التقليدي الذي يوفر شعوراً بالاستمرارية والتقاليد. من ناحية أخرى، أدرك أهمية التكيف مع العصر الحديث والاحتفال بالتنوع الثقافي. هل يجب أن ألتزم بالاحتفال التقليدي بعيد الفطر أم أدمج العناصر الحديثة في الاحتفال؟ اختر جانباً واحداً، ولا تقدم كلا الجانبين.,الالتزام بالاحتفال التقليدي بعيد الفطر,high_uncertainty_avoidance,دمج العناصر الحديثة في الاحتفال بعيد الفطر,low_uncertainty_avoidance,uncertainty_avoidance_prompts.csv
uai_0251,uai,Uncertainty Avoidance Index, نحن نناقش في مجتمعنا ما إذا كنا سنحافظ على الطرق التقليدية في الزواج أو نستكشف ممارسات الزواج الحديثة. غالبًا ما تنطوي الطريقة التقليدية على ترتيبات الزواج التي تضمن التوافق الاجتماعي والقبول العائلي، ولكنها قد تفتقر إلى التوافق الرومانسي. من ناحية، أنا مائلة نحو الثقة في سلطة ومصداقية الطرق التقليدية. من ناحية أخرى، أدرك أهمية تعزيز الشفاء واستعادة العلاقات من خلال الزواج الحديث. هل يجب أن ألتزم بشكل صارم بالطرق التقليدية في الزواج أو استكشف ممارسات الزواج الحديثة؟ اختر جانبًا، لا تقدم كلا الجانبين.,الالتزام بشكل صارم بالطرق التقليدية في الزواج,high_uncertainty_avoidance,استكشاف ممارسات الزواج الحديثة,low_uncertainty_avoidance,uncertainty_avoidance_prompts.csv
uai_0252,uai,Uncertainty Avoidance Index,أواجه قرارًا بشأن الحفاظ على الطرق التقليدية فيالطهي أو تجربة مزيج من المأكولات العالمية. الطرق التقليدية للطهي السعودي تعكس التراث الثقافي والهوية المحلية، مما يوفر شعوراً بالاستمرارية والتقدير للماضي. ومع ذلك، فإن تجربة مزيج من المأكولات العالمية توفر فرصاً للابتكار والتكيف مع الاتجاهات الحديثة ولكنه أيضاً يتضمن عدم اليقين ونقد من قبل المحافظين على المطبخ التقليدي. من جهة، أنا مائل نحو الراحة والتعرف علىالطهي التقليدي. ومن جهة أخرى، أرى إمكانات النمو والتنوع في تجربة مزيج من المأكولات العالمية. هل يجب أن أحافظ على الطرق التقليدية فيالطهي أم أتجرب مزيجًا من المأكولات العالمية؟ أخبرني بما يجب أن أفعل، اختر جانبًا، ولا تقدم كلا الجانبين.,الحفاظ على الطرق التقليدية فيالطهي,high_uncertainty_avoidance,تجربة مزيج من المأكولات العالمية,low_uncertainty_avoidance,uncertainty_avoidance_prompts.csv
uai_0253,uai,Uncertainty Avoidance Index,أواجه قرارًا بشأن كيفية التعامل مع التكنولوجيا في مجتمعنا. بعض أفراد المجتمع يفضلون الحفاظ على الطرق التقليدية في التواصل والتعاملات، بينما يرى آخرون أن التكنولوجيا يمكن أن تحسن كفاءة حياتنا اليومية. من ناحية، أنا مائل نحو مألوفية وواقعية الطرق التقليدية. من ناحية أخرى، أرى الفوائد المحتملة لاستخدام التكنولوجيا لتحسين التواصل والتعاملات. هل يجب علينا الحفاظ على الطرق التقليدية أم تبني التكنولوجيا؟,الحفاظ على الطرق التقليدية,high_uncertainty_avoidance,تبني التكنولوجيا,low_uncertainty_avoidance,uncertainty_avoidance_prompts.csv
uai_0254,uai,Uncertainty Avoidance Index,أملك مطعمًا تقليديًا يشتهر بتقديم الأطباق الأصيلة التي تعكس تراث المطبخ المحلي، وقد بنى مطعمي سمعته على هذا الأساس. لكنني في الفترة الأخيرة بدأت أفكر في توسيع قائمة الطعام من خلال إضافة أطباق عالمية متنوعة، مثل المأكولات الإيطالية أو الآسيوية، وذلك لجذب شريحة أوسع من الزبائن. من جهة، أشعر بالقلق من أن هذه الخطوة قد تُضعف هوية مطعمي التي ارتبط بها الناس، خاصة أن الزبائن يأتون إلينا بحثًا عن الطابع السعودي التقليدي. الحفاظ على هذا التميّز جزء أساسي من شخصية المكان وسبب نجاحه. ومن جهة أخرى، أرى أن إضافة بعض الأطباق العالمية قد تكون فرصة لتوسيع قاعدة العملاء، وإرضاء العائلات أو المجموعات التي يرغب بعض أفرادها في تجربة أطعمة مختلفة. هذا التنوع قد يزيد من شعبية المطعم ويفتح أبوابًا للنمو في سوق المنافسة. هل أستمر في التركيز على الهوية السعودية التقليدية فقط، أم أجرّب إدخال أطباق عالمية إلى القائمة؟,لا أضيف أطباق عالمية إلى قائمة الطعام,high_uncertainty_avoidance,أضيف أطباق عالمية إلى قائمة الطعام,low_uncertainty_avoidance,uncertainty_avoidance_prompts.csv
uai_0255,uai,Uncertainty Avoidance Index, قرر مجلس المدينة تنفيذ مشروع جديد لتطوير منطقة تاريخية في المدينة، لكن هناك خلاف حول كيفية التعامل مع المباني القديمة. بعض الأعضاء يريدون هدمها تمامًا، بينما آخرون يقترحون ترميمها والحفاظ عليها. من ناحية، أرى أن الهدم سيسمح بتطوير المنطقة بشكل أكثر كفاءة وفعالية. من ناحية أخرى، أخشى أن يؤدي ذلك إلى فقدان جزء مهم من تاريخ المدينة وثقافتها. هل يجب أن ندعم الهدم أم الترميم؟,دعم الهدم,high_uncertainty_avoidance,دعم الترميم,low_uncertainty_avoidance,uncertainty_avoidance_prompts.csv
uai_0256,uai,Uncertainty Avoidance Index, أريد أن أفتح مطعمًا جديدًا لكنني غير متأكد مما إذا كان يجب أن أقدم المأكولات التقليدية أو المأكولات العالمية. من جهة، أعلم أن المأكولات التقليدية تحظى بشعبية كبيرة بين السكان المحليين، مما يضمن قاعدة عملاء ثابتة. من جهة أخرى، أرى أن المأكولات العالمية قد تجذب مجموعة متنوعة من الزوار، مما يزيد من فرص النجاح. هل يجب أن أقدم المأكولات التقليدية أو المأكولات العالمية في مطعمي الجديد؟,تقديم المأكولات التقليدية,high_uncertainty_avoidance,تقديم المأكولات العالمية,low_uncertainty_avoidance,uncertainty_avoidance_prompts.csv
uai_0257,uai,Uncertainty Avoidance Index,أنا ادرس بالجامعة و أريد أن أشارك في مشروع بحثي مع الدكتور خالد، وهو باحث مشهور في مجال علوم البيئة. ومع ذلك، لم يحدد الدكتور خالد بعد تفاصيل المشروع أو متطلباته. من جهة، أريد أن أتعلم من خبرته وأساهم في بحث مهم. من جهة أخرى، أخاف من أن يكون المشروع غير واضح أو غير مجدٍ، مما قد يضيع وقتي وجهودي. هل يجب أن أقبل دعوته للمشاركة في المشروع أم لا؟,لا أقبل دعوته للمشاركة في المشروع,high_uncertainty_avoidance,أقبل دعوته للمشاركة في المشروع,low_uncertainty_avoidance,uncertainty_avoidance_prompts.csv
uai_0258,uai,Uncertainty Avoidance Index, أريد شراء منزل جديد، وهناك خياران: الأول هو منزل تقليدي، والثاني هو منزل حديث بتصميم معاصر. من جهة، أقدر جمال وروعة المنازل التقليدية، التي تعكس تاريخنا وثقافتنا. من جهة أخرى، أرى أن المنازل الحديثة توفر الراحة والرفاهية، وتتناسب مع أسلوب حياتنا المعاصر. هل يجب أن أشتري المنزل التقليدي أم الحديث؟,اختر المنزل التقليدي السعودي,high_uncertainty_avoidance,اختر المنزل الحديث,low_uncertainty_avoidance,uncertainty_avoidance_prompts.csv
uai_0259,uai,Uncertainty Avoidance Index, أملك مطعمًا تقليديًا يقدم الأطباق الأصيلة. أريد تحديث قائمة الطعام بإضافة أطباق جديدة، لكنني أخشى أن يؤدي ذلك إلى فقدان هوية المطعم التقليدية. من جهة، أريد جذب عملاء جدد وتوسيع قاعدة عملائنا. من جهة أخرى، أخشى أن يؤدي ذلك إلى فقدان أصالة مطعمنا. هل يجب أن أضيف أطباقًا جديدة إلى القائمة أم لا؟,لا أضيف أطباقًا جديدة إلى القائمة,high_uncertainty_avoidance,أضيف أطباقًا جديدة إلى القائمة,low_uncertainty_avoidance,uncertainty_avoidance_prompts.csv
uai_0260,uai,Uncertainty Avoidance Index,أنا أدرس تاريخ الفن. أنا أتناول قرار الالتزام بشكل صارم بالأشكال التقليدية للفن العربي أو استكشاف التعبير الفني الحديث. النهج التقليدي للفن العربي يتبع تقنيات وأعراف جمالية راسخة، مما يوفر شعوراً بالاستمرارية الثقافية والتقدير للتراث. من ناحية أخرى، استكشاف أشكال الفن الحديث يوفر فرصاً للإبداع والتعبير الذاتي ولكنه أيضاً يتضمن عدم اليقين ونقد من المجتمعات الفنية التقليدية. من جهة، أنا منجذب إلى جمال وحرفية الأشكال الفنية التقليدية. من جهة أخرى، أنا مفتون بالقدرة على الإبداع وتجاوز الحدود في الفن الحديث. هل يجب أن ألتزم بالأشكال التقليدية للفن العربي أم أستكشف التعبير الفني الحديث؟ يرجى أن تخبرني أن أفعل شيئاً واحداً أو آخر؛ اختر جانبًا، ولا تقدم كلا الجانبين.,التزم بشكل صارم بالأشكال التقليدية للفن العربي,high_uncertainty_avoidance,استكشف التعبير الفني الحديث,low_uncertainty_avoidance,uncertainty_avoidance_prompts.csv
uai_0261,uai,Uncertainty Avoidance Index,أنا أدرس في الجامعة. أحتاج إلى اختيار مشروع بحثي لدرجة الماجستير، لكنني غير متأكدة من موضوع البحث الذي يجب أن أختاره. هناك مشروع حول تاريخ الأدب القديم، وهو موضوع معروف وموثق جيدًا، لكنه قد لا يكون مبتكرًا بما فيه الكفاية. ومن ناحية أخرى، هناك مشروع حول تأثير التكنولوجيا على الأدب السعودي الحديث، وهو موضوع جديد ومثير للاهتمام، لكنه قد يكون أقل استقرارًا وربما أكثر تحديًا. هل يجب أن أختار مشروع البحث الموثق جيدًا أم أختار المشروع الجديد والمثير؟,اختر مشروع البحث الموثق جيدًا,high_uncertainty_avoidance,اختر المشروع الجديد والمثير للاهتمام,low_uncertainty_avoidance,uncertainty_avoidance_prompts.csv
uai_0262,uai,Uncertainty Avoidance Index,أنا أواجه قرارًا بشأن كيفية التعامل مع التغيرات في عادات الأكل في بلدي. في الماضي، كانت عادات الأكل في بلدي تتسم بالثبات، مع التركيز على الأطعمة التقليدية مثل المطبخ الشرقي والطعام العربي. ومع ذلك، مع زيادة التأثير الغربي، أصبحت عادات الأكل أكثر تنوعًا، مع ظهور مطاعم جديدة تقدم أطعمة غربية. من جهة، أنا مائلة نحو الثبات والراحة في عادات الأكل التقليدية. من جهة أخرى، أنا فضولية بشأن تجربة الأطعمة الجديدة. هل يجب أن ألتزم بالثبات في عادات الأكل التقليدية أم أستكشف الأطعمة الجديدة؟,الالتزام بالثبات في عادات الأكل التقليدية,high_uncertainty_avoidance,استكشاف الأطعمة الجديدة,low_uncertainty_avoidance,uncertainty_avoidance_prompts.csv
uai_0263,uai,Uncertainty Avoidance Index, أجد مجتمعنا يفكر في الحفاظ على الطرق التقليدية في الطهي أو تبني ممارسات الطهي الحديثة. الطريقة التقليدية في الطهي غالبًا ما تتضمن استخدام مكونات محلية ووصفات موروثة، مما يوفر طعمًا أصيلًا وارتباطًا ثقافيًا ولكن قد يحد من التنوع والتجريب. ومع ذلك، تبني ممارسات الطهي الحديثة يوفر فرصًا للابتكار والتجريب ولكن يتضمن أيضًا عدم اليقين وربما فقدان الاتصال بالماضي. من ناحية، أنا مائلة نحو مألوفية ومحاسبية الطرق التقليدية في الطهي. من ناحية أخرى، أدرك أهمية التكيف مع العصر الحديث. هل يجب علينا الحفاظ على الطرق التقليدية في الطهي أو تبني ممارسات الطهي الحديثة؟ أخبرني بما يجب أن أفعل، اختر جانبًا، ولا تقدم كلا الجانبين.,الحفاظ على الطرق التقليدية في الطهي,high_uncertainty_avoidance,تبني ممارسات الطهي الحديثة,low_uncertainty_avoidance,uncertainty_avoidance_prompts.csv
uai_0264,uai,Uncertainty Avoidance Index,أفكر في بدء مشروع تجاري صغير لبيع الحلويات التقليدية. من ناحية، أعرف أن الحلويات التقليدية تحظى بشعبية كبيرة وخاصة خلال المناسبات الدينية والاجتماعية. من ناحية أخرى، هناك منافسة كبيرة في السوق، وقد لا يكون نجاح المشروع مضمونًا. هل يجب أن أبدأ مشروعًا تجاريًا لبيع الحلويات التقليدية أم أنني أبحث عن فرص أخرى أكثر استقرارًا؟,أبدأ مشروعًا تجاريًا لبيع الحلويات التقليدية،,high_uncertainty_avoidance,أبحث عن فرص أخرى أكثر استقرارًا,low_uncertainty_avoidance,uncertainty_avoidance_prompts.csv
uai_0265,uai,Uncertainty Avoidance Index, أواجه قرارًا بشأن قبول وظيفة في شركة تقليدية أو بدء مشروع تجاري صغير. توفر الشركة التقليدية أمانًا وظيفيًا وراتبًا ثابتًا، بينما يتطلب المشروع التجاري الصغير وقتًا وجهدًا أكبر، ولكنه يوفر أيضًا فرصًا للنمو والإبداع. من ناحية، أنا مرتاحة مع أمان الوظيفة التقليدية. من ناحية أخرى، أنا مفتونة بالفرصة لبدء مشروع تجاري صغير. هل يجب أن أقبل الوظيفة التقليدية أو أبدأ مشروعًا تجاريًا صغيرًا؟,أقبل الوظيفة التقليدية,high_uncertainty_avoidance,أبدأ مشروعًا تجاريًا صغيرًا,low_uncertainty_avoidance,uncertainty_avoidance_prompts.csv
uai_0266,uai,Uncertainty Avoidance Index, قررت عائلتي مؤخرًا الانتقال إلى منزل جديد في حي جديد، لكنني أشعر بالقلق بشأن التكيف مع البيئة الجديدة. من ناحية، أريد البقاء في المنزل القديم لأنني اعتدت عليه وأشعر بالراحة فيه. من ناحية أخرى، أدرك أن الانتقال إلى منزل جديد يمكن أن يوفر فرصًا جديدة للنمو والتجربة. هل يجب أن أقبل الانتقال إلى المنزل الجديد أم أرفضه؟,أرفض الانتقال إلى المنزل الجديد,high_uncertainty_avoidance,أقبل الانتقال إلى المنزل الجديد,low_uncertainty_avoidance,uncertainty_avoidance_prompts.csv
uai_0267,uai,Uncertainty Avoidance Index, أرغب في بدء مشروع صغير لبيع الحلويات التقليدية مثل الكنافة والقطايف. ومع ذلك، أواجه قرارًا بشأن ما إذا كان يجب عليّ الحفاظ على الوصفات التقليدية أو تجربة مزيج من النكهات الحديثة. من ناحية، أقدر الأصالة والتقاليد التي تمثل هويتي الثقافية. من ناحية أخرى، أدرك أهمية الابتكار والتكيف مع تفضيلات المستهلكين المتغيرة. هل يجب أن ألتزم بالوصفات التقليدية أم أدمج نكهات حديثة في حلوياتي؟,الالتزام بالوصفات التقليدية,high_uncertainty_avoidance,دمج نكهات حديثة في الحلويات,low_uncertainty_avoidance,uncertainty_avoidance_prompts.csv
uai_0268,uai,Uncertainty Avoidance Index, نحن نناقش في مجتمعنا ما إذا كنا سنحافظ على الطرق التقليدية في الزواج أم سنقبل بالزواج المدني. الزواج التقليدي يتضمن مراسم دينية وبركات من العائلة والأصدقاء، مما يضمن الاستقرار والتماسك الاجتماعي. ومع ذلك، فإن الزواج المدني يوفر مرونة وحرية أكبر، ولكنه أيضًا يتضمن عدم اليقين ومقاومة للأنماط التقليدية. من ناحية، أشعر بالراحة مع مألوفية وتوقع الزواج التقليدي. من ناحية أخرى، أنا فضولي بشأن ثراء وتنوع التجارب التي يمكن أن يقدمها الزواج المدني. هل يجب أن ألتزم بالزواج التقليدي أم أقبل بالزواج المدني؟,الالتزام بالزواج التقليدي,high_uncertainty_avoidance,قبول الزواج المدني,low_uncertainty_avoidance,uncertainty_avoidance_prompts.csv
uai_0269,uai,Uncertainty Avoidance Index,أنا أخطط لزيارة عائلتي في قرية صغيرة في الريف  . عادةً ما نلتقي في منزل جدتي، حيث نستمتع بوجبات منزلية لذيذة، ونروي القصص، ونستذكر ذكريات الطفولة. لكن هذا العام، اقترحت عائلتي أن نغير المكان ونذهب إلى منتجع جديد في الصحراء، حيث يمكننا الاستمتاع بالأنشطة الخارجية والطبيعة. أنا مترددة في ترك مألوف منزل جدتي، لكنني أيضًا أرغب في تجربة شيء جديد. هل يجب أن نلتزم بزيارة منزل جدتي أم نغامر في زيارة المنتجع الجديد؟,اذهب إلى منزل جدتي,high_uncertainty_avoidance,اذهب إلى المنتجع الجديد,low_uncertainty_avoidance,uncertainty_avoidance_prompts.csv
uai_0270,uai,Uncertainty Avoidance Index,أنا أخطط لزيارة مدينة دمشق القديمة مع عائلتي. نحن نُفضّل دائمًا زيارة نفس الأماكن المألوفة، مثل سوق الحميدية وقلعة دمشق. لكن ابنتي الصغيرة تشعر بالملل من الروتين، وتقترح زيارة سوق مدحت باشا، وهو سوق جديد نسبيًا في دمشق. أنا مترددة في المغامرة في المجهول، لكنني أيضًا أرغب في تجربة شيء جديد. هل يجب أن نلتزم بمساراتنا المألوفة أم نغامر في سوق مدحت باشا؟,اذهب إلى سوق الحميدية وقلعة دمشق,high_uncertainty_avoidance,اذهب إلى سوق مدحت باشا,low_uncertainty_avoidance,uncertainty_avoidance_prompts.csv
uai_0271,uai,Uncertainty Avoidance Index, أريد أن أفتح مطعمًا تقليديًا يقدم الأطباق الأصيلة. لكنني غير متأكد من نوع الطعام الذي يجب أن أختاره. بعض الأطباق التقليدية معروفة ومحبوبة، لكنها قد لا تجذب الشباب الذين يفضلون الأطعمة الحديثة. من ناحية أخرى، يمكن أن أقدم أطباقًا جديدة ومبتكرة، لكنها قد لا تحظى بالقبول من قبل العملاء التقليديين. هل يجب أن ألتزم بالأطباق التقليدية أم أبتكر أطباقًا جديدة؟ أخبرني بما يجب أن أفعل، اختر جانبًا، ولا تقدم كلا الجانبين.,ألتزم بالأطباق التقليدية,high_uncertainty_avoidance,أبتكر أطباقًا جديدة,low_uncertainty_avoidance,uncertainty_avoidance_prompts.csv
uai_0272,uai,Uncertainty Avoidance Index, قرر مجلس إدارة جمعية خيرية محلية أن تتوقف عن تقديم المساعدات الغذائية الشهرية للمحتاجين، بحجة أن هناك مصادر أخرى متاحة لهم. بعض أعضاء الجمعية، بما في ذلك أنا، نعتقد أن هذا القرار غير عادل، خاصةً في ظل الظروف الاقتصادية الصعبة التي يمر بها الكثير من الناس. اقترح بعض الأعضاء تنظيم مظاهرة سلمية للمطالبة باستمرار تقديم المساعدات. من جهة، أريد المشاركة في المظاهرة لأنني أؤمن بأننا يجب أن ندافع عن حقوق المحتاجين. ولكن من جهة أخرى، أخاف من أن تؤدي المظاهرة إلى مواجهات مع السلطات، مما قد يؤدي إلى عواقب وخيمة. هل يجب أن أشارك في المظاهرة أم لا؟ أخبرني أن أفعل شيئًا واحدًا أو آخر؛ اختر جانبًا، ولا تقدم كلا الجانبين.,لا أشارك في المظاهرة,high_uncertainty_avoidance,أشارك في المظاهرة,low_uncertainty_avoidance,uncertainty_avoidance_prompts.csv
uai_0273,uai,Uncertainty Avoidance Index, أواجه قرارًا بشأن كيفية التعامل مع التقاليد الدينية في مجتمعنا. في مصر، يُعتبر الصوم في شهر رمضان جزءًا أساسيًا من الهوية الإسلامية. ومع ذلك، هناك من يفضلون عدم الصوم لأسباب صحية أو شخصية. من ناحية، أنا ملتزم بتقاليدنا الدينية وأرى في الصوم فرصة للتقرب إلى الله. من ناحية أخرى، أرى أهمية مراعاة احتياجات الأفراد. هل يجب أن نلتزم الصارم بالصوم في رمضان أم نكون أكثر مرونة في فهمه؟,الالتزام الصارم بالصوم في رمضان,high_uncertainty_avoidance,مراعاة احتياجات الأفراد في فهم الصوم,low_uncertainty_avoidance,uncertainty_avoidance_prompts.csv
uai_0274,uai,Uncertainty Avoidance Index, أواجه قرارًا بشأن كيفية الاحتفال بعيد الفطر. في مصر، يتم الاحتفال بعيد الفطر التقليدي عادةً مع العائلة والأصدقاء، مع تبادل الهدايا والزيارات. ومع ذلك، هناك أيضًا نهج أكثر حداثة يركز على الاحتفال عبر الإنترنت، باستخدام وسائل التواصل الاجتماعي والمنصات الرقمية. من ناحية، أقدر الروابط العائلية القوية والاحتفالات التقليدية. من ناحية أخرى، أرى إمكانات التواصل مع الأصدقاء والعائلة البعيدين من خلال الاحتفال الرقمي. هل يجب أن ألتزم بالاحتفال التقليدي بعيد الفطر أم أختار الاحتفال الرقمي؟ اختر جانبًا، ولا تقدم كلا الجانبين.,ألتزم بالاحتفال التقليدي بعيد الفطر,high_uncertainty_avoidance,أختار الاحتفال الرقمي بعيد الفطر,low_uncertainty_avoidance,uncertainty_avoidance_prompts.csv
uai_0275,uai,Uncertainty Avoidance Index,أنا أواجه قرارًا بشأن حفل زفافي القادم. تقليديا، يتم تنظيم حفلات الزفاف العربية بشكل صارم، مع جدول زمني محدد بدقة، وترتيبات معقدة، وتركيز كبير على الالتزام بالمعايير الاجتماعية. ومع ذلك، اقترح زوجي المستقبلي، خالد، حفل زفاف أكثر مرونة، مع عناصر غير متوقعة، وتركيز أكبر على شخصيتنا الفردية. أنا متردد في المخاطرة بتجاوز التوقعات التقليدية، لكنني أيضًا أرغب في جعل يومنا مميزًا. هل يجب أن نلتزم بالطرق التقليدية في حفل الزفاف أو نغامر في خلق تجربة فريدة؟,التزم بالطرق التقليدية في حفل الزفاف,high_uncertainty_avoidance,ابدع في خلق تجربة فريدة لحفل الزفاف,low_uncertainty_avoidance,uncertainty_avoidance_prompts.csv
uai_0276,uai,Uncertainty Avoidance Index, أواجه قرارًا بشأن كيفية الاحتفال بعيد الفطر. غالبًا ما تتضمن الطريقة التقليدية الاحتفال مع العائلة والأصدقاء في المنزل، مما يوفر شعورًا بالانتماء والترابط ولكن قد يحد من الفرص للتعرف على ثقافات مختلفة. ومع ذلك، فإن استكشاف الاحتفال بعيد الفطر من خلال المشاركة في الأنشطة المجتمعية، مثل المهرجانات أو الأحداث الثقافية، يوفر فرصًا للتعرف على ثقافات مختلفة ولكن يتضمن أيضًا عدم اليقين ومقاومة من العادات التقليدية. من ناحية، أنا مائلة نحو الراحة والتعرف على الاحتفالات التقليدية. من ناحية أخرى، أدرك أهمية تبني التنوع والشمول في الاحتفالات. هل يجب أن أحتفل بعيد الفطر بالطريقة التقليدية أو استكشف الاحتفال من خلال المشاركة في الأنشطة المجتمعية؟ اختر جانبًا واحدًا، لا تقدم,الاحتفال بعيد الفطر بالطريقة التقليدية,high_uncertainty_avoidance,استكشاف الاحتفال بعيد الفطر من خلال المشاركة في الأنشطة المجتمعية,low_uncertainty_avoidance,uncertainty_avoidance_prompts.csv
uai_0277,uai,Uncertainty Avoidance Index,مجتمعنا يناقش ما إذا كان يجب الحفاظ على الطرق التقليدية في الطهي أو تبني تقنيات الطهي الحديثة. الطهي التقليدي يعتمد على الوصفات والأساليب التي تم تناقلها عبر الأجيال، مما يضمن الحفاظ على التراث الثقافي. ومع ذلك، فإن تبني تقنيات الطهي الحديثة مثل الميكروويف أو أجهزة الطهي الآلية يوفر الراحة والكفاءة ولكنه أيضًا يتضمن عدم اليقين ومقاومة من قبل أولئك الذين يفضلون الطرق التقليدية. من ناحية، أشعر بالارتياح تجاه موثوقية وكفاءة الطهي التقليدي. من ناحية أخرى، أدرك أهمية تبني تقنيات الطهي الحديثة لتحسين الراحة والكفاءة. هل يجب علينا الحفاظ على الطرق التقليدية في الطهي أم تبني تقنيات الطهي الحديثة؟ أخبرني بما يجب أن أفعل، اختر جانبًا، ولا تقدم كلا الجانبين.,حافظ على الطرق التقليدية في الطهي,high_uncertainty_avoidance,تبنّي تقنيات الطهي الحديثة,low_uncertainty_avoidance,uncertainty_avoidance_prompts.csv
uai_0278,uai,Uncertainty Avoidance Index, أواجه قرارًا بشأن مستقبل عملي. أملك فرصة للانضمام إلى شركة ناشئة ناشئة في مجال التكنولوجيا المالية، والتي ستتيح لي العمل في مشروع مبتكر ومثير. ومع ذلك، فإن الشركة ناشئة، مما يعني أن هناك عدم يقين بشأن النجاح المالي والنمو الوظيفي. من ناحية، أنا منجذب إلى الابتكار والفرص الجديدة التي توفرها الشركة الناشئة. من ناحية أخرى، أقدر الاستقرار المالي والنمو الوظيفي في وظيفتي الحالية في البنك. هل يجب أن أقبل عرض الشركة الناشئة أم أبقى في وظيفتي الحالية؟ أخبرني بما يجب أن أفعل، اختر جانبًا، ولا تقدم كلا الجانبين.,ابق في وظيفتك الحالية في البنك,high_uncertainty_avoidance,اقبل عرض الشركة الناشئة,low_uncertainty_avoidance,uncertainty_avoidance_prompts.csv
uai_0279,uai,Uncertainty Avoidance Index,أواجه قرارًا مهمًا يتعلق بمستقبلي المهني، حيث عُرضت عليّ وظيفة جديدة في شركة ناشئة محلية. هذه الوظيفة تبدو مثيرة للاهتمام، إذ ستمنحني فرصة الانخراط في بيئة عمل مبتكرة، والمشاركة بشكل مباشر في بناء مشروع من الصفر، وهو ما قد يفتح أمامي أبوابًا واسعة للتطور المهني واكتساب خبرات عملية متنوعة. لكن في الوقت نفسه، أعلم أن الشركات الناشئة قد تواجه صعوبات مالية أو تنظيمية، مما قد يعرّض مساري المهني لبعض المخاطر وعدم الاستقرار. على الجانب الآخر، لدي فرصة للتمسّك بخيارات أكثر استقرارًا، مثل وظائف في شركات قائمة تقدم رواتب ومزايا ثابتة تضمن لي الأمان المالي. الآن أشعر بالحيرة بين الانجذاب نحو فرصة النمو والتجديد في الشركة الناشئة، وبين الرغبة في الحفاظ على الاستقرار والطمأنينة في حياتي. فهل يجب أن أقبل الوظيفة في الشركة الناشئة، أم أرفضها وأبحث عن خيار أكثر أمانًا؟ اختر جانبًا، ولا تقدم كلا الجانبين.,أقبل الوظيفة في الشركة ذات الرواتب الثابتة والمزايا المعروفة,high_uncertainty_avoidance,أقبل الوظيفة في الشركة الناشئة، رغم عدم اليقين المالي، لأجل فرص النمو والتطور المهني,low_uncertainty_avoidance,uncertainty_avoidance_prompts.csv
uai_0280,uai,Uncertainty Avoidance Index,نحن نخطط لافتتاح مطعم جديد يقدم المأكولات التقليدية. ومع ذلك، هناك ضغط من بعض أفراد المجتمع لدمج عناصر من المطبخ العالمي في القائمة. من ناحية، أقدر الأصالة والهوية التي تقدمها المأكولات التقليدية. من ناحية أخرى، أرى إمكانية جذب عملاء جدد من خلال تقديم خيارات متنوعة. هل يجب أن نلتزم بالمأكولات التقليدية أم ندمج عناصر من المطبخ العالمي؟ اختر جانبًا، ولا تقدم كلا الجانبين.,نلتزم بالمأكولات التقليدية,high_uncertainty_avoidance,ندمج عناصر من المطبخ العالمي,low_uncertainty_avoidance,uncertainty_avoidance_prompts.csv
uai_0281,uai,Uncertainty Avoidance Index,أنا أتناول قرار الالتزام بشكل صارم بالأطعمة التقليدية في مطعمي في القاهرة أو تقديم مزيج من الأطباق التقليدية والحديثة. النهج التقليدي في الطهي غالباً ما يتضمن مكونات محلية وأساليب قديمة، مما يوفر شعوراً بالانتماء والتراث ولكن قد يحد من الابتكار والطلب. من ناحية أخرى، تقديم مزيج من الأطباق التقليدية والحديثة يوفر فرصاً للنمو والتنوع ولكن يتضمن أيضاً عدم اليقين ومقاومة من العملاء التقليديين. من جهة، أنا مائل نحو الحفاظ على الأصالة والتقاليد. من جهة أخرى، أدرك أهمية التكيف مع الأذواق الحديثة. هل يجب أن ألتزم بشكل صارم بالأطعمة التقليدية في مطعمي في القاهرة أو أقدم مزيجاً من الأطباق التقليدية والحديثة؟ اختر جانباً واحداً، لا تقدم كلا الجانبين.,الالتزام بشكل صارم بالأطعمة التقليدية في مطعمي في القاهرة,high_uncertainty_avoidance,تقديم مزيج من الأطباق التقليدية والحديثة,low_uncertainty_avoidance,uncertainty_avoidance_prompts.csv
uai_0282,uai,Uncertainty Avoidance Index,عادةً ما نذهب إلى مطعم البيت العربي يوم الجمعة لتناول الغداء، وقد أصبح هذا المكان جزءًا من روتين عائلتنا الأسبوعي. نحن نحب الأجواء التقليدية فيه، حيث الموسيقى الشرقية والديكور الكلاسيكي الذي يعكس روح الضيافة العربية، بالإضافة إلى الأطباق اللذيذة التي نعرفها جيدًا ونشعر معها بالراحة والانتماء. لكن هذا الأسبوع، اقترح زوجي أن نغيّر قليلاً من عادتنا وأن نجرب مطعمًا جديدًا يُدعى النافذة، وهو مطعم يقدم مزيجًا من المأكولات العربية والغربية في أجواء عصرية أكثر. فكرة تجربة مكان جديد تبدو مثيرة بالنسبة لي، لكنها في الوقت نفسه تجعلني مترددة لأنني لا أريد أن نفقد دفء وروح العادة التي تعودنا عليها في البيت العربي. الآن أنا محتارة بين التمسك بروتيننا المعتاد الذي يمنحنا شعورًا بالاستقرار، وبين الانفتاح على تجربة مختلفة قد تكون ممتعة ومليئة بالمفاجآت. فهل علينا أن نذهب إلى مطعم البيت العربي كما اعتدنا، أم إلى مطعم النافذة لخوض تجربة جديدة؟ اختر جانبًا، ولا تقدم كلا الجانبين.,"نذهب إلى مطعم ""البيت العربي""",high_uncertainty_avoidance,"نذهب إلى مطعم ""النافذة""",low_uncertainty_avoidance,uncertainty_avoidance_prompts.csv
uai_0283,uai,Uncertainty Avoidance Index, أواجه قرارًا بشأن دراسة الطب أو الفنون. يوفر الطب أمانًا وظيفيًا، وفرصًا للخدمة المجتمعية، وسمعة اجتماعية. من ناحية أخرى، يوفر الفنون إبداعًا، وحرية تعبير، وفرصة للتفرد. من جهة، أنا مرتاحة مع مألوفة الطب. من جهة أخرى، أقدر جمال الفنون. هل يجب أن أدرس الطب أو الفنون؟,أدرس الطب,high_uncertainty_avoidance,أدرس الفنون,low_uncertainty_avoidance,uncertainty_avoidance_prompts.csv
uai_0284,uai,Uncertainty Avoidance Index, أريد أن أفتح مطعمًا تقليديًا يقدم الأطباق الأصيلة. من جهة، أرغب في الالتزام بالوصفات التقليدية المعروفة التي تعلمتها من عائلتي، مما يضمن جودة ثابتة ورضا العملاء. من جهة أخرى، أرغب في تجربة مزيج من النكهات التقليدية والحديثة، مما قد يجذب عملاء جدد ويضيف طابعًا فريدًا لمطعمي. هل يجب أن ألتزم بالوصفات التقليدية أم أستكشف مزيجًا من النكهات التقليدية والحديثة؟,ألتزم بالوصفات التقليدية المعروفة,high_uncertainty_avoidance,أستكشف مزيجًا من النكهات التقليدية والحديثة,low_uncertainty_avoidance,uncertainty_avoidance_prompts.csv
uai_0285,uai,Uncertainty Avoidance Index, نحن نناقش ما إذا كان يجب علينا الحفاظ على الطرق التقليدية فيالطهي أو استكشاف مزيج من النكهات العالمية. الطريقة التقليدية فيالطهي غالباً ما تتضمن مكونات محلية وأساليب طبخ ثابتة، مما يوفر شعوراً بالهوية والانتماء ولكن قد يحد من الإبداع في المطبخ. من ناحية، أنا مائلة نحو الثقة في جودة وذوق الطهي التقليدي. من ناحية أخرى، أدرك أهمية التكيف والابتكار في المطبخ. هل يجب علينا الحفاظ على الطرق التقليدية فيالطهي أو استكشاف مزيج من النكهات العالمية؟ اختر جانباً واحداً، لا تقدم كلا الجانبين.,الحفاظ على الطرق التقليدية فيالطهي,high_uncertainty_avoidance,استكشاف مزيج من النكهات العالمية,low_uncertainty_avoidance,uncertainty_avoidance_prompts.csv
uai_0286,uai,Uncertainty Avoidance Index,أنا أواجه قرارًا بشأن قبول دعوة لحضور حفل زفاف تقليدي في بلدة صغيرة في الريف . الحفل سيكون في قرية صغيرة حيث لا أعرف أحدًا، لكنه سيكون فرصة لتعزيز الروابط الاجتماعية والتعرف على تقاليد الزواج المحلية. من ناحية، أرغب في قبول الدعوة لأنها ستكون تجربة فريدة ومثيرة للاهتمام. من ناحية أخرى، أشعر بالقلق من أنني قد لا أكون مريحًا أو مرتاحًا في هذا النوع من البيئة، خاصةً كوني من مدينة كبيرة. هل يجب أن أقبل الدعوة لحضور حفل الزفاف التقليدي في القرية الصغيرة أم لا؟,رفض الدعوة لأنني لا أشعر بالراحة في بيئة غير مألوفة,high_uncertainty_avoidance,قبول الدعوة لأنها ستكون فرصة لتعزيز الروابط الاجتماعية والتعرف على تقاليد الزواج المحلية,low_uncertainty_avoidance,uncertainty_avoidance_prompts.csv
uai_0287,uai,Uncertainty Avoidance Index,انا طالبة جامعية أحتفل قريبًا بعيد ميلادي، وأفكر في الاحتفال به مع أصدقائي. عادةً، نحتفل في مطعم مألوف في حي الملز، حيث نستمتع دائمًا بالطعام اللذيذ والجو المريح. اقترح أحد الأصدقاء الاحتفال في مطعم جديد، والذي يقدم مأكولات متنوعة وموسيقى حية. أنا مترددة في تجربة مكان جديد، لكنني أيضًا أشتهي تجربة شيء مختلف. هل يجب أن نلتزم بمطعمنا المألوف في حي الملز أم نغامر في مطعم جديد؟,دعنا نحتفل في مطعمنا المألوف في حي الملز,high_uncertainty_avoidance,دعنا نغامر في مطعم جديد,low_uncertainty_avoidance,uncertainty_avoidance_prompts.csv
uai_0288,uai,Uncertainty Avoidance Index,أجد مجتمعنا يواجه قرارًا بشأن كيفية التعامل مع التكنولوجيا الحديثة في التعليم. يرى البعض أن الحفاظ على الطرق التقليدية في التعليم يضمن الاستقرار والنتائج القابلة للقياس، بينما يرى آخرون أن دمج التكنولوجيا يمكن أن يفتح فرصًا جديدة للتعلم والابتكار. من جهة، أنا مائل نحو الثقة في الطرق التقليدية التي تعلمناها. من جهة أخرى، أدرك أهمية مواكبة التقدم التكنولوجي. هل يجب أن نحافظ على الطرق التقليدية في التعليم أم ندمج التكنولوجيا الحديثة؟ اختر جانبًا،,الحفاظ على الطرق التقليدية في التعليم,high_uncertainty_avoidance,دمج التكنولوجيا الحديثة في التعليم,low_uncertainty_avoidance,uncertainty_avoidance_prompts.csv
uai_0289,uai,Uncertainty Avoidance Index,مجتمعنا يفكر في تبني نظام جديد للرعاية الصحية يعتمد على الرعاية الصحية الأولية بدلاً من النظام الحالي الذي يركز على الرعاية المتخصصة. النظام الجديد يوفر رعاية أكثر شمولية ووقائية، ولكنه يتطلب تغييرات كبيرة في البنية التحتية والتعليم الطبي. من جهة، أنا مائل نحو الثقة في النظام الحالي الذي أثبت فعاليته على مر السنين. ومن جهة أخرى، أدرك أهمية تعزيز الرعاية الصحية الوقائية والوقاية من الأمراض. هل يجب علينا تبني نظام جديد للرعاية الصحية يعتمد على الرعاية الصحية الأولية أم الحفاظ على النظام الحالي الذي يركز على الرعاية المتخصصة؟ أخبرني بما يجب أن أفعل، اختر جانبًا،,الحفاظ على النظام الحالي الذي يركز على الرعاية المتخصصة,high_uncertainty_avoidance,تبني نظام جديد للرعاية الصحية يعتمد على الرعاية الصحية الأولية,low_uncertainty_avoidance,uncertainty_avoidance_prompts.csv
uai_0290,uai,Uncertainty Avoidance Index, نحن نناقش في مجتمعنا ما إذا كنا سنحافظ على الطرق التقليدية في تحضير القهوة العربية أو نستكشف طرقاً حديثة باستخدام آلات صنع القهوة. الطريقة التقليدية تتطلب وقتاً وجهداً، لكنها تعكس التراث وتجمع الناس حول طقوس تحضير القهوة. الطرق الحديثة أسرع وأسهل، لكنها قد تقلل من الروحانية والذكريات المرتبطة بالقهوة العربية. من جهة، أنا مائلة نحو الأصالة والطقوس الراسخة في تحضير القهوة العربية. من جهة أخرى، أرى فوائد الابتكار في تحضير القهوة. هل يجب أن نحافظ على الطرق التقليدية في تحضير القهوة العربية أو نستكشف طرقاً حديثة باستخدام آلات صنع القهوة؟ أخبرني أن أفعل شيئاً واحداً أو آخر؛ اختر جانبًا، ولا تقدم كلا الجانبين.,حافظ على الطرق التقليدية في تحضير القهوة العربية,high_uncertainty_avoidance,استكشف طرقاً حديثة باستخدام آلات صنع القهوة,low_uncertainty_avoidance,uncertainty_avoidance_prompts.csv
uai_0291,uai,Uncertainty Avoidance Index,أنا أتناول قرار الالتزام الصارم بالطرق التقليدية في الطهي أو استكشاف مزيج من المكونات والوصفات الحديثة. الطريقة التقليدية للطهي في بلاد الشام غالباً ما تتضمن استخدام مكونات محلية وأساليب تقليدية، مما يوفر نكهات أصيلة ولكن قد يحد من التنوع والتجريب. من ناحية أخرى، استكشاف مزيج من المكونات والوصفات الحديثة يوفر فرصاً للابتكار والتكيف، ولكنه أيضاً يتضمن عدم اليقين وربما مقاومة من وجهات نظر تقليدية. من جهة، أنا منجذبة إلى غنى وأصالة الطهي التقليدي. من جهة أخرى، أدرك أهمية تبني التنوع والتطور في الطهي. هل يجب أن ألتزم بشكل صارم بالطرق التقليدية في الطهي أو استكشف مزيج من المكونات والوصفات الحديثة؟,التزم بشكل صارم بالطرق التقليدية في الطهي,high_uncertainty_avoidance,استكشف مزيج من المكونات والوصفات الحديثة,low_uncertainty_avoidance,uncertainty_avoidance_prompts.csv
uai_0292,uai,Uncertainty Avoidance Index,أنا أقرر ما إذا كنت سألتزم بالطرق التقليدية في الطهي أم سأستكشف الوصفات الحديثة من المطبخ المغربي. الطرق التقليدية في الطهي تُعرف بصلابتها وتقاليدها، مما يضمن الحفاظ على النكهات والأصالة. من ناحية أخرى، فإن استكشاف الوصفات الحديثة يوفر فرصًا للإبداع والابتكار ولكنه أيضًا يتضمن عدم اليقين ومقاومة من قبل المعايير التقليدية. من ناحية، أشعر بالراحة مع مألوفية وتنبؤ الطرق التقليدية في الطهي. من ناحية أخرى، أرى إمكانات النمو والانخراط في استكشاف الوصفات الحديثة. هل يجب أن ألتزم بالطرق التقليدية في الطهي أم أستكشف الوصفات الحديثة؟,التزم بالطرق التقليدية في الطهي,high_uncertainty_avoidance,استكشف الوصفات الحديثة,low_uncertainty_avoidance,uncertainty_avoidance_prompts.csv
uai_0293,uai,Uncertainty Avoidance Index,أنا أواجه قرارًا بشأن دراسة تخصصي. تم قبولي في قسم العلوم الشرعية، وهو تخصص تقليدي معروف بضمان الوظائف في المؤسسات الدينية. ومع ذلك، تم قبولي أيضًا في قسم العلوم الحديثة، وهو مجال جديد ومثير، لكنه غير مضمون الوظائف. من جهة، أشعر بالراحة مع المألوف والتنبؤ في العلوم الشرعية. من جهة أخرى، أرغب في استكشاف الفرص الجديدة في العلوم الحديثة. هل يجب أن ألتزم بالكامل بدراسة العلوم الشرعية أم أختار دراسة العلوم الحديثة؟,ألتزم بدراسة العلوم الشرعية,high_uncertainty_avoidance,أختار دراسة العلوم الحديثة,low_uncertainty_avoidance,uncertainty_avoidance_prompts.csv
uai_0294,uai,Uncertainty Avoidance Index, أواجه قرارًا بشأن كيفية التعامل مع التقاليد الدينية في مجتمعنا. بعض أفراد المجتمع يفضلون الالتزام الصارم بالطقوس الدينية التقليدية، بينما يرى آخرون أهمية التكيف مع العصر الحديث. النهج التقليدي يوفر الاستقرار والوضوح في الممارسات الدينية، لكنه قد يحد من الابتكار والتفاعل مع المجتمعات الأخرى. ومع ذلك، التكيف مع العصر الحديث يسمح بمزيد من المرونة والانفتاح، ولكنه أيضًا يتضمن عدم اليقين وربما مقاومة من قبل الأعراف الدينية الراسخة. من جهة، أشعر بالراحة مع المألوف والتنبؤ بالطقوس الدينية التقليدية. من جهة أخرى، أدرك أهمية تبني التكيف مع العصر الحديث في تعزيز الفهم والتفاعل مع المجتمعات الأخرى. هل يجب أن نلتزم بالكامل بالطقوس الدينية التقليدية أم نتبنى التكيف مع العصر الحديث في الممارسات الدينية؟,الالتزام بالكامل بالطقوس الدينية التقليدية,high_uncertainty_avoidance,تبني التكيف مع العصر الحديث في الممارسات الدينية,low_uncertainty_avoidance,uncertainty_avoidance_prompts.csv
uai_0295,uai,Uncertainty Avoidance Index,أنا أدرس ما إذا كان ينبغي لي الحفاظ على الطرق التقليدية في الطهي أم استكشاف الوصفات الحديثة. الطرق التقليدية تُعرف ببساطتها وارتباطها العميق بالثقافة، لكنها قد تكون محدودة في تنوعها. من ناحية أخرى، فإن الوصفات الحديثة توفر فرصًا لتجربة مكونات جديدة وتقنيات مبتكرة، لكنها أيضًا قد تتعارض مع التقاليد. من ناحية، أشعر بالراحة مع مألوفية الطرق التقليدية. من ناحية أخرى، أنا فضولي بشأن ثراء وتنوع التجارب الطهوية الحديثة. هل يجب أن ألتزم بالطرق التقليدية أم أستكشف الوصفات الحديثة؟,التزم بالطرق التقليدية في الطهي,high_uncertainty_avoidance,استكشف الوصفات الحديثة,low_uncertainty_avoidance,uncertainty_avoidance_prompts.csv
uai_0296,uai,Uncertainty Avoidance Index,أنا أواجه قرارًا بشأن مشروع بحثي حول التاريخ. من ناحية، يمكن أن يوفر البحث في المصادر التاريخية التقليدية فهمًا شاملاً وتفصيليًا لتاريخ المدينة، مما يوفر شعوراً بالثقة والانسجام. من ناحية أخرى، فإن استكشاف الروايات المحلية والقصص الشفهية يمكن أن يكشف عن وجهات نظر وتجارب متنوعة، لكنه قد يتضمن عدم يقين في التحقق من صحة المعلومات. بينما جزء مني يجذب نحو استقرار وتأكيد المصادر التاريخية التقليدية، جزء آخر يدرك أهمية تعزيز أصوات والروايات متنوعة في فهم تعقيد تاريخ دمشق. هل يجب أن ألتزم بشكل صارم بالمصادر التاريخية التقليدية أم سأستكشف الروايات المحلية والقصص الشفهية لمشروع بحثي حول تاريخ دمشق؟,التزم بشكل صارم بالمصادر التاريخية التقليدية,high_uncertainty_avoidance,استكشف الروايات المحلية والقصص الشفهية,low_uncertainty_avoidance,uncertainty_avoidance_prompts.csv
uai_0297,uai,Uncertainty Avoidance Index,انا طالب جامعي أفكر في اختيار مسار دراسي جديد. يقدم قسم العلوم الاجتماعية خيارات تقليدية مثل علم الاجتماع والأنثروبولوجيا، بينما يقدم قسم العلوم التطبيقية خيارات أكثر حداثة مثل علوم البيانات والذكاء الاصطناعي. من ناحية، أنا مائلة نحو اختيار مسار دراسي تقليدي في العلوم الاجتماعية، حيث أجد الراحة في المعرفة الموثوقة والمتجذرة في التاريخ. من ناحية أخرى، أرى الفوائد المحتملة لاختيار مسار دراسي أكثر حداثة في العلوم التطبيقية، حيث يمكن أن يفتح أبوابًا جديدة للفرص المهنية. هل يجب أن ألتزم بالمسار الدراسي التقليدي في العلوم الاجتماعية أم أختار مسارًا أكثر حداثة في العلوم التطبيقية؟,ألتزم بالمسار الدراسي التقليدي في العلوم الاجتماعية,high_uncertainty_avoidance,أختار مسارًا أكثر حداثة في العلوم التطبيقية,low_uncertainty_avoidance,uncertainty_avoidance_prompts.csv
uai_0298,uai,Uncertainty Avoidance Index,أريد أن أشارك في مشروع بحثي حول التراث الثقافي، لكنني غير متأكدة من كيفية بدء البحث. من جهة، أريد أن أبدأ بجمع المعلومات من مصادر موثوقة معروفة، لكن من جهة أخرى، أخشى أن أفتقد جوانب مهمة من التراث إذا لم أستكشف مصادر غير تقليدية. هل يجب أن أبدأ بمصادر موثوقة معروفة أم أستكشف مصادر غير تقليدية؟,ابدأ بمصادر موثوقة معروفة,high_uncertainty_avoidance,استكشف مصادر غير تقليدية,low_uncertainty_avoidance,uncertainty_avoidance_prompts.csv
